Workbook

Sheet Данные организации
A1: организация | C1: ООО"Энергосистемы" | D1: ООО «Гефест» | E1: ООО "Энком" | G1: ПАО "Россети Московский регион"
A2: реквизиты | C2: ОГРН 1135044003709 ИНН 5044089069 КПП 504401001 | D2: ОГРН 1215000057238 ИНН 5044122213 КПП 504401001 | E2: ОГРН 1077762950055 ИНН 7743668640 КПП 770801001 | G2: ОГРН 1057746555811 ИНН 5036065113 КПП 772501001
A3: адрес | C3: 141508, Московская область, г.о. Солнечногорск, г. Солнечногорск, ул. Промышленная, стр. 5, помещение 179 | D3: 141508, Московская область, г.о. Солнечногорск, г Солнечногорск, ул Промышленная, строение 29А, корпус 1, офис 11 | E3: 107140, г.Москва, ул. Краснопрудная, д. 12/1, стр. 1, помещ. 1/6 | G3: 115114, город Москва, проезд Павелецкий 2-й, дом 3, строение 2
A4: район | G4: Солнечногорский р-н | I4: Химкинский р-н
G5: СРЭС филиала | I5: ХРЭС филиала
A6: директор | C6: И.о.генерального директора | D6: Генеральный директор | E6: Генеральный директор | G6: Начальник СРЭС СЭС филиала | I6: Начальник ХРЭС СЭС филиала
A7: директор ФИО | C7: Чернявская Н.Ю. | D7: Звездов Р.Е. | E7: Дандре Г.А. | G7: Чуев А.Н.
A8: Строй.контроль | B8: Инженер по строительному контролю | C8: Инженер по строительному контролю | D8: Специалист по строительному контролю | E8: Специалист по строительному контролю | G8: Гл. специалист ССК УКС | H8: Гл. специалист ССК УКС | I8: Гл. специалист ССК УКС
A9: Приказ стр.контр. | B9: Приказ № 13-ОТ/25 от 05 мая 2025 (НОСТРОЙ С-50-085497) | C9: Приказ № 18-ОТ/24 от 03 июня 2024 (НОСТРОЙ С-50-188017) | D9: Приказ №01/24-ОТ от 15.01.2024 (НРС № С-61-104369) | E9: НРС № С-77-286715 | G9: Приказ № от июля 2026г (НРС С-31-330248) | H9: Приказ №53 от 13 марта 2025г. (НРС С-50-77-262451) | I9: Приказ №1904 от 03 июня 2026г (НРС С-50-069023)
A10: ФИО стр.контр. | B10: Русин В.А. | C10: Капитонов Д.А. | D10: Саженова Л.В. | E10: Филлипов А.Ю. | G10: Курчин М.М. | H10: Шатковский А.Н. | I10: Алексанян Г.Р.
A11: Представитель
A12: ФИО предст.
A13: Геодезист | C13: Геодезист | D13: Геодезист | E13: Геодезист
A14: ФИО | C14: Андречик К.Л. | D14: Андречик К.Л. | E14: Авдошкин Р.А. | G14: Мастер СРЭС СЭС филиала | I14: -
G15: Курчин М.М. | I15: -
A18: Прораб | C18: Прораб | D18: Мастер электромонтажного участка | E18: Главный инженер
A19: Приказ прораб | C19: Приказ №05-ОТ/24 от 09.01.2024г | D19: Приказ №01/24-ОТ от 15.01.2024 | E19: Приказ № ОТ-25 от 12.01.2024
A20: ФИО прораб | C20: Волков М.Ю. | D20: Красилов К.А. | E20: Горбан Г.К.
A23: сцепленные организация | C23: =CONCATENATE(C2,",",C3) -> ОГРН 1135044003709 ИНН 5044089069 КПП 504401001,141508, Московская область, г.о. Солнечногорск, г. Солнечногорск, ул. Промышленная, стр. 5, помещение 179 | D23: =CONCATENATE(D2,",",D3) -> ОГРН 1215000057238 ИНН 5044122213 КПП 504401001,141508, Московская область, г.о. Солнечногорск, г Солнечногорск, ул Промышленная, строение 29А, корпус 1, офис 11 | G23: =CONCATENATE(G8," ",G1,"-",G10," .",G9) -> Гл. специалист ССК УКС ПАО "Россети Московский регион"-Курчин М.М. .Приказ № от июля 2026г (НРС С-31-330248) | H23: =CONCATENATE(H8," ",G1,"-",H10,".",H9) -> Гл. специалист ССК УКС ПАО "Россети Московский регион"-Шатковский А.Н..Приказ №53 от 13 марта 2025г. (НРС С-50-77-262451) | I23: =CONCATENATE(I8," ",G1,"-",I10," .",I9) -> Гл. специалист ССК УКС ПАО "Россети Московский регион"-Алексанян Г.Р. .Приказ №1904 от 03 июня 2026г (НРС С-50-069023)
A24: сцепленные организация | C24: =CONCATENATE(C1,",",C2,",",C3) -> ООО"Энергосистемы",ОГРН 1135044003709 ИНН 5044089069 КПП 504401001,141508, Московская область, г.о. Солнечногорск, г. Солнечногорск, ул. Промышленная, стр. 5, помещение 179 | D24: =CONCATENATE(D1,",",D2,",",D3) -> ООО «Гефест»,ОГРН 1215000057238 ИНН 5044122213 КПП 504401001,141508, Московская область, г.о. Солнечногорск, г Солнечногорск, ул Промышленная, строение 29А, корпус 1, офис 11 | G24: =CONCATENATE(G8," ",G1,"-",G10) -> Гл. специалист ССК УКС ПАО "Россети Московский регион"-Курчин М.М. | H24: =CONCATENATE(H8," ",G1,"-",H10) -> Гл. специалист ССК УКС ПАО "Россети Московский регион"-Шатковский А.Н. | I24: =CONCATENATE(I8," ",G1,"-",I10) -> Гл. специалист ССК УКС ПАО "Россети Московский регион"-Алексанян Г.Р.
C25: =CONCATENATE(C8," ",C1,"-",C10,".",C9) -> Инженер по строительному контролю ООО"Энергосистемы"-Капитонов Д.А..Приказ № 18-ОТ/24 от 03 июня 2024 (НОСТРОЙ С-50-188017) | D25: =CONCATENATE(D8," ",D1,"-",D10,".",D9) -> Специалист по строительному контролю ООО «Гефест»-Саженова Л.В..Приказ №01/24-ОТ от 15.01.2024 (НРС № С-61-104369) | G25: =CONCATENATE(G8," ",G1) -> Гл. специалист ССК УКС ПАО "Россети Московский регион" | H25: =CONCATENATE(H8," ",G1) -> Гл. специалист ССК УКС ПАО "Россети Московский регион" | I25: =CONCATENATE(I8," ",G1) -> Гл. специалист ССК УКС ПАО "Россети Московский регион"
C26: =CONCATENATE(C8," ",C1) -> Инженер по строительному контролю ООО"Энергосистемы" | D26: =CONCATENATE(D8," ",D1) -> Специалист по строительному контролю ООО «Гефест» | G26: =CONCATENATE(G6," ",G1," ",G7) -> Начальник СРЭС СЭС филиала ПАО "Россети Московский регион" Чуев А.Н. | I26: =CONCATENATE(I6," ",G1," ",I7) -> Начальник ХРЭС СЭС филиала ПАО "Россети Московский регион"
C27: =CONCATENATE(C18," ",C1,"-",C20,".",C19) -> Прораб ООО"Энергосистемы"-Волков М.Ю..Приказ №05-ОТ/24 от 09.01.2024г | D27: =CONCATENATE(D18," ",D1,"-",D20,".",D19) -> Мастер электромонтажного участка ООО «Гефест»-Красилов К.А..Приказ №01/24-ОТ от 15.01.2024 | G27: =CONCATENATE(G14," ",G1," ",G15) -> Мастер СРЭС СЭС филиала ПАО "Россети Московский регион" Курчин М.М. | I27: =CONCATENATE(I14," ",G1," ",I15) -> - ПАО "Россети Московский регион" -
C28: =CONCATENATE(C18," ",C1," ",C20) -> Прораб ООО"Энергосистемы" Волков М.Ю. | D28: =CONCATENATE(D18," ",D1,"-",D20) -> Мастер электромонтажного участка ООО «Гефест»-Красилов К.А. | G28: =CONCATENATE(G16," ",G1," ",G17) -> ПАО "Россети Московский регион"
C29: =CONCATENATE(C18," ",C1) -> Прораб ООО"Энергосистемы" | D29: =CONCATENATE(D18," ",D1) -> Мастер электромонтажного участка ООО «Гефест»

Sheet Данные объект
A1: Данные объекта
A2: № САП | B2: SAP - 315915
A3: Объект | B3: Строительство ТП-10/0,4кВ, КЛ-10 кВ от КЛ-10кВ ф. ЦРП-16 - Соколово – ТП-600, ВЛЗ-10 кВ от ВЛЗ-10кВ ф. ЦРП-16- Соколово – ТП-600 ПС №329 "Осиновка", КЛ-0,4 кВ, РЛР, ВРЩ-0,4 кВ, в т.ч. ПИР, МО, Солнечногорский р-н, Новинское лесничество квартал 29 выд. 27,31
A4: р-н | B4: Солнечногорский р-н
A5: Адрес | B5: р-н Солнечногорский, Новинское лесничество квартал 29 выд. 27,31
A6: Дата старт | B6: 07.04.2025
A7: Дата финиш | B7: 18.04.2025
A8: Наименование электроустановки
A9: ТП | B9: КТП №3865
A10: Монтажная организация
A11: Организация | B11: ООО"Энергосистемы" | C11: =CONCATENATE(B11," ",B12," ",B13) -> ООО"Энергосистемы" ОГРН 1135044003709 ИНН 5044089069 КПП 504401001 141508, Московская область, г.о. Солнечногорск, г. Солнечногорск, ул. Промышленная, стр. 5, помещение 179
A12: Реквизиты | B12: ОГРН 1135044003709 ИНН 5044089069 КПП 504401001
A13: адрес | B13: 141508, Московская область, г.о. Солнечногорск, г. Солнечногорск, ул. Промышленная, стр. 5, помещение 179
A14: Должность | B14: Генеральный директор
A15: ФИО | B15: Звездов Р.Е. | C15: =CONCATENATE(B14," ",B11," ",B15) -> Генеральный директор ООО"Энергосистемы" Звездов Р.Е.
A16: Должность | B16: Инженер по строительному контролю | C16: =CONCATENATE(B16," ",B11) -> Инженер по строительному контролю ООО"Энергосистемы"
A17: Ф.И.О. | B17: Капитонов Д.А. | C17: =CONCATENATE(B16," ",B11," ",B17) -> Инженер по строительному контролю ООО"Энергосистемы" Капитонов Д.А.
A18: Приказ | B18: Приказ № 18-ОТ/24 от 03 июня 2024 (НОСТРОЙ С-50-188017) | C18: =CONCATENATE(B16," ",B11," ",B17,", ",B18) -> Инженер по строительному контролю ООО"Энергосистемы" Капитонов Д.А., Приказ № 18-ОТ/24 от 03 июня 2024 (НОСТРОЙ С-50-188017)
A19: Должность | B19: Прораб | C19: =CONCATENATE(B19," ",B11) -> Прораб ООО"Энергосистемы"
A20: Ф.И.О. | B20: Красилов К.А. | C20: =CONCATENATE(B19," ",B11," ",B20) -> Прораб ООО"Энергосистемы" Красилов К.А.
A21: Приказ | B21: Приказ №05-ОТ/24 от 09 января 2024г | C21: =CONCATENATE(B19," ",B11," ",B20,", ",B21) -> Прораб ООО"Энергосистемы" Красилов К.А., Приказ №05-ОТ/24 от 09 января 2024г
A22: Заказчик
A23: Организация | B23: ПАО "Россети Московский регион" | C23: =CONCATENATE(B23," ",B24,",",B25) -> ПАО "Россети Московский регион" ОГРН 1057746555811 ИНН 5036065113 КПП 772501001,115114, город Москва, проезд Павелецкий 2-й, дом 3, строение 2
A24: Реквизиты | B24: ='[1]Данные организации'!F2 -> ОГРН 1057746555811 ИНН 5036065113 КПП 772501001
A25: адрес | B25: ='[1]Данные организации'!F3 -> 115114, город Москва, проезд Павелецкий 2-й, дом 3, строение 2
A26: Должность | B26: Начальник СРЭС СЭС филиала | C26: =CONCATENATE(B26," ",B23) -> Начальник СРЭС СЭС филиала ПАО "Россети Московский регион"
A27: Ф.И.О. | B27: Чуев А.Н. | C27: =CONCATENATE(B26," ",B23," ",B27) -> Начальник СРЭС СЭС филиала ПАО "Россети Московский регион" Чуев А.Н.
A28: Должность | B28: Гл. спец. сектора по льготным договорам тп | C28: =CONCATENATE(B28," ",B23) -> Гл. спец. сектора по льготным договорам тп ПАО "Россети Московский регион"
A29: Ф.И.О. | B29: Ефремкин Е.И. | C29: =CONCATENATE(B28," ",B23," ",B29) -> Гл. спец. сектора по льготным договорам тп ПАО "Россети Московский регион" Ефремкин Е.И.
A30: Должность | B30: Гл. специалист ПТГ | C30: =CONCATENATE(B30," ",B23) -> Гл. специалист ПТГ ПАО "Россети Московский регион"
A31: Ф.И.О. | B31: Царькова Н.К. | C31: =CONCATENATE(B30," ",B23," ",B31) -> Гл. специалист ПТГ ПАО "Россети Московский регион" Царькова Н.К.
A32: Должность | B32: Гл. специалист ССК УКС | C32: =CONCATENATE(B32," ",B23) -> Гл. специалист ССК УКС ПАО "Россети Московский регион"
A33: Ф.И.О. | B33: Алексанян Г.Р. | C33: =CONCATENATE(B32," ",B23," ",B33) -> Гл. специалист ССК УКС ПАО "Россети Московский регион" Алексанян Г.Р.
A34: Приказ | B34: Приказ №2363 от 29 июля 2025г (НРС С-50-069023) | C34: =CONCATENATE(B32," ",B23," ",B33,", ",B34) -> Гл. специалист ССК УКС ПАО "Россети Московский регион" Алексанян Г.Р., Приказ №2363 от 29 июля 2025г (НРС С-50-069023)
A35: Должность | B35: Мастер СРЭС СЭС филиала | C35: =CONCATENATE(B35," ",B23) -> Мастер СРЭС СЭС филиала ПАО "Россети Московский регион"
A36: Ф.И.О. | B36: Курчин М.М. | C36: =CONCATENATE(B35," ",B23," ",B36) -> Мастер СРЭС СЭС филиала ПАО "Россети Московский регион" Курчин М.М.
A37: Приказ | C37: =CONCATENATE(B35," ",B23," ",B36,", ",B37) -> Мастер СРЭС СЭС филиала ПАО "Россети Московский регион" Курчин М.М.,
A38: Проект
A39: Организация | B39: ООО"Энергосистемы"
A40: Реквизиты | B40: ОГРН 1135044003709 ИНН 5044089069 КПП 504401001
A41: адрес | B41: 141508, Московская область, г.о. Солнечногорск, г. Солнечногорск, ул. Промышленная, стр. 5, помещение 179
A42: Город | B42: г. Солнечногорск
A43: № | B43: 4844-315915-113-05/24
A44: Название | B44: =B3 -> Строительство ТП-10/0,4кВ, КЛ-10 кВ от КЛ-10кВ ф. ЦРП-16 - Соколово – ТП-600, ВЛЗ-10 кВ от ВЛЗ-10кВ ф. ЦРП-16- Соколово – ТП-600 ПС №329 "Осиновка", КЛ-0,4 кВ, РЛР, ВРЩ-0,4 кВ, в т.ч. ПИР, МО, Солнечногорский р-н, Новинское лесничество квартал 29 выд. 27,31
C45: Приказы Жижкевича и Хлебнова:
C49: №4516 от 28.12.2024
C50: №3560 от 24.10.2024
C51: №263 от 31.01.2024
C52: №2041 от 26.06.2023
C53: №1755 от 07.06.2023

Sheet АОСР-1
AJ1: Приказ Минстроя №344/пр от 16.05.2023
AJ2: приложение №3
A3: Объект капитального строительства
A4: ='Данные объект'!B3 -> Строительство ТП-10/0,4кВ, КЛ-10 кВ от КЛ-10кВ ф. ЦРП-16 - Соколово – ТП-600, ВЛЗ-10 кВ от ВЛЗ-10кВ ф. ЦРП-16- Соколово – ТП-600 ПС №329 "Осиновка", КЛ-0,4 кВ, РЛР, ВРЩ-0,4 кВ, в т.ч. ПИР, МО, Солнечногорский р-н, Новинское лесничество квартал 29 выд. 27,31
A5: ='Данные объект'!B9 -> КТП №3865
A6: (наименование объекта капитального строительства в соответствии с проектной документацией, почтовый или строительный адрес объекта капитального строительства)
A7: Застройщик, технический заказчик, лицо, ответственное за эксплуатацию здания, сооружения, или региональный оператор
A9: ='Данные объект'!B23 -> ПАО "Россети Московский регион"
A10: (фамилия, имя, отчество (последнее - при наличии), адрес места жительства, ОРГНИП, ИНН индивидуального предпринимателя, полное и (или) сокращенное наименование, ОГРН, ИНН, адрес юридического лица в пределах его нахождения, телефон или факс,
A11: ='Данные объект'!B24 -> ОГРН 1057746555811 ИНН 5036065113 КПП 772501001
A12: полное и (или) сокращенное наименование, ОГРН, ИНН саморегулируемой организации, членом которой является указанное юридическое лицо или индивидуальный предприниматель (за исключением случаев, когда членство в саморегулируемых организациях в области, строительства, реконструкции, капитального ремонта объектов капитального строительства не требуется); фамилия, имя, отчество
A13: ='Данные объект'!B25 -> 115114, город Москва, проезд Павелецкий 2-й, дом 3, строение 2
A14: (последнее - при наличии), паспортные данные, адрес места жительства, телефон или факс - для физических лиц, не являющихся индивидуальными предпринимателями)
A15: Лицо, осуществляющее строительство, реконструкцию, капитальный ремонт
A16: ='Данные объект'!B11 -> ООО"Энергосистемы"
A17: (фамилия, имя, отчество (последнее - при наличии), адрес места жительства, ОРГНИП, ИНН индивидуального предпринимателя,
A18: ='Данные объект'!B12 -> ОГРН 1135044003709 ИНН 5044089069 КПП 504401001
A19: полное и (или) сокращенное наименование, ОГРН, ИНН, адрес юридического лица в пределах его местонахождения, телефон или факс,
A20: ='Данные объект'!B13 -> 141508, Московская область, г.о. Солнечногорск, г. Солнечногорск, ул. Промышленная, стр. 5, помещение 179
A21: полное и (или) сокращенное наименование, ОГРН, ИНН саморегулируемой организации, членом которой является указанное юридическое лицо или индивидуальный предприниматель (за исключением случаев, когда членство в саморегулируемых организациях в области строительства, реконструкции, капитального ремонта объектов капитального строительства не требуется)
A22: Лицо, осуществляющее подготовку проектной документации
A23: ='Данные объект'!B39 -> ООО"Энергосистемы"
A24: (фамилия, имя, отчество (последнее - при наличии), адрес места жительства, ОРГНИП, ИНН индивидуального предпринимателя,
A25: ='Данные объект'!B40 -> ОГРН 1135044003709 ИНН 5044089069 КПП 504401001
A26: полное и (или) сокращенное наименование, ОГРН, ИНН, адрес юридического лица в пределах его места нахождения, телефон или факс,
A27: ='Данные объект'!B41 -> 141508, Московская область, г.о. Солнечногорск, г. Солнечногорск, ул. Промышленная, стр. 5, помещение 179
A28: полное и (или) сокращенное наименование, ОГРН, ИНН саморегулируемой организации, членом которой является указанное юридическое лицо или индивидуальный предприниматель (за исключением случаев, когда членство в саморегулируемых организациях в области архитектурно-строительного проектирования не требуется)
A30: АКТ
A31: освидетельствования скрытых работ
B33: № | C33: 1 | E33: /ТП | AB33: =P76 -> 18.04.2025 | AJ33: г.
AB34: (дата составления акта)
A36: Представитель застройщика, технического заказчика, лица, ответственного за эксплуатацию здания, сооружения, или регионального оператора по вопросам строительного контроля
A37: ='Данные объект'!C34 -> Гл. специалист ССК УКС ПАО "Россети Московский регион" Алексанян Г.Р., Приказ №2363 от 29 июля 2025г (НРС С-50-069023)
A38: (должность (при наличии), фамилия, инициалы, идентификационный номер в национальном реестре специалистов в области строительства (за исключением случаев, когда членство в саморегулируемых организациях в области строительства, реконструкции, капитального ремонта обектов капитального строительства не требуется), реквизиты распоряительного документа, подтверждающего полномочия,
A39: ='Данные объект'!C23 -> ПАО "Россети Московский регион" ОГРН 1057746555811 ИНН 5036065113 КПП 772501001,115114, город Москва, проезд Павелецкий 2-й, дом 3, строение 2
A40: с указанием полного и (или) сокращенного наименования, ОГРН, ИНН, адреса юридического лица в пределах его места нахождения (в случае осуществления строительного контроля на основании договора с застройщиком или техническим заказчиком), фамилии, имени, отчества (последнее - при наличии), адреса места жительства, ОГРНИП, ИНН индивиуального предпринимателя (в случае осуществления строительного контроля на основании договора с застройщиком или техническим заказчиком)
A41: Представитель лица, осуществляющего строительство, реконструкцию, капитальный ремонт
A42: ='Данные объект'!C21 -> Прораб ООО"Энергосистемы" Красилов К.А., Приказ №05-ОТ/24 от 09 января 2024г
A43: (должность (при наличии), фамилия, инициалы, реквизиты распорядительного документа, подтверждающего полномочия)
A44: Представитель лица, осуществляющего строительство, реконструкцию, капитальный ремонт, по вопросам строительного контроля
A45: ='Данные объект'!C18 -> Инженер по строительному контролю ООО"Энергосистемы" Капитонов Д.А., Приказ № 18-ОТ/24 от 03 июня 2024 (НОСТРОЙ С-50-188017)
A46: (должность (при наличии), фамилия, инициалы, идентификационный номер в национальном реестре специалистов в области строительства (за исключением случаев, когда членство в саморегулируемых организациях в области строительства, реконструкции, капитального ремонта обектов капитального строительства не требуется), реквизиты распоряительного документа, подтверждающего полномочия)
A47: А также иные представители лиц, участвующих в освидетельствовании:
A48: ='Данные объект'!$C$36 -> Мастер СРЭС СЭС филиала ПАО "Россети Московский регион" Курчин М.М.
A49: (должность (при наличии), фамилия, инициалы, реквизиты распорядительного документа, подтверждающего полномочия)
A50: Представитель лица, осуществляющего подготовку проектной документации (в случае привлечения застройщиком лица, осуществляющего подготовку проектной документации, для проверки соответствия выполняемых работ проектной документации согласно части 2 статьи 53 Градостроительного кодекса Российской Федерации)
A51: -
A52: (должность (при наличии), фамилия, инициалы, реквизиты распорядительного документа, подтверждающего полномочия, с указанием полного и (или) сокращенного наименования, ОГРН, ИНН, адреса юридического лица в пределах его места нахождения, фамилии, имени, отчества (последнее - при наличии), адреса места жительства, ОГРНИП, ИНН индивиуального предпринимателя)
A53: Представитель лица, выполнившего работы, подлежащие освидетельствованию (в случае выполнения работ по договорам о строительстве, реконcтрукции, капитальном ремонте объектов капитального строительства, заключенным с иными лицами)
A54: =CONCATENATE(#REF!,", ",#REF!," - ",#REF!) -> #REF!
A55: (должность (при наличии), фамилия, инициалы, реквизиты распорядительного документа, подтверждающего полномочия,
A57: с указанием полного и (или) сокращенного наименования, ОГРН, ИНН, адреса юридического лица в пределах его места нахождения, фамилии, имени, отчества (последнее - при наличии), адреса места жительства, ОРГНИП, ИНН индивидуального предпринимателя)
A58: произвели осмотр работ, выполненных
A59: ='Данные объект'!B11 -> ООО"Энергосистемы"
A60: (полное и (или) сокращенное наименование или фамилия, имя, отчество (последнее - при наличии) лица, выполнившего работы, подлежащие освидетельствованию)
A61: и составили настоящий акт о нижеследующем:
A62: 1. К освидетельствованию предъявлены следующие работы:
A63: Выемка грунта под монтаж фундамента | N63: ='Данные объект'!B9 -> КТП №3865 | U63: , | V63: 4.28 | X63: м3
A64: (наименование скрытых работ)
A65: 2. Работы выполнены по проектной документации
A66: ='Данные объект'!B43 -> 4844-315915-113-05/24
A67: (номер, другие реквизиты чертежа, наименование проектной и/или рабочей документации, сведения о лицах, осуществляющих подготовку раздела проектной и/или рабочей документации)
A68: 3. При выполнении работ применены | L68: -
A69: (наименования строительных материалов (изделий), реквизиты сертификатов и (или) других документов, подтверждающих их качество и безопасность, в случае если необходимо указывать более 5 документов, указывается ссылка на их реестр, который является неотъемлемой частью акта)
A70: 4. Предъявлены документы, подтверждающие соответствие работ предъявляемым к ним
A71: требованиям: | G71: Исполнительная схема устройства фундамента
G72: (исполнительные схемы и чертежи, результаты экспертиз, обследований, лабораторных и иных испытаний выполненных работ, проведенных в процессе строительного контроля)
A75: 5. Даты: начала работ | P75: ='Данные объект'!B6 -> 07.04.2025 | X75: г.
A76: окончания работ | P76: ='Данные объект'!B7 -> 18.04.2025 | X76: г.
A78: 6. Работы выполнены в соответствии с
A79: Электромонтажные работы выполнены по проектной документации согласно требованиям СП 76.13330.2016 и ПУЭ
A80: (наименования и структурные единицы технических регламентов, иных нормативных правовых актов, разделы проектной и (или) рабочей документации)
A81: 7. Разрешается производство последующих работ
A82: Песчаное основание под фундамент ТП
A83: (наименование работ, строительных конструкций, участков сетей инженерно-технического обеспечения)
A84: Дополнительные сведения | L84: -
A86: Акт составлен в | H86: 1 | J86: экземплярах (в случае заполнения акта на бумажном носителе).
A88: Приложения:
A89: 1. | B89: =G71 -> Исполнительная схема устройства фундамента | W89: - | X89: 1 лист
A90: (исполнительные схемы и чертежи, результаты экспертиз, обследований, лабораторных и иных испытаний)
A92: Представитель застройщика, технического заказчика, лица, ответственного за эксплуатацию
A93: здания, сооружения, или регионального оператора по вопросам строительного контроля
A94: ='Данные объект'!B33 -> Алексанян Г.Р.
A95: (фамилия, инициалы) | AB95: (подпись)
A96: Представитель лица, осуществляющего строительство, реконструкцию, капитальный ремонт
A97: ='Данные объект'!B20 -> Красилов К.А.
A98: (фамилия, инициалы) | AB98: (подпись)
A99: Представитель лица, осуществляющего строительство, реконструкцию, капитальный ремонт,
A100: по вопросам строительного контроля
A101: ='Данные объект'!B17 -> Капитонов Д.А.
A102: (фамилия, инициалы) | AB102: (подпись)
A103: Представители иных лиц:
A104: ='Данные объект'!$B$36 -> Курчин М.М.
A105: (фамилия, инициалы) | AB105: (подпись)
A106: Представитель лица, осуществляющего подготовку проектной документации (в случае привлечения застройщиком лица, осуществляющего подготовку проектной документации, для проверки соответствия выполняемых работ проектной документации согласно части 2 статьи 53 Градостроительного кодекса Российской Федерации)
A107: - | AB107: -
A108: (фамилия, инициалы) | AB108: (подпись)
A109: Представитель лица, выполнившего работы, подлежащие освидетельствованию (в случае выполнения работ по договорам о строительстве, реконcтрукции, капитальном ремонте объектов капитального строительства, заключенным с иными лицами)
A110: =#REF! -> #REF!
A111: (фамилия, инициалы) | AB111: (подпись)

Sheet АОСР-2
AJ1: Приказ Минстроя №344/пр от 16.05.2023
AJ2: приложение №3
A3: Объект капитального строительства
A4: ='Данные объект'!B3 -> Строительство ТП-10/0,4кВ, КЛ-10 кВ от КЛ-10кВ ф. ЦРП-16 - Соколово – ТП-600, ВЛЗ-10 кВ от ВЛЗ-10кВ ф. ЦРП-16- Соколово – ТП-600 ПС №329 "Осиновка", КЛ-0,4 кВ, РЛР, ВРЩ-0,4 кВ, в т.ч. ПИР, МО, Солнечногорский р-н, Новинское лесничество квартал 29 выд. 27,31
A5: ='Данные объект'!B9 -> КТП №3865
A6: (наименование объекта капитального строительства в соответствии с проектной документацией, почтовый или строительный адрес объекта капитального строительства)
A7: Застройщик, технический заказчик, лицо, ответственное за эксплуатацию здания, сооружения, или региональный оператор
A9: ='Данные объект'!B23 -> ПАО "Россети Московский регион"
A10: (фамилия, имя, отчество (последнее - при наличии), адрес места жительства, ОРГНИП, ИНН индивидуального предпринимателя, полное и (или) сокращенное наименование, ОГРН, ИНН, адрес юридического лица в пределах его нахождения, телефон или факс,
A11: ='Данные объект'!B24 -> ОГРН 1057746555811 ИНН 5036065113 КПП 772501001
A12: полное и (или) сокращенное наименование, ОГРН, ИНН саморегулируемой организации, членом которой является указанное юридическое лицо или индивидуальный предприниматель (за исключением случаев, когда членство в саморегулируемых организациях в области, строительства, реконструкции, капитального ремонта объектов капитального строительства не требуется); фамилия, имя, отчество
A13: ='Данные объект'!B25 -> 115114, город Москва, проезд Павелецкий 2-й, дом 3, строение 2
A14: (последнее - при наличии), паспортные данные, адрес места жительства, телефон или факс - для физических лиц, не являющихся индивидуальными предпринимателями)
A15: Лицо, осуществляющее строительство, реконструкцию, капитальный ремонт
A16: ='Данные объект'!B11 -> ООО"Энергосистемы"
A17: (фамилия, имя, отчество (последнее - при наличии), адрес места жительства, ОРГНИП, ИНН индивидуального предпринимателя,
A18: ='Данные объект'!B12 -> ОГРН 1135044003709 ИНН 5044089069 КПП 504401001
A19: полное и (или) сокращенное наименование, ОГРН, ИНН, адрес юридического лица в пределах его местонахождения, телефон или факс,
A20: ='Данные объект'!B13 -> 141508, Московская область, г.о. Солнечногорск, г. Солнечногорск, ул. Промышленная, стр. 5, помещение 179
A21: полное и (или) сокращенное наименование, ОГРН, ИНН саморегулируемой организации, членом которой является указанное юридическое лицо или индивидуальный предприниматель (за исключением случаев, когда членство в саморегулируемых организациях в области строительства, реконструкции, капитального ремонта объектов капитального строительства не требуется)
A22: Лицо, осуществляющее подготовку проектной документации
A23: ='Данные объект'!B39 -> ООО"Энергосистемы"
A24: (фамилия, имя, отчество (последнее - при наличии), адрес места жительства, ОРГНИП, ИНН индивидуального предпринимателя,
A25: ='Данные объект'!B40 -> ОГРН 1135044003709 ИНН 5044089069 КПП 504401001
A26: полное и (или) сокращенное наименование, ОГРН, ИНН, адрес юридического лица в пределах его места нахождения, телефон или факс,
A27: ='Данные объект'!B41 -> 141508, Московская область, г.о. Солнечногорск, г. Солнечногорск, ул. Промышленная, стр. 5, помещение 179
A28: полное и (или) сокращенное наименование, ОГРН, ИНН саморегулируемой организации, членом которой является указанное юридическое лицо или индивидуальный предприниматель (за исключением случаев, когда членство в саморегулируемых организациях в области архитектурно-строительного проектирования не требуется)
A30: АКТ
A31: освидетельствования скрытых работ
B33: № | C33: ='АОСР-1'!C33+1 -> 2 | E33: /ТП | AB33: =P79 -> 18.04.2025 | AJ33: г.
AB34: (дата составления акта)
A36: Представитель застройщика, технического заказчика, лица, ответственного за эксплуатацию здания, сооружения, или регионального оператора по вопросам строительного контроля
A37: ='Данные объект'!C34 -> Гл. специалист ССК УКС ПАО "Россети Московский регион" Алексанян Г.Р., Приказ №2363 от 29 июля 2025г (НРС С-50-069023)
A38: (должность (при наличии), фамилия, инициалы, идентификационный номер в национальном реестре специалистов в области строительства (за исключением случаев, когда членство в саморегулируемых организациях в области строительства, реконструкции, капитального ремонта обектов капитального строительства не требуется), реквизиты распоряительного документа, подтверждающего полномочия,
A39: ='Данные объект'!C23 -> ПАО "Россети Московский регион" ОГРН 1057746555811 ИНН 5036065113 КПП 772501001,115114, город Москва, проезд Павелецкий 2-й, дом 3, строение 2
A40: с указанием полного и (или) сокращенного наименования, ОГРН, ИНН, адреса юридического лица в пределах его места нахождения (в случае осуществления строительного контроля на основании договора с застройщиком или техническим заказчиком), фамилии, имени, отчества (последнее - при наличии), адреса места жительства, ОГРНИП, ИНН индивиуального предпринимателя (в случае осуществления строительного контроля на основании договора с застройщиком или техническим заказчиком)
A41: Представитель лица, осуществляющего строительство, реконструкцию, капитальный ремонт
A42: ='Данные объект'!C21 -> Прораб ООО"Энергосистемы" Красилов К.А., Приказ №05-ОТ/24 от 09 января 2024г
A43: (должность (при наличии), фамилия, инициалы, реквизиты распорядительного документа, подтверждающего полномочия)
A44: Представитель лица, осуществляющего строительство, реконструкцию, капитальный ремонт, по вопросам строительного контроля
A45: ='Данные объект'!C18 -> Инженер по строительному контролю ООО"Энергосистемы" Капитонов Д.А., Приказ № 18-ОТ/24 от 03 июня 2024 (НОСТРОЙ С-50-188017)
A46: (должность (при наличии), фамилия, инициалы, идентификационный номер в национальном реестре специалистов в области строительства (за исключением случаев, когда членство в саморегулируемых организациях в области строительства, реконструкции, капитального ремонта обектов капитального строительства не требуется), реквизиты распоряительного документа, подтверждающего полномочия)
A47: А также иные представители лиц, участвующих в освидетельствовании:
A48: ='Данные объект'!$C$36 -> Мастер СРЭС СЭС филиала ПАО "Россети Московский регион" Курчин М.М.
A49: (должность (при наличии), фамилия, инициалы, реквизиты распорядительного документа, подтверждающего полномочия)
A50: Представитель лица, осуществляющего подготовку проектной документации (в случае привлечения застройщиком лица, осуществляющего подготовку проектной документации, для проверки соответствия выполняемых работ проектной документации согласно части 2 статьи 53 Градостроительного кодекса Российской Федерации)
A51: -
A52: (должность (при наличии), фамилия, инициалы, реквизиты распорядительного документа, подтверждающего полномочия, с указанием полного и (или) сокращенного наименования, ОГРН, ИНН, адреса юридического лица в пределах его места нахождения, фамилии, имени, отчества (последнее - при наличии), адреса места жительства, ОГРНИП, ИНН индивиуального предпринимателя)
A53: Представитель лица, выполнившего работы, подлежащие освидетельствованию (в случае выполнения работ по договорам о строительстве, реконcтрукции, капитальном ремонте объектов капитального строительства, заключенным с иными лицами)
A54: =CONCATENATE(#REF!,", ",#REF!," - ",#REF!) -> #REF!
A55: (должность (при наличии), фамилия, инициалы, реквизиты распорядительного документа, подтверждающего полномочия,
A57: с указанием полного и (или) сокращенного наименования, ОГРН, ИНН, адреса юридического лица в пределах его места нахождения, фамилии, имени, отчества (последнее - при наличии), адреса места жительства, ОРГНИП, ИНН индивидуального предпринимателя)
A58: произвели осмотр работ, выполненных
A59: ='Данные объект'!B11 -> ООО"Энергосистемы"
A60: (полное и (или) сокращенное наименование или фамилия, имя, отчество (последнее - при наличии) лица, выполнившего работы, подлежащие освидетельствованию)
A61: и составили настоящий акт о нижеследующем:
A62: 1. К освидетельствованию предъявлены следующие работы:
A63: Песчаное основание под монтаж фундамента | P63: ='Данные объект'!B9 -> КТП №3865 | S63: , | T63: ='АОСР-1'!V63 -> 4.28 | V63: м3
A64: (наименование скрытых работ)
A65: 2. Работы выполнены по проектной документации
A66: ='Данные объект'!B43 -> 4844-315915-113-05/24
A67: (номер, другие реквизиты чертежа, наименование проектной и/или рабочей документации, сведения о лицах, осуществляющих подготовку раздела проектной и/или рабочей документации)
A68: 3. При выполнении работ применены
P69: (наименования строительных материалов (изделий),
A70: Песок - | D70: =T63 -> 4.28 | F70: м3 | H70: / | I70: Паспорт качества № 1925 от 15.01.2025г.
A71: реквизиты сертификатов и (или) других документов, подтверждающих их качество и безопасность, в случае если необходимо указывать более 5 документов, указывается ссылка на их реестр, который является неотъемлемой частью акта)
A72: 4. Предъявлены документы, подтверждающие соответствие работ предъявляемым к ним
A73: требованиям: | G73: Исполнительная схема устройства фундамента
G74: (исполнительные схемы и чертежи, результаты экспертиз, обследований, лабораторных
A76: и иных испытаний выполненных работ, проведенных в процессе строительного контроля)
A78: 5. Даты: начала работ | P78: ='Данные объект'!B6 -> 07.04.2025 | X78: г.
A79: окончания работ | P79: ='Данные объект'!B7 -> 18.04.2025 | X79: г.
A81: 6. Работы выполнены в соответствии с
A82: Электромонтажные работы выполнены по проектной документации согласно требованиям СП 76.13330.2016 и ПУЭ
A83: (наименования и структурные единицы технических регламентов, иных нормативных правовых актов, разделы проектной и (или) рабочей документации)
A84: 7. Разрешается производство последующих работ
A85: Щебеночное основание под фундамент ТП
A86: (наименование работ, строительных конструкций, участков сетей инженерно-технического обеспечения)
A87: Дополнительные сведения | L87: -
A89: Акт составлен в | H89: 1 | J89: экземплярах (в случае заполнения акта на бумажном носителе).
A91: Приложения:
A92: 1. | B92: =G73 -> Исполнительная схема устройства фундамента | W92: - | X92: 1 лист
A93: 2. | B93: =I70 -> Паспорт качества № 1925 от 15.01.2025г. | W93: - | X93: 1 лист
A94: (исполнительные схемы и чертежи, результаты экспертиз, обследований, лабораторных и иных испытаний)
A96: Представитель застройщика, технического заказчика, лица, ответственного за эксплуатацию
A97: здания, сооружения, или регионального оператора по вопросам строительного контроля
A98: ='Данные объект'!B33 -> Алексанян Г.Р.
A99: (фамилия, инициалы) | AB99: (подпись)
A100: Представитель лица, осуществляющего строительство, реконструкцию, капитальный ремонт
A101: ='Данные объект'!B20 -> Красилов К.А.
A102: (фамилия, инициалы) | AB102: (подпись)
A103: Представитель лица, осуществляющего строительство, реконструкцию, капитальный ремонт,
A104: по вопросам строительного контроля
A105: ='Данные объект'!B17 -> Капитонов Д.А.
A106: (фамилия, инициалы) | AB106: (подпись)
A107: Представители иных лиц:
A108: ='Данные объект'!$B$36 -> Курчин М.М.
A109: (фамилия, инициалы) | AB109: (подпись)
A110: Представитель лица, осуществляющего подготовку проектной документации (в случае привлечения застройщиком лица, осуществляющего подготовку проектной документации, для проверки соответствия выполняемых работ проектной документации согласно части 2 статьи 53 Градостроительного кодекса Российской Федерации)
A111: - | AB111: -
...

Sheet АОСР-3
AJ1: Приказ Минстроя №344/пр от 16.05.2023
AJ2: приложение №3
A3: Объект капитального строительства
A4: ='Данные объект'!B3 -> Строительство ТП-10/0,4кВ, КЛ-10 кВ от КЛ-10кВ ф. ЦРП-16 - Соколово – ТП-600, ВЛЗ-10 кВ от ВЛЗ-10кВ ф. ЦРП-16- Соколово – ТП-600 ПС №329 "Осиновка", КЛ-0,4 кВ, РЛР, ВРЩ-0,4 кВ, в т.ч. ПИР, МО, Солнечногорский р-н, Новинское лесничество квартал 29 выд. 27,31
A5: ='Данные объект'!B9 -> КТП №3865
A6: (наименование объекта капитального строительства в соответствии с проектной документацией, почтовый или строительный адрес объекта капитального строительства)
A7: Застройщик, технический заказчик, лицо, ответственное за эксплуатацию здания, сооружения, или региональный оператор
A9: ='Данные объект'!B23 -> ПАО "Россети Московский регион"
A10: (фамилия, имя, отчество (последнее - при наличии), адрес места жительства, ОРГНИП, ИНН индивидуального предпринимателя, полное и (или) сокращенное наименование, ОГРН, ИНН, адрес юридического лица в пределах его нахождения, телефон или факс,
A11: ='Данные объект'!B24 -> ОГРН 1057746555811 ИНН 5036065113 КПП 772501001
A12: полное и (или) сокращенное наименование, ОГРН, ИНН саморегулируемой организации, членом которой является указанное юридическое лицо или индивидуальный предприниматель (за исключением случаев, когда членство в саморегулируемых организациях в области, строительства, реконструкции, капитального ремонта объектов капитального строительства не требуется); фамилия, имя, отчество
A13: ='Данные объект'!B25 -> 115114, город Москва, проезд Павелецкий 2-й, дом 3, строение 2
A14: (последнее - при наличии), паспортные данные, адрес места жительства, телефон или факс - для физических лиц, не являющихся индивидуальными предпринимателями)
A15: Лицо, осуществляющее строительство, реконструкцию, капитальный ремонт
A16: ='Данные объект'!B11 -> ООО"Энергосистемы"
A17: (фамилия, имя, отчество (последнее - при наличии), адрес места жительства, ОРГНИП, ИНН индивидуального предпринимателя,
A18: ='Данные объект'!B12 -> ОГРН 1135044003709 ИНН 5044089069 КПП 504401001
A19: полное и (или) сокращенное наименование, ОГРН, ИНН, адрес юридического лица в пределах его местонахождения, телефон или факс,
A20: ='Данные объект'!B13 -> 141508, Московская область, г.о. Солнечногорск, г. Солнечногорск, ул. Промышленная, стр. 5, помещение 179
A21: полное и (или) сокращенное наименование, ОГРН, ИНН саморегулируемой организации, членом которой является указанное юридическое лицо или индивидуальный предприниматель (за исключением случаев, когда членство в саморегулируемых организациях в области строительства, реконструкции, капитального ремонта объектов капитального строительства не требуется)
A22: Лицо, осуществляющее подготовку проектной документации
A23: ='Данные объект'!B39 -> ООО"Энергосистемы"
A24: (фамилия, имя, отчество (последнее - при наличии), адрес места жительства, ОРГНИП, ИНН индивидуального предпринимателя,
A25: ='Данные объект'!B40 -> ОГРН 1135044003709 ИНН 5044089069 КПП 504401001
A26: полное и (или) сокращенное наименование, ОГРН, ИНН, адрес юридического лица в пределах его места нахождения, телефон или факс,
A27: ='Данные объект'!B41 -> 141508, Московская область, г.о. Солнечногорск, г. Солнечногорск, ул. Промышленная, стр. 5, помещение 179
A28: полное и (или) сокращенное наименование, ОГРН, ИНН саморегулируемой организации, членом которой является указанное юридическое лицо или индивидуальный предприниматель (за исключением случаев, когда членство в саморегулируемых организациях в области архитектурно-строительного проектирования не требуется)
A30: АКТ
A31: освидетельствования скрытых работ
B33: № | C33: ='АОСР-2'!C33+1 -> 3 | E33: /ТП | AB33: =P79 -> 18.04.2025 | AJ33: г.
AB34: (дата составления акта)
A36: Представитель застройщика, технического заказчика, лица, ответственного за эксплуатацию здания, сооружения, или регионального оператора по вопросам строительного контроля
A37: ='Данные объект'!C34 -> Гл. специалист ССК УКС ПАО "Россети Московский регион" Алексанян Г.Р., Приказ №2363 от 29 июля 2025г (НРС С-50-069023)
A38: (должность (при наличии), фамилия, инициалы, идентификационный номер в национальном реестре специалистов в области строительства (за исключением случаев, когда членство в саморегулируемых организациях в области строительства, реконструкции, капитального ремонта обектов капитального строительства не требуется), реквизиты распоряительного документа, подтверждающего полномочия,
A39: ='Данные объект'!C23 -> ПАО "Россети Московский регион" ОГРН 1057746555811 ИНН 5036065113 КПП 772501001,115114, город Москва, проезд Павелецкий 2-й, дом 3, строение 2
A40: с указанием полного и (или) сокращенного наименования, ОГРН, ИНН, адреса юридического лица в пределах его места нахождения (в случае осуществления строительного контроля на основании договора с застройщиком или техническим заказчиком), фамилии, имени, отчества (последнее - при наличии), адреса места жительства, ОГРНИП, ИНН индивиуального предпринимателя (в случае осуществления строительного контроля на основании договора с застройщиком или техническим заказчиком)
A41: Представитель лица, осуществляющего строительство, реконструкцию, капитальный ремонт
A42: ='Данные объект'!C21 -> Прораб ООО"Энергосистемы" Красилов К.А., Приказ №05-ОТ/24 от 09 января 2024г
A43: (должность (при наличии), фамилия, инициалы, реквизиты распорядительного документа, подтверждающего полномочия)
A44: Представитель лица, осуществляющего строительство, реконструкцию, капитальный ремонт, по вопросам строительного контроля
A45: ='Данные объект'!C18 -> Инженер по строительному контролю ООО"Энергосистемы" Капитонов Д.А., Приказ № 18-ОТ/24 от 03 июня 2024 (НОСТРОЙ С-50-188017)
A46: (должность (при наличии), фамилия, инициалы, идентификационный номер в национальном реестре специалистов в области строительства (за исключением случаев, когда членство в саморегулируемых организациях в области строительства, реконструкции, капитального ремонта обектов капитального строительства не требуется), реквизиты распоряительного документа, подтверждающего полномочия)
A47: А также иные представители лиц, участвующих в освидетельствовании:
A48: ='Данные объект'!$C$36 -> Мастер СРЭС СЭС филиала ПАО "Россети Московский регион" Курчин М.М.
A49: (должность (при наличии), фамилия, инициалы, реквизиты распорядительного документа, подтверждающего полномочия)
A50: Представитель лица, осуществляющего подготовку проектной документации (в случае привлечения застройщиком лица, осуществляющего подготовку проектной документации, для проверки соответствия выполняемых работ проектной документации согласно части 2 статьи 53 Градостроительного кодекса Российской Федерации)
A51: -
A52: (должность (при наличии), фамилия, инициалы, реквизиты распорядительного документа, подтверждающего полномочия, с указанием полного и (или) сокращенного наименования, ОГРН, ИНН, адреса юридического лица в пределах его места нахождения, фамилии, имени, отчества (последнее - при наличии), адреса места жительства, ОГРНИП, ИНН индивиуального предпринимателя)
A53: Представитель лица, выполнившего работы, подлежащие освидетельствованию (в случае выполнения работ по договорам о строительстве, реконcтрукции, капитальном ремонте объектов капитального строительства, заключенным с иными лицами)
A54: =CONCATENATE(#REF!,", ",#REF!," - ",#REF!) -> #REF!
A55: (должность (при наличии), фамилия, инициалы, реквизиты распорядительного документа, подтверждающего полномочия,
A57: с указанием полного и (или) сокращенного наименования, ОГРН, ИНН, адреса юридического лица в пределах его места нахождения, фамилии, имени, отчества (последнее - при наличии), адреса места жительства, ОРГНИП, ИНН индивидуального предпринимателя)
A58: произвели осмотр работ, выполненных
A59: ='Данные объект'!B11 -> ООО"Энергосистемы"
A60: (полное и (или) сокращенное наименование или фамилия, имя, отчество (последнее - при наличии) лица, выполнившего работы, подлежащие освидетельствованию)
A61: и составили настоящий акт о нижеследующем:
A62: 1. К освидетельствованию предъявлены следующие работы:
A63: Щебеночное основание под монтаж фундамента | O63: ='Данные объект'!B9 -> КТП №3865 | U63: , | V63: ='АОСР-1'!V63 -> 4.28 | X63: м3
A64: (наименование скрытых работ)
A65: 2. Работы выполнены по проектной документации
A66: ='Данные объект'!B43 -> 4844-315915-113-05/24
A67: (номер, другие реквизиты чертежа, наименование проектной и/или рабочей документации, сведения о лицах, осуществляющих подготовку раздела проектной и/или рабочей документации)
A68: 3. При выполнении работ применены
P69: (наименования строительных материалов (изделий),
A70: Щебень - | D70: =V63 -> 4.28 | F70: м3 | H70: / | I70: Сертификат № 31 от 16.01.2025г.
A71: реквизиты сертификатов и (или) других документов, подтверждающих их качество и безопасность, в случае если необходимо указывать более 5 документов, указывается ссылка на их реестр, который является неотъемлемой частью акта)
A72: 4. Предъявлены документы, подтверждающие соответствие работ предъявляемым к ним
A73: требованиям: | G73: Исполнительная схема устройства фундамента
G74: (исполнительные схемы и чертежи, результаты экспертиз, обследований, лабораторных
A76: и иных испытаний выполненных работ, проведенных в процессе строительного контроля)
A78: 5. Даты: начала работ | P78: ='Данные объект'!B6 -> 07.04.2025 | X78: г.
A79: окончания работ | P79: ='Данные объект'!B7 -> 18.04.2025 | X79: г.
A81: 6. Работы выполнены в соответствии с
A82: Электромонтажные работы выполнены по проектной документации согласно требованиям СП 76.13330.2016 и ПУЭ
A83: (наименования и структурные единицы технических регламентов, иных нормативных правовых актов, разделы проектной и (или) рабочей документации)
A84: 7. Разрешается производство последующих работ
A85: Монтаж фундамента
A86: (наименование работ, строительных конструкций, участков сетей инженерно-технического обеспечения)
A87: Дополнительные сведения | L87: -
A89: Акт составлен в | H89: 1 | J89: экземплярах (в случае заполнения акта на бумажном носителе).
A91: Приложения:
A92: 1. | B92: =G73 -> Исполнительная схема устройства фундамента | X92: - | Y92: 1 лист
A93: 2. | B93: =I70 -> Сертификат № 31 от 16.01.2025г. | X93: - | Y93: 1 лист
A94: (исполнительные схемы и чертежи, результаты экспертиз, обследований, лабораторных и иных испытаний)
A96: Представитель застройщика, технического заказчика, лица, ответственного за эксплуатацию
A97: здания, сооружения, или регионального оператора по вопросам строительного контроля
A98: ='Данные объект'!B33 -> Алексанян Г.Р.
A99: (фамилия, инициалы) | AB99: (подпись)
A100: Представитель лица, осуществляющего строительство, реконструкцию, капитальный ремонт
A101: ='Данные объект'!B20 -> Красилов К.А.
A102: (фамилия, инициалы) | AB102: (подпись)
A103: Представитель лица, осуществляющего строительство, реконструкцию, капитальный ремонт,
A104: по вопросам строительного контроля
A105: ='Данные объект'!B17 -> Капитонов Д.А.
A106: (фамилия, инициалы) | AB106: (подпись)
A107: Представители иных лиц:
A108: ='Данные объект'!$B$36 -> Курчин М.М.
A109: (фамилия, инициалы) | AB109: (подпись)
A110: Представитель лица, осуществляющего подготовку проектной документации (в случае привлечения застройщиком лица, осуществляющего подготовку проектной документации, для проверки соответствия выполняемых работ проектной документации согласно части 2 статьи 53 Градостроительного кодекса Российской Федерации)
A111: - | AB111: -
...

Sheet АОСР-4
AJ1: Приказ Минстроя №344/пр от 16.05.2023
AJ2: приложение №3
A3: Объект капитального строительства
A4: ='Данные объект'!B3 -> Строительство ТП-10/0,4кВ, КЛ-10 кВ от КЛ-10кВ ф. ЦРП-16 - Соколово – ТП-600, ВЛЗ-10 кВ от ВЛЗ-10кВ ф. ЦРП-16- Соколово – ТП-600 ПС №329 "Осиновка", КЛ-0,4 кВ, РЛР, ВРЩ-0,4 кВ, в т.ч. ПИР, МО, Солнечногорский р-н, Новинское лесничество квартал 29 выд. 27,31
A5: ='Данные объект'!B9 -> КТП №3865
A6: (наименование объекта капитального строительства в соответствии с проектной документацией, почтовый или строительный адрес объекта капитального строительства)
A7: Застройщик, технический заказчик, лицо, ответственное за эксплуатацию здания, сооружения, или региональный оператор
A9: ='Данные объект'!B23 -> ПАО "Россети Московский регион"
A10: (фамилия, имя, отчество (последнее - при наличии), адрес места жительства, ОРГНИП, ИНН индивидуального предпринимателя, полное и (или) сокращенное наименование, ОГРН, ИНН, адрес юридического лица в пределах его нахождения, телефон или факс,
A11: ='Данные объект'!B24 -> ОГРН 1057746555811 ИНН 5036065113 КПП 772501001
A12: полное и (или) сокращенное наименование, ОГРН, ИНН саморегулируемой организации, членом которой является указанное юридическое лицо или индивидуальный предприниматель (за исключением случаев, когда членство в саморегулируемых организациях в области, строительства, реконструкции, капитального ремонта объектов капитального строительства не требуется); фамилия, имя, отчество
A13: ='Данные объект'!B25 -> 115114, город Москва, проезд Павелецкий 2-й, дом 3, строение 2
A14: (последнее - при наличии), паспортные данные, адрес места жительства, телефон или факс - для физических лиц, не являющихся индивидуальными предпринимателями)
A15: Лицо, осуществляющее строительство, реконструкцию, капитальный ремонт
A16: ='Данные объект'!B11 -> ООО"Энергосистемы"
A17: (фамилия, имя, отчество (последнее - при наличии), адрес места жительства, ОРГНИП, ИНН индивидуального предпринимателя,
A18: ='Данные объект'!B12 -> ОГРН 1135044003709 ИНН 5044089069 КПП 504401001
A19: полное и (или) сокращенное наименование, ОГРН, ИНН, адрес юридического лица в пределах его местонахождения, телефон или факс,
A20: ='Данные объект'!B13 -> 141508, Московская область, г.о. Солнечногорск, г. Солнечногорск, ул. Промышленная, стр. 5, помещение 179
A21: полное и (или) сокращенное наименование, ОГРН, ИНН саморегулируемой организации, членом которой является указанное юридическое лицо или индивидуальный предприниматель (за исключением случаев, когда членство в саморегулируемых организациях в области строительства, реконструкции, капитального ремонта объектов капитального строительства не требуется)
A22: Лицо, осуществляющее подготовку проектной документации
A23: ='Данные объект'!B39 -> ООО"Энергосистемы"
A24: (фамилия, имя, отчество (последнее - при наличии), адрес места жительства, ОРГНИП, ИНН индивидуального предпринимателя,
A25: ='Данные объект'!B40 -> ОГРН 1135044003709 ИНН 5044089069 КПП 504401001
A26: полное и (или) сокращенное наименование, ОГРН, ИНН, адрес юридического лица в пределах его места нахождения, телефон или факс,
A27: ='Данные объект'!B41 -> 141508, Московская область, г.о. Солнечногорск, г. Солнечногорск, ул. Промышленная, стр. 5, помещение 179
A28: полное и (или) сокращенное наименование, ОГРН, ИНН саморегулируемой организации, членом которой является указанное юридическое лицо или индивидуальный предприниматель (за исключением случаев, когда членство в саморегулируемых организациях в области архитектурно-строительного проектирования не требуется)
A30: АКТ
A31: освидетельствования скрытых работ
B33: № | C33: ='АОСР-3'!C33+1 -> 4 | E33: /ТП | AB33: =P82 -> 18.04.2025 | AJ33: г.
AB34: (дата составления акта)
A36: Представитель застройщика, технического заказчика, лица, ответственного за эксплуатацию здания, сооружения, или регионального оператора по вопросам строительного контроля
A37: ='Данные объект'!C34 -> Гл. специалист ССК УКС ПАО "Россети Московский регион" Алексанян Г.Р., Приказ №2363 от 29 июля 2025г (НРС С-50-069023)
A38: (должность (при наличии), фамилия, инициалы, идентификационный номер в национальном реестре специалистов в области строительства (за исключением случаев, когда членство в саморегулируемых организациях в области строительства, реконструкции, капитального ремонта обектов капитального строительства не требуется), реквизиты распоряительного документа, подтверждающего полномочия,
A39: ='Данные объект'!C23 -> ПАО "Россети Московский регион" ОГРН 1057746555811 ИНН 5036065113 КПП 772501001,115114, город Москва, проезд Павелецкий 2-й, дом 3, строение 2
A40: с указанием полного и (или) сокращенного наименования, ОГРН, ИНН, адреса юридического лица в пределах его места нахождения (в случае осуществления строительного контроля на основании договора с застройщиком или техническим заказчиком), фамилии, имени, отчества (последнее - при наличии), адреса места жительства, ОГРНИП, ИНН индивиуального предпринимателя (в случае осуществления строительного контроля на основании договора с застройщиком или техническим заказчиком)
A41: Представитель лица, осуществляющего строительство, реконструкцию, капитальный ремонт
A42: ='Данные объект'!C21 -> Прораб ООО"Энергосистемы" Красилов К.А., Приказ №05-ОТ/24 от 09 января 2024г
A43: (должность (при наличии), фамилия, инициалы, реквизиты распорядительного документа, подтверждающего полномочия)
A44: Представитель лица, осуществляющего строительство, реконструкцию, капитальный ремонт, по вопросам строительного контроля
A45: ='Данные объект'!C18 -> Инженер по строительному контролю ООО"Энергосистемы" Капитонов Д.А., Приказ № 18-ОТ/24 от 03 июня 2024 (НОСТРОЙ С-50-188017)
A46: (должность (при наличии), фамилия, инициалы, идентификационный номер в национальном реестре специалистов в области строительства (за исключением случаев, когда членство в саморегулируемых организациях в области строительства, реконструкции, капитального ремонта обектов капитального строительства не требуется), реквизиты распоряительного документа, подтверждающего полномочия)
A47: А также иные представители лиц, участвующих в освидетельствовании:
A48: ='Данные объект'!$C$36 -> Мастер СРЭС СЭС филиала ПАО "Россети Московский регион" Курчин М.М.
A49: (должность (при наличии), фамилия, инициалы, реквизиты распорядительного документа, подтверждающего полномочия)
A50: Представитель лица, осуществляющего подготовку проектной документации (в случае привлечения застройщиком лица, осуществляющего подготовку проектной документации, для проверки соответствия выполняемых работ проектной документации согласно части 2 статьи 53 Градостроительного кодекса Российской Федерации)
A51: -
A52: (должность (при наличии), фамилия, инициалы, реквизиты распорядительного документа, подтверждающего полномочия, с указанием полного и (или) сокращенного наименования, ОГРН, ИНН, адреса юридического лица в пределах его места нахождения, фамилии, имени, отчества (последнее - при наличии), адреса места жительства, ОГРНИП, ИНН индивиуального предпринимателя)
A53: Представитель лица, выполнившего работы, подлежащие освидетельствованию (в случае выполнения работ по договорам о строительстве, реконcтрукции, капитальном ремонте объектов капитального строительства, заключенным с иными лицами)
A54: =CONCATENATE(#REF!,", ",#REF!," - ",#REF!) -> #REF!
A55: (должность (при наличии), фамилия, инициалы, реквизиты распорядительного документа, подтверждающего полномочия,
A57: с указанием полного и (или) сокращенного наименования, ОГРН, ИНН, адреса юридического лица в пределах его места нахождения, фамилии, имени, отчества (последнее - при наличии), адреса места жительства, ОРГНИП, ИНН индивидуального предпринимателя)
A58: произвели осмотр работ, выполненных
A59: ='Данные объект'!B11 -> ООО"Энергосистемы"
A60: (полное и (или) сокращенное наименование или фамилия, имя, отчество (последнее - при наличии) лица, выполнившего работы, подлежащие освидетельствованию)
A61: и составили настоящий акт о нижеследующем:
A62: 1. К освидетельствованию предъявлены следующие работы:
A63: ='АОСР-3'!A85 -> Монтаж фундамента | H63: ='Данные объект'!B9 -> КТП №3865
A64: (наименование скрытых работ)
A65: 2. Работы выполнены по проектной документации
A66: ='Данные объект'!B43 -> 4844-315915-113-05/24
A67: (номер, другие реквизиты чертежа, наименование проектной и/или рабочей документации, сведения о лицах, осуществляющих подготовку раздела проектной и/или рабочей документации)
A68: 3. При выполнении работ применены
K69: (наименования строительных материалов (изделий),
A70: Блок ФБС 24.4.6 | H70: - | I70: 4 | K70: шт. | M70: / | N70: Документ о качестве № 119 от 03.04.2024г.
A71: Уголок 63х63х5 | H71: - | I71: 14.2 | K71: м | M71: / | N71: Сертификат № 2024647014 от 13.04.2024г.
A72: Полоса 50х4 | H72: - | I72: 3 | K72: м | M72: / | N72: Сертификат № 3968968 от 18.04.2024г.
A73: Профлист оцинкованный | H73: - | I73: 3.76 | K73: м2 | M73: / | N73: Сертификат № РОСС RU/32001.04ИБФ1.ОСП28.47246 от 08.02.2024г.
A74: реквизиты сертификатов и (или) других документов, подтверждающих их качество и безопасность, в случае если необходимо указывать более 5 документов, указывается ссылка на их реестр, который является неотъемлемой частью акта)
A75: 4. Предъявлены документы, подтверждающие соответствие работ предъявляемым к ним
A76: требованиям: | G76: Исполнительная схема устройства фундамента
G77: (исполнительные схемы и чертежи, результаты экспертиз, обследований, лабораторных
A79: и иных испытаний выполненных работ, проведенных в процессе строительного контроля)
A81: 5. Даты: начала работ | P81: ='Данные объект'!B6 -> 07.04.2025 | X81: г.
A82: окончания работ | P82: ='Данные объект'!B7 -> 18.04.2025 | X82: г.
A84: 6. Работы выполнены в соответствии с
A85: Электромонтажные работы выполнены по проектной документации согласно требованиям СП 76.13330.2016 и ПУЭ
A86: (наименования и структурные единицы технических регламентов, иных нормативных правовых актов, разделы проектной и (или) рабочей документации)
A88: иных нормативных правовых актов, разделы проектной и (или) рабочей документации)
A89: 7. Разрешается производство последующих работ
A90: Выемка грунта под заземление ТП
A91: (наименование работ, строительных конструкций, участков сетей инженерно-технического обеспечения)
A92: Дополнительные сведения | L92: -
A94: Акт составлен в | H94: 1 | J94: экземплярах (в случае заполнения акта на бумажном носителе).
A96: Приложения:
A97: 1. | B97: =G76 -> Исполнительная схема устройства фундамента | Y97: - | Z97: 1 лист
A98: 2. | B98: =N70 -> Документ о качестве № 119 от 03.04.2024г. | Y98: - | Z98: 1 лист
A99: 3. | B99: =N71 -> Сертификат № 2024647014 от 13.04.2024г. | Y99: - | Z99: 1 лист
A100: 4. | B100: =N72 -> Сертификат № 3968968 от 18.04.2024г. | Y100: - | Z100: 1 лист
A101: 5. | B101: =N73 -> Сертификат № РОСС RU/32001.04ИБФ1.ОСП28.47246 от 08.02.2024г. | Y101: - | Z101: 2 листа
A102: (исполнительные схемы и чертежи, результаты экспертиз, обследований, лабораторных и иных испытаний)
A104: Представитель застройщика, технического заказчика, лица, ответственного за эксплуатацию
A105: здания, сооружения, или регионального оператора по вопросам строительного контроля
A106: ='Данные объект'!B33 -> Алексанян Г.Р.
A107: (фамилия, инициалы) | AB107: (подпись)
A108: Представитель лица, осуществляющего строительство, реконструкцию, капитальный ремонт
A109: ='Данные объект'!B20 -> Красилов К.А.
A110: (фамилия, инициалы) | AB110: (подпись)
A111: Представитель лица, осуществляющего строительство, реконструкцию, капитальный ремонт,
A112: по вопросам строительного контроля
...

Sheet АОСР-5
AJ1: Приказ Минстроя №344/пр от 16.05.2023
AJ2: приложение №3
A3: Объект капитального строительства
A4: ='Данные объект'!B3 -> Строительство ТП-10/0,4кВ, КЛ-10 кВ от КЛ-10кВ ф. ЦРП-16 - Соколово – ТП-600, ВЛЗ-10 кВ от ВЛЗ-10кВ ф. ЦРП-16- Соколово – ТП-600 ПС №329 "Осиновка", КЛ-0,4 кВ, РЛР, ВРЩ-0,4 кВ, в т.ч. ПИР, МО, Солнечногорский р-н, Новинское лесничество квартал 29 выд. 27,31
A5: ='Данные объект'!B9 -> КТП №3865
A6: (наименование объекта капитального строительства в соответствии с проектной документацией, почтовый или строительный адрес объекта капитального строительства)
A7: Застройщик, технический заказчик, лицо, ответственное за эксплуатацию здания, сооружения, или региональный оператор
A9: ='Данные объект'!B23 -> ПАО "Россети Московский регион"
A10: (фамилия, имя, отчество (последнее - при наличии), адрес места жительства, ОРГНИП, ИНН индивидуального предпринимателя, полное и (или) сокращенное наименование, ОГРН, ИНН, адрес юридического лица в пределах его нахождения, телефон или факс,
A11: ='Данные объект'!B24 -> ОГРН 1057746555811 ИНН 5036065113 КПП 772501001
A12: полное и (или) сокращенное наименование, ОГРН, ИНН саморегулируемой организации, членом которой является указанное юридическое лицо или индивидуальный предприниматель (за исключением случаев, когда членство в саморегулируемых организациях в области, строительства, реконструкции, капитального ремонта объектов капитального строительства не требуется); фамилия, имя, отчество
A13: ='Данные объект'!B25 -> 115114, город Москва, проезд Павелецкий 2-й, дом 3, строение 2
A14: (последнее - при наличии), паспортные данные, адрес места жительства, телефон или факс - для физических лиц, не являющихся индивидуальными предпринимателями)
A15: Лицо, осуществляющее строительство, реконструкцию, капитальный ремонт
A16: ='Данные объект'!B11 -> ООО"Энергосистемы"
A17: (фамилия, имя, отчество (последнее - при наличии), адрес места жительства, ОРГНИП, ИНН индивидуального предпринимателя,
A18: ='Данные объект'!B12 -> ОГРН 1135044003709 ИНН 5044089069 КПП 504401001
A19: полное и (или) сокращенное наименование, ОГРН, ИНН, адрес юридического лица в пределах его местонахождения, телефон или факс,
A20: ='Данные объект'!B13 -> 141508, Московская область, г.о. Солнечногорск, г. Солнечногорск, ул. Промышленная, стр. 5, помещение 179
A21: полное и (или) сокращенное наименование, ОГРН, ИНН саморегулируемой организации, членом которой является указанное юридическое лицо или индивидуальный предприниматель (за исключением случаев, когда членство в саморегулируемых организациях в области строительства, реконструкции, капитального ремонта объектов капитального строительства не требуется)
A22: Лицо, осуществляющее подготовку проектной документации
A23: ='Данные объект'!B39 -> ООО"Энергосистемы"
A24: (фамилия, имя, отчество (последнее - при наличии), адрес места жительства, ОРГНИП, ИНН индивидуального предпринимателя,
A25: ='Данные объект'!B40 -> ОГРН 1135044003709 ИНН 5044089069 КПП 504401001
A26: полное и (или) сокращенное наименование, ОГРН, ИНН, адрес юридического лица в пределах его места нахождения, телефон или факс,
A27: ='Данные объект'!B41 -> 141508, Московская область, г.о. Солнечногорск, г. Солнечногорск, ул. Промышленная, стр. 5, помещение 179
A28: полное и (или) сокращенное наименование, ОГРН, ИНН саморегулируемой организации, членом которой является указанное юридическое лицо или индивидуальный предприниматель (за исключением случаев, когда членство в саморегулируемых организациях в области архитектурно-строительного проектирования не требуется)
A30: АКТ
A31: освидетельствования скрытых работ
B33: № | C33: ='АОСР-4'!C33+1 -> 5 | E33: /ТП | AB33: =P77 -> 18.04.2025 | AJ33: г.
AB34: (дата составления акта)
A36: Представитель застройщика, технического заказчика, лица, ответственного за эксплуатацию здания, сооружения, или регионального оператора по вопросам строительного контроля
A37: ='Данные объект'!C34 -> Гл. специалист ССК УКС ПАО "Россети Московский регион" Алексанян Г.Р., Приказ №2363 от 29 июля 2025г (НРС С-50-069023)
A38: (должность (при наличии), фамилия, инициалы, идентификационный номер в национальном реестре специалистов в области строительства (за исключением случаев, когда членство в саморегулируемых организациях в области строительства, реконструкции, капитального ремонта обектов капитального строительства не требуется), реквизиты распоряительного документа, подтверждающего полномочия,
A39: ='Данные объект'!C23 -> ПАО "Россети Московский регион" ОГРН 1057746555811 ИНН 5036065113 КПП 772501001,115114, город Москва, проезд Павелецкий 2-й, дом 3, строение 2
A40: с указанием полного и (или) сокращенного наименования, ОГРН, ИНН, адреса юридического лица в пределах его места нахождения (в случае осуществления строительного контроля на основании договора с застройщиком или техническим заказчиком), фамилии, имени, отчества (последнее - при наличии), адреса места жительства, ОГРНИП, ИНН индивиуального предпринимателя (в случае осуществления строительного контроля на основании договора с застройщиком или техническим заказчиком)
A41: Представитель лица, осуществляющего строительство, реконструкцию, капитальный ремонт
A42: ='Данные объект'!C21 -> Прораб ООО"Энергосистемы" Красилов К.А., Приказ №05-ОТ/24 от 09 января 2024г
A43: (должность (при наличии), фамилия, инициалы, реквизиты распорядительного документа, подтверждающего полномочия)
A44: Представитель лица, осуществляющего строительство, реконструкцию, капитальный ремонт, по вопросам строительного контроля
A45: ='Данные объект'!C18 -> Инженер по строительному контролю ООО"Энергосистемы" Капитонов Д.А., Приказ № 18-ОТ/24 от 03 июня 2024 (НОСТРОЙ С-50-188017)
A46: (должность (при наличии), фамилия, инициалы, идентификационный номер в национальном реестре специалистов в области строительства (за исключением случаев, когда членство в саморегулируемых организациях в области строительства, реконструкции, капитального ремонта обектов капитального строительства не требуется), реквизиты распоряительного документа, подтверждающего полномочия)
A47: А также иные представители лиц, участвующих в освидетельствовании:
A48: ='Данные объект'!$C$36 -> Мастер СРЭС СЭС филиала ПАО "Россети Московский регион" Курчин М.М.
A49: (должность (при наличии), фамилия, инициалы, реквизиты распорядительного документа, подтверждающего полномочия)
A50: Представитель лица, осуществляющего подготовку проектной документации (в случае привлечения застройщиком лица, осуществляющего подготовку проектной документации, для проверки соответствия выполняемых работ проектной документации согласно части 2 статьи 53 Градостроительного кодекса Российской Федерации)
A51: -
A52: (должность (при наличии), фамилия, инициалы, реквизиты распорядительного документа, подтверждающего полномочия, с указанием полного и (или) сокращенного наименования, ОГРН, ИНН, адреса юридического лица в пределах его места нахождения, фамилии, имени, отчества (последнее - при наличии), адреса места жительства, ОГРНИП, ИНН индивиуального предпринимателя)
A53: Представитель лица, выполнившего работы, подлежащие освидетельствованию (в случае выполнения работ по договорам о строительстве, реконcтрукции, капитальном ремонте объектов капитального строительства, заключенным с иными лицами)
A54: =CONCATENATE(#REF!,", ",#REF!," - ",#REF!) -> #REF!
A55: (должность (при наличии), фамилия, инициалы, реквизиты распорядительного документа, подтверждающего полномочия,
A57: с указанием полного и (или) сокращенного наименования, ОГРН, ИНН, адреса юридического лица в пределах его места нахождения, фамилии, имени, отчества (последнее - при наличии), адреса места жительства, ОРГНИП, ИНН индивидуального предпринимателя)
A58: произвели осмотр работ, выполненных
A59: ='Данные объект'!B11 -> ООО"Энергосистемы"
A60: (полное и (или) сокращенное наименование или фамилия, имя, отчество (последнее - при наличии) лица, выполнившего работы, подлежащие освидетельствованию)
A61: и составили настоящий акт о нижеследующем:
A62: 1. К освидетельствованию предъявлены следующие работы:
A63: Выемка грунта под заземление | J63: ='Данные объект'!B9 -> КТП №3865 | P63: 17.6 | S63: м3
A64: (наименование скрытых работ)
A65: 2. Работы выполнены по проектной документации
A66: ='Данные объект'!B43 -> 4844-315915-113-05/24
A67: (номер, другие реквизиты чертежа, наименование проектной и/или рабочей документации, сведения о лицах, осуществляющих подготовку раздела проектной и/или рабочей документации)
A68: 3. При выполнении работ применены | L68: -
J69: (наименования строительных материалов (изделий), реквизиты сертификатов и (или) других документов, подтверждающих их качество и безопасность, в случае если необходимо указывать более 5 документов, указывается ссылка на их реестр, который является неотъемлемой частью акта)
A70: 4. Предъявлены документы, подтверждающие соответствие работ предъявляемым к ним
A71: требованиям: | G71: Исполнительная схема заземления ТП
G72: (исполнительные схемы и чертежи, результаты экспертиз, обследований, лабораторных
A74: и иных испытаний выполненных работ, проведенных в процессе строительного контроля)
A76: 5. Даты: начала работ | P76: ='Данные объект'!B6 -> 07.04.2025 | X76: г.
A77: окончания работ | P77: ='Данные объект'!B7 -> 18.04.2025 | X77: г.
A79: 6. Работы выполнены в соответствии с
A80: Электромонтажные работы выполнены по проектной документации согласно требованиям СП 76.13330.2016 и ПУЭ
A81: (наименования и структурные единицы технических регламентов, иных нормативных правовых актов, разделы проектной и (или) рабочей документации)
A82: 7. Разрешается производство последующих работ
A83: Устройство заземления ТП
A84: (наименование работ, строительных конструкций, участков сетей инженерно-технического обеспечения)
A85: Дополнительные сведения | L85: -
A87: Акт составлен в | H87: 1 | J87: экземплярах (в случае заполнения акта на бумажном носителе).
A89: Приложения:
A90: 1. | B90: =G71 -> Исполнительная схема заземления ТП | Q90: - | R90: 1 лист
A91: 2. | B91: =#REF! -> #REF! | Q91: - | R91: 1 лист
A92: (исполнительные схемы и чертежи, результаты экспертиз, обследований, лабораторных и иных испытаний)
A94: Представитель застройщика, технического заказчика, лица, ответственного за эксплуатацию
A95: здания, сооружения, или регионального оператора по вопросам строительного контроля
A96: ='Данные объект'!B33 -> Алексанян Г.Р.
A97: (фамилия, инициалы) | AB97: (подпись)
A98: Представитель лица, осуществляющего строительство, реконструкцию, капитальный ремонт
A99: ='Данные объект'!B20 -> Красилов К.А.
A100: (фамилия, инициалы) | AB100: (подпись)
A101: Представитель лица, осуществляющего строительство, реконструкцию, капитальный ремонт,
A102: по вопросам строительного контроля
A103: ='Данные объект'!B17 -> Капитонов Д.А.
A104: (фамилия, инициалы) | AB104: (подпись)
A105: Представители иных лиц:
A106: ='Данные объект'!$B$36 -> Курчин М.М.
A107: (фамилия, инициалы) | AB107: (подпись)
A108: Представитель лица, осуществляющего подготовку проектной документации (в случае привлечения застройщиком лица, осуществляющего подготовку проектной документации, для проверки соответствия выполняемых работ проектной документации согласно части 2 статьи 53 Градостроительного кодекса Российской Федерации)
A109: - | AB109: -
A110: (фамилия, инициалы) | AB110: (подпись)
A111: Представитель лица, выполнившего работы, подлежащие освидетельствованию (в случае выполнения работ по договорам о строительстве, реконcтрукции, капитальном ремонте объектов капитального строительства, заключенным с иными лицами)
...

Sheet АОСР-6
AJ1: Приказ Минстроя №344/пр от 16.05.2023
AJ2: приложение №3
A3: Объект капитального строительства
A4: ='Данные объект'!B3 -> Строительство ТП-10/0,4кВ, КЛ-10 кВ от КЛ-10кВ ф. ЦРП-16 - Соколово – ТП-600, ВЛЗ-10 кВ от ВЛЗ-10кВ ф. ЦРП-16- Соколово – ТП-600 ПС №329 "Осиновка", КЛ-0,4 кВ, РЛР, ВРЩ-0,4 кВ, в т.ч. ПИР, МО, Солнечногорский р-н, Новинское лесничество квартал 29 выд. 27,31
A5: ='Данные объект'!B9 -> КТП №3865
A6: (наименование объекта капитального строительства в соответствии с проектной документацией, почтовый или строительный адрес объекта капитального строительства)
A7: Застройщик, технический заказчик, лицо, ответственное за эксплуатацию здания, сооружения, или региональный оператор
A9: ='Данные объект'!B23 -> ПАО "Россети Московский регион"
A10: (фамилия, имя, отчество (последнее - при наличии), адрес места жительства, ОРГНИП, ИНН индивидуального предпринимателя, полное и (или) сокращенное наименование, ОГРН, ИНН, адрес юридического лица в пределах его нахождения, телефон или факс,
A11: ='Данные объект'!B24 -> ОГРН 1057746555811 ИНН 5036065113 КПП 772501001
A12: полное и (или) сокращенное наименование, ОГРН, ИНН саморегулируемой организации, членом которой является указанное юридическое лицо или индивидуальный предприниматель (за исключением случаев, когда членство в саморегулируемых организациях в области, строительства, реконструкции, капитального ремонта объектов капитального строительства не требуется); фамилия, имя, отчество
A13: ='Данные объект'!B25 -> 115114, город Москва, проезд Павелецкий 2-й, дом 3, строение 2
A14: (последнее - при наличии), паспортные данные, адрес места жительства, телефон или факс - для физических лиц, не являющихся индивидуальными предпринимателями)
A15: Лицо, осуществляющее строительство, реконструкцию, капитальный ремонт
A16: ='Данные объект'!B11 -> ООО"Энергосистемы"
A17: (фамилия, имя, отчество (последнее - при наличии), адрес места жительства, ОРГНИП, ИНН индивидуального предпринимателя,
A18: ='Данные объект'!B12 -> ОГРН 1135044003709 ИНН 5044089069 КПП 504401001
A19: полное и (или) сокращенное наименование, ОГРН, ИНН, адрес юридического лица в пределах его местонахождения, телефон или факс,
A20: ='Данные объект'!B13 -> 141508, Московская область, г.о. Солнечногорск, г. Солнечногорск, ул. Промышленная, стр. 5, помещение 179
A21: полное и (или) сокращенное наименование, ОГРН, ИНН саморегулируемой организации, членом которой является указанное юридическое лицо или индивидуальный предприниматель (за исключением случаев, когда членство в саморегулируемых организациях в области строительства, реконструкции, капитального ремонта объектов капитального строительства не требуется)
A22: Лицо, осуществляющее подготовку проектной документации
A23: ='Данные объект'!B39 -> ООО"Энергосистемы"
A24: (фамилия, имя, отчество (последнее - при наличии), адрес места жительства, ОРГНИП, ИНН индивидуального предпринимателя,
A25: ='Данные объект'!B40 -> ОГРН 1135044003709 ИНН 5044089069 КПП 504401001
A26: полное и (или) сокращенное наименование, ОГРН, ИНН, адрес юридического лица в пределах его места нахождения, телефон или факс,
A27: ='Данные объект'!B41 -> 141508, Московская область, г.о. Солнечногорск, г. Солнечногорск, ул. Промышленная, стр. 5, помещение 179
A28: полное и (или) сокращенное наименование, ОГРН, ИНН саморегулируемой организации, членом которой является указанное юридическое лицо или индивидуальный предприниматель (за исключением случаев, когда членство в саморегулируемых организациях в области архитектурно-строительного проектирования не требуется)
A30: АКТ
A31: освидетельствования скрытых работ
B33: № | C33: ='АОСР-5'!C33+1 -> 6 | E33: /ТП | AB33: =P80 -> 18.04.2025 | AJ33: г.
AB34: (дата составления акта)
A36: Представитель застройщика, технического заказчика, лица, ответственного за эксплуатацию здания, сооружения, или регионального оператора по вопросам строительного контроля
A37: ='Данные объект'!C34 -> Гл. специалист ССК УКС ПАО "Россети Московский регион" Алексанян Г.Р., Приказ №2363 от 29 июля 2025г (НРС С-50-069023)
A38: (должность (при наличии), фамилия, инициалы, идентификационный номер в национальном реестре специалистов в области строительства (за исключением случаев, когда членство в саморегулируемых организациях в области строительства, реконструкции, капитального ремонта обектов капитального строительства не требуется), реквизиты распоряительного документа, подтверждающего полномочия,
A39: ='Данные объект'!C23 -> ПАО "Россети Московский регион" ОГРН 1057746555811 ИНН 5036065113 КПП 772501001,115114, город Москва, проезд Павелецкий 2-й, дом 3, строение 2
A40: с указанием полного и (или) сокращенного наименования, ОГРН, ИНН, адреса юридического лица в пределах его места нахождения (в случае осуществления строительного контроля на основании договора с застройщиком или техническим заказчиком), фамилии, имени, отчества (последнее - при наличии), адреса места жительства, ОГРНИП, ИНН индивиуального предпринимателя (в случае осуществления строительного контроля на основании договора с застройщиком или техническим заказчиком)
A41: Представитель лица, осуществляющего строительство, реконструкцию, капитальный ремонт
A42: ='Данные объект'!C21 -> Прораб ООО"Энергосистемы" Красилов К.А., Приказ №05-ОТ/24 от 09 января 2024г
A43: (должность (при наличии), фамилия, инициалы, реквизиты распорядительного документа, подтверждающего полномочия)
A44: Представитель лица, осуществляющего строительство, реконструкцию, капитальный ремонт, по вопросам строительного контроля
A45: ='Данные объект'!C18 -> Инженер по строительному контролю ООО"Энергосистемы" Капитонов Д.А., Приказ № 18-ОТ/24 от 03 июня 2024 (НОСТРОЙ С-50-188017)
A46: (должность (при наличии), фамилия, инициалы, идентификационный номер в национальном реестре специалистов в области строительства (за исключением случаев, когда членство в саморегулируемых организациях в области строительства, реконструкции, капитального ремонта обектов капитального строительства не требуется), реквизиты распоряительного документа, подтверждающего полномочия)
A47: А также иные представители лиц, участвующих в освидетельствовании:
A48: ='Данные объект'!$C$36 -> Мастер СРЭС СЭС филиала ПАО "Россети Московский регион" Курчин М.М.
A49: (должность (при наличии), фамилия, инициалы, реквизиты распорядительного документа, подтверждающего полномочия)
A50: Представитель лица, осуществляющего подготовку проектной документации (в случае привлечения застройщиком лица, осуществляющего подготовку проектной документации, для проверки соответствия выполняемых работ проектной документации согласно части 2 статьи 53 Градостроительного кодекса Российской Федерации)
A51: -
A52: (должность (при наличии), фамилия, инициалы, реквизиты распорядительного документа, подтверждающего полномочия, с указанием полного и (или) сокращенного наименования, ОГРН, ИНН, адреса юридического лица в пределах его места нахождения, фамилии, имени, отчества (последнее - при наличии), адреса места жительства, ОГРНИП, ИНН индивиуального предпринимателя)
A53: Представитель лица, выполнившего работы, подлежащие освидетельствованию (в случае выполнения работ по договорам о строительстве, реконcтрукции, капитальном ремонте объектов капитального строительства, заключенным с иными лицами)
A54: =CONCATENATE(#REF!,", ",#REF!," - ",#REF!) -> #REF!
A55: (должность (при наличии), фамилия, инициалы, реквизиты распорядительного документа, подтверждающего полномочия,
A57: с указанием полного и (или) сокращенного наименования, ОГРН, ИНН, адреса юридического лица в пределах его места нахождения, фамилии, имени, отчества (последнее - при наличии), адреса места жительства, ОРГНИП, ИНН индивидуального предпринимателя)
A58: произвели осмотр работ, выполненных
A59: ='Данные объект'!B11 -> ООО"Энергосистемы"
A60: (полное и (или) сокращенное наименование или фамилия, имя, отчество (последнее - при наличии) лица, выполнившего работы, подлежащие освидетельствованию)
A61: и составили настоящий акт о нижеследующем:
A62: 1. К освидетельствованию предъявлены следующие работы:
A63: Устройство заземления | J63: ='Данные объект'!B9 -> КТП №3865
A64: (наименование скрытых работ)
A65: 2. Работы выполнены по проектной документации
A66: ='Данные объект'!B43 -> 4844-315915-113-05/24
A67: (номер, другие реквизиты чертежа, наименование проектной и/или рабочей документации, сведения о лицах, осуществляющих подготовку раздела проектной и/или рабочей документации)
A68: 3. При выполнении работ применены
L69: (наименования строительных материалов (изделий),
A70: Уголок - 50х50х5 | G70: - | H70: 36 | J70: м | K70: / | L70: Сертификат качества № 2021644263 от 12.04.2024г.
A71: Полоса 40х4 | G71: - | H71: 39.2 | J71: м | K71: / | L71: Сертификат № 21010194 от 09.04.2024г.
A72: реквизиты сертификатов и (или) других документов, подтверждающих их качество и безопасность, в случае если необходимо указывать более 5 документов, указывается ссылка на их реестр, который является неотъемлемой частью акта)
A73: 4. Предъявлены документы, подтверждающие соответствие работ предъявляемым к ним
A74: требованиям: | G74: Исполнительная схема заземления ТП
G75: (исполнительные схемы и чертежи, результаты экспертиз, обследований, лабораторных
A77: и иных испытаний выполненных работ, проведенных в процессе строительного контроля)
A79: 5. Даты: начала работ | P79: ='Данные объект'!B6 -> 07.04.2025 | X79: г.
A80: окончания работ | P80: ='Данные объект'!B7 -> 18.04.2025 | X80: г.
A82: 6. Работы выполнены в соответствии с
A83: Электромонтажные работы выполнены по проектной документации согласно требованиям СП 76.13330.2016 и ПУЭ
A84: (наименования и структурные единицы технических регламентов, иных нормативных правовых актов, разделы проектной и (или) рабочей документации)
A86: 7. Разрешается производство последующих работ
A87: Обратная засыпка заземления ТП
A88: (наименование работ, строительных конструкций, участков сетей инженерно-технического обеспечения)
A89: Дополнительные сведения | L89: -
A91: Акт составлен в | H91: 1 | J91: экземплярах (в случае заполнения акта на бумажном носителе).
A93: Приложения:
A94: 1. | B94: =G74 -> Исполнительная схема заземления ТП | Y94: - | Z94: 1 лист
A95: 2. | B95: =L70 -> Сертификат качества № 2021644263 от 12.04.2024г. | Y95: - | Z95: 1 лист
A96: 3. | B96: =L71 -> Сертификат № 21010194 от 09.04.2024г. | Y96: - | Z96: 1 лист
A97: (исполнительные схемы и чертежи, результаты экспертиз, обследований, лабораторных и иных испытаний)
A99: Представитель застройщика, технического заказчика, лица, ответственного за эксплуатацию
A100: здания, сооружения, или регионального оператора по вопросам строительного контроля
A101: ='Данные объект'!B33 -> Алексанян Г.Р.
A102: (фамилия, инициалы) | AB102: (подпись)
A103: Представитель лица, осуществляющего строительство, реконструкцию, капитальный ремонт
A104: ='Данные объект'!B20 -> Красилов К.А.
A105: (фамилия, инициалы) | AB105: (подпись)
A106: Представитель лица, осуществляющего строительство, реконструкцию, капитальный ремонт,
A107: по вопросам строительного контроля
A108: ='Данные объект'!B17 -> Капитонов Д.А.
A109: (фамилия, инициалы) | AB109: (подпись)
A110: Представители иных лиц:
A111: ='Данные объект'!$B$36 -> Курчин М.М.
A112: (фамилия, инициалы) | AB112: (подпись)
...

Sheet АОСР-7
AJ1: Приказ Минстроя №344/пр от 16.05.2023
AJ2: приложение №3
A3: Объект капитального строительства
A4: ='Данные объект'!B3 -> Строительство ТП-10/0,4кВ, КЛ-10 кВ от КЛ-10кВ ф. ЦРП-16 - Соколово – ТП-600, ВЛЗ-10 кВ от ВЛЗ-10кВ ф. ЦРП-16- Соколово – ТП-600 ПС №329 "Осиновка", КЛ-0,4 кВ, РЛР, ВРЩ-0,4 кВ, в т.ч. ПИР, МО, Солнечногорский р-н, Новинское лесничество квартал 29 выд. 27,31
A5: ='Данные объект'!B9 -> КТП №3865
A6: (наименование объекта капитального строительства в соответствии с проектной документацией, почтовый или строительный адрес объекта капитального строительства)
A7: Застройщик, технический заказчик, лицо, ответственное за эксплуатацию здания, сооружения, или региональный оператор
A9: ='Данные объект'!B23 -> ПАО "Россети Московский регион"
A10: (фамилия, имя, отчество (последнее - при наличии), адрес места жительства, ОРГНИП, ИНН индивидуального предпринимателя, полное и (или) сокращенное наименование, ОГРН, ИНН, адрес юридического лица в пределах его нахождения, телефон или факс,
A11: ='Данные объект'!B24 -> ОГРН 1057746555811 ИНН 5036065113 КПП 772501001
A12: полное и (или) сокращенное наименование, ОГРН, ИНН саморегулируемой организации, членом которой является указанное юридическое лицо или индивидуальный предприниматель (за исключением случаев, когда членство в саморегулируемых организациях в области, строительства, реконструкции, капитального ремонта объектов капитального строительства не требуется); фамилия, имя, отчество
A13: ='Данные объект'!B25 -> 115114, город Москва, проезд Павелецкий 2-й, дом 3, строение 2
A14: (последнее - при наличии), паспортные данные, адрес места жительства, телефон или факс - для физических лиц, не являющихся индивидуальными предпринимателями)
A15: Лицо, осуществляющее строительство, реконструкцию, капитальный ремонт
A16: ='Данные объект'!B11 -> ООО"Энергосистемы"
A17: (фамилия, имя, отчество (последнее - при наличии), адрес места жительства, ОРГНИП, ИНН индивидуального предпринимателя,
A18: ='Данные объект'!B12 -> ОГРН 1135044003709 ИНН 5044089069 КПП 504401001
A19: полное и (или) сокращенное наименование, ОГРН, ИНН, адрес юридического лица в пределах его местонахождения, телефон или факс,
A20: ='Данные объект'!B13 -> 141508, Московская область, г.о. Солнечногорск, г. Солнечногорск, ул. Промышленная, стр. 5, помещение 179
A21: полное и (или) сокращенное наименование, ОГРН, ИНН саморегулируемой организации, членом которой является указанное юридическое лицо или индивидуальный предприниматель (за исключением случаев, когда членство в саморегулируемых организациях в области строительства, реконструкции, капитального ремонта объектов капитального строительства не требуется)
A22: Лицо, осуществляющее подготовку проектной документации
A23: ='Данные объект'!B39 -> ООО"Энергосистемы"
A24: (фамилия, имя, отчество (последнее - при наличии), адрес места жительства, ОРГНИП, ИНН индивидуального предпринимателя,
A25: ='Данные объект'!B40 -> ОГРН 1135044003709 ИНН 5044089069 КПП 504401001
A26: полное и (или) сокращенное наименование, ОГРН, ИНН, адрес юридического лица в пределах его места нахождения, телефон или факс,
A27: ='Данные объект'!B41 -> 141508, Московская область, г.о. Солнечногорск, г. Солнечногорск, ул. Промышленная, стр. 5, помещение 179
A28: полное и (или) сокращенное наименование, ОГРН, ИНН саморегулируемой организации, членом которой является указанное юридическое лицо или индивидуальный предприниматель (за исключением случаев, когда членство в саморегулируемых организациях в области архитектурно-строительного проектирования не требуется)
A30: АКТ
A31: освидетельствования скрытых работ
B33: № | C33: ='АОСР-6'!C33+1 -> 7 | E33: /ТП | AB33: =P77 -> 18.04.2025 | AJ33: г.
AB34: (дата составления акта)
A36: Представитель застройщика, технического заказчика, лица, ответственного за эксплуатацию здания, сооружения, или регионального оператора по вопросам строительного контроля
A37: ='Данные объект'!C34 -> Гл. специалист ССК УКС ПАО "Россети Московский регион" Алексанян Г.Р., Приказ №2363 от 29 июля 2025г (НРС С-50-069023)
A38: (должность (при наличии), фамилия, инициалы, идентификационный номер в национальном реестре специалистов в области строительства (за исключением случаев, когда членство в саморегулируемых организациях в области строительства, реконструкции, капитального ремонта обектов капитального строительства не требуется), реквизиты распоряительного документа, подтверждающего полномочия,
A39: ='Данные объект'!C23 -> ПАО "Россети Московский регион" ОГРН 1057746555811 ИНН 5036065113 КПП 772501001,115114, город Москва, проезд Павелецкий 2-й, дом 3, строение 2
A40: с указанием полного и (или) сокращенного наименования, ОГРН, ИНН, адреса юридического лица в пределах его места нахождения (в случае осуществления строительного контроля на основании договора с застройщиком или техническим заказчиком), фамилии, имени, отчества (последнее - при наличии), адреса места жительства, ОГРНИП, ИНН индивиуального предпринимателя (в случае осуществления строительного контроля на основании договора с застройщиком или техническим заказчиком)
A41: Представитель лица, осуществляющего строительство, реконструкцию, капитальный ремонт
A42: ='Данные объект'!C21 -> Прораб ООО"Энергосистемы" Красилов К.А., Приказ №05-ОТ/24 от 09 января 2024г
A43: (должность (при наличии), фамилия, инициалы, реквизиты распорядительного документа, подтверждающего полномочия)
A44: Представитель лица, осуществляющего строительство, реконструкцию, капитальный ремонт, по вопросам строительного контроля
A45: ='Данные объект'!C18 -> Инженер по строительному контролю ООО"Энергосистемы" Капитонов Д.А., Приказ № 18-ОТ/24 от 03 июня 2024 (НОСТРОЙ С-50-188017)
A46: (должность (при наличии), фамилия, инициалы, идентификационный номер в национальном реестре специалистов в области строительства (за исключением случаев, когда членство в саморегулируемых организациях в области строительства, реконструкции, капитального ремонта обектов капитального строительства не требуется), реквизиты распоряительного документа, подтверждающего полномочия)
A47: А также иные представители лиц, участвующих в освидетельствовании:
A48: ='Данные объект'!$C$36 -> Мастер СРЭС СЭС филиала ПАО "Россети Московский регион" Курчин М.М.
A49: (должность (при наличии), фамилия, инициалы, реквизиты распорядительного документа, подтверждающего полномочия)
A50: Представитель лица, осуществляющего подготовку проектной документации (в случае привлечения застройщиком лица, осуществляющего подготовку проектной документации, для проверки соответствия выполняемых работ проектной документации согласно части 2 статьи 53 Градостроительного кодекса Российской Федерации)
A51: -
A52: (должность (при наличии), фамилия, инициалы, реквизиты распорядительного документа, подтверждающего полномочия, с указанием полного и (или) сокращенного наименования, ОГРН, ИНН, адреса юридического лица в пределах его места нахождения, фамилии, имени, отчества (последнее - при наличии), адреса места жительства, ОГРНИП, ИНН индивиуального предпринимателя)
A53: Представитель лица, выполнившего работы, подлежащие освидетельствованию (в случае выполнения работ по договорам о строительстве, реконcтрукции, капитальном ремонте объектов капитального строительства, заключенным с иными лицами)
A54: =CONCATENATE(#REF!,", ",#REF!," - ",#REF!) -> #REF!
A55: (должность (при наличии), фамилия, инициалы, реквизиты распорядительного документа, подтверждающего полномочия,
A57: с указанием полного и (или) сокращенного наименования, ОГРН, ИНН, адреса юридического лица в пределах его места нахождения, фамилии, имени, отчества (последнее - при наличии), адреса места жительства, ОРГНИП, ИНН индивидуального предпринимателя)
A58: произвели осмотр работ, выполненных
A59: ='Данные объект'!B11 -> ООО"Энергосистемы"
A60: (полное и (или) сокращенное наименование или фамилия, имя, отчество (последнее - при наличии) лица, выполнившего работы, подлежащие освидетельствованию)
A61: и составили настоящий акт о нижеследующем:
A62: 1. К освидетельствованию предъявлены следующие работы:
A63: Обратная засыпка грунта заземления | M63: ='Данные объект'!B9 -> КТП №3865 | R63: ='АОСР-5'!P63 -> 17.6 | U63: м3
A64: (наименование скрытых работ)
A65: 2. Работы выполнены по проектной документации
A66: ='Данные объект'!B43 -> 4844-315915-113-05/24
A67: (номер, другие реквизиты чертежа, наименование проектной и/или рабочей документации, сведения о лицах, осуществляющих подготовку раздела проектной и/или рабочей документации)
A68: 3. При выполнении работ применены | J68: -
J69: (наименования строительных материалов (изделий), реквизиты сертификатов и (или) других документов, подтверждающих их качество и безопасность, в случае если необходимо указывать более 5 документов, указывается ссылка на их реестр, который является неотъемлемой частью акта)
A70: 4. Предъявлены документы, подтверждающие соответствие работ предъявляемым к ним
A71: требованиям: | G71: Исполнительная схема заземления ТП
G72: (исполнительные схемы и чертежи, результаты экспертиз, обследований, лабораторных
A74: и иных испытаний выполненных работ, проведенных в процессе строительного контроля)
A76: 5. Даты: начала работ | P76: ='Данные объект'!B6 -> 07.04.2025 | X76: г.
A77: окончания работ | P77: ='Данные объект'!B7 -> 18.04.2025 | X77: г.
A79: 6. Работы выполнены в соответствии с
A80: Электромонтажные работы выполнены по проектной документации согласно требованиям СП 76.13330.2016 и ПУЭ
A81: (наименования и структурные единицы технических регламентов, иных нормативных правовых актов, разделы проектной и (или) рабочей документации)
A82: 7. Разрешается производство последующих работ
A83: Устройство площадки обслуживания и лестницы ТП
A84: (наименование работ, строительных конструкций, участков сетей инженерно-технического обеспечения)
A85: Дополнительные сведения | L85: -
A87: Акт составлен в | H87: 1 | J87: экземплярах (в случае заполнения акта на бумажном носителе).
A89: Приложения:
A90: 1. | B90: =G71 -> Исполнительная схема заземления ТП | Q90: - | R90: 1 лист
A92: 2. | B92: =#REF! -> #REF! | Q92: - | R92: 1 лист
A93: 3. | B93: =#REF! -> #REF! | Q93: - | R93: 2 лист
A94: 4. | B94: =#REF! -> #REF! | Q94: - | R94: 3 лист
A95: (исполнительные схемы и чертежи, результаты экспертиз, обследований, лабораторных и иных испытаний)
A97: Представитель застройщика, технического заказчика, лица, ответственного за эксплуатацию
A98: здания, сооружения, или регионального оператора по вопросам строительного контроля
A99: ='Данные объект'!B33 -> Алексанян Г.Р.
A100: (фамилия, инициалы) | AB100: (подпись)
A101: Представитель лица, осуществляющего строительство, реконструкцию, капитальный ремонт
A102: ='Данные объект'!B20 -> Красилов К.А.
A103: (фамилия, инициалы) | AB103: (подпись)
A104: Представитель лица, осуществляющего строительство, реконструкцию, капитальный ремонт,
A105: по вопросам строительного контроля
A106: ='Данные объект'!B17 -> Капитонов Д.А.
A107: (фамилия, инициалы) | AB107: (подпись)
A108: Представители иных лиц:
A109: ='Данные объект'!$B$36 -> Курчин М.М.
A110: (фамилия, инициалы) | AB110: (подпись)
A111: Представитель лица, осуществляющего подготовку проектной документации (в случае привлечения застройщиком лица, осуществляющего подготовку проектной документации, для проверки соответствия выполняемых работ проектной документации согласно части 2 статьи 53 Градостроительного кодекса Российской Федерации)
A112: - | AB112: -
...

Sheet АОСР-8
AJ1: Приказ Минстроя №344/пр от 16.05.2023
AJ2: приложение №3
A3: Объект капитального строительства
A4: ='Данные объект'!B3 -> Строительство ТП-10/0,4кВ, КЛ-10 кВ от КЛ-10кВ ф. ЦРП-16 - Соколово – ТП-600, ВЛЗ-10 кВ от ВЛЗ-10кВ ф. ЦРП-16- Соколово – ТП-600 ПС №329 "Осиновка", КЛ-0,4 кВ, РЛР, ВРЩ-0,4 кВ, в т.ч. ПИР, МО, Солнечногорский р-н, Новинское лесничество квартал 29 выд. 27,31
A5: ='Данные объект'!B9 -> КТП №3865
A6: (наименование объекта капитального строительства в соответствии с проектной документацией, почтовый или строительный адрес объекта капитального строительства)
A7: Застройщик, технический заказчик, лицо, ответственное за эксплуатацию здания, сооружения, или региональный оператор
A9: ='Данные объект'!B23 -> ПАО "Россети Московский регион"
A10: (фамилия, имя, отчество (последнее - при наличии), адрес места жительства, ОРГНИП, ИНН индивидуального предпринимателя, полное и (или) сокращенное наименование, ОГРН, ИНН, адрес юридического лица в пределах его нахождения, телефон или факс,
A11: ='Данные объект'!B24 -> ОГРН 1057746555811 ИНН 5036065113 КПП 772501001
A12: полное и (или) сокращенное наименование, ОГРН, ИНН саморегулируемой организации, членом которой является указанное юридическое лицо или индивидуальный предприниматель (за исключением случаев, когда членство в саморегулируемых организациях в области, строительства, реконструкции, капитального ремонта объектов капитального строительства не требуется); фамилия, имя, отчество
A13: ='Данные объект'!B25 -> 115114, город Москва, проезд Павелецкий 2-й, дом 3, строение 2
A14: (последнее - при наличии), паспортные данные, адрес места жительства, телефон или факс - для физических лиц, не являющихся индивидуальными предпринимателями)
A15: Лицо, осуществляющее строительство, реконструкцию, капитальный ремонт
A16: ='Данные объект'!B11 -> ООО"Энергосистемы"
A17: (фамилия, имя, отчество (последнее - при наличии), адрес места жительства, ОРГНИП, ИНН индивидуального предпринимателя,
A18: ='Данные объект'!B12 -> ОГРН 1135044003709 ИНН 5044089069 КПП 504401001
A19: полное и (или) сокращенное наименование, ОГРН, ИНН, адрес юридического лица в пределах его местонахождения, телефон или факс,
A20: ='Данные объект'!B13 -> 141508, Московская область, г.о. Солнечногорск, г. Солнечногорск, ул. Промышленная, стр. 5, помещение 179
A21: полное и (или) сокращенное наименование, ОГРН, ИНН саморегулируемой организации, членом которой является указанное юридическое лицо или индивидуальный предприниматель (за исключением случаев, когда членство в саморегулируемых организациях в области строительства, реконструкции, капитального ремонта объектов капитального строительства не требуется)
A22: Лицо, осуществляющее подготовку проектной документации
A23: ='Данные объект'!B39 -> ООО"Энергосистемы"
A24: (фамилия, имя, отчество (последнее - при наличии), адрес места жительства, ОРГНИП, ИНН индивидуального предпринимателя,
A25: ='Данные объект'!B40 -> ОГРН 1135044003709 ИНН 5044089069 КПП 504401001
A26: полное и (или) сокращенное наименование, ОГРН, ИНН, адрес юридического лица в пределах его места нахождения, телефон или факс,
A27: ='Данные объект'!B41 -> 141508, Московская область, г.о. Солнечногорск, г. Солнечногорск, ул. Промышленная, стр. 5, помещение 179
A28: полное и (или) сокращенное наименование, ОГРН, ИНН саморегулируемой организации, членом которой является указанное юридическое лицо или индивидуальный предприниматель (за исключением случаев, когда членство в саморегулируемых организациях в области архитектурно-строительного проектирования не требуется)
A30: АКТ
A31: освидетельствования скрытых работ
B33: № | C33: ='АОСР-7'!C33+1 -> 8 | E33: /ТП | AB33: =P81 -> 18.04.2025 | AJ33: г.
AB34: (дата составления акта)
A36: Представитель застройщика, технического заказчика, лица, ответственного за эксплуатацию здания, сооружения, или регионального оператора по вопросам строительного контроля
A37: ='Данные объект'!C34 -> Гл. специалист ССК УКС ПАО "Россети Московский регион" Алексанян Г.Р., Приказ №2363 от 29 июля 2025г (НРС С-50-069023)
A38: (должность (при наличии), фамилия, инициалы, идентификационный номер в национальном реестре специалистов в области строительства (за исключением случаев, когда членство в саморегулируемых организациях в области строительства, реконструкции, капитального ремонта обектов капитального строительства не требуется), реквизиты распоряительного документа, подтверждающего полномочия,
A39: ='Данные объект'!C23 -> ПАО "Россети Московский регион" ОГРН 1057746555811 ИНН 5036065113 КПП 772501001,115114, город Москва, проезд Павелецкий 2-й, дом 3, строение 2
A40: с указанием полного и (или) сокращенного наименования, ОГРН, ИНН, адреса юридического лица в пределах его места нахождения (в случае осуществления строительного контроля на основании договора с застройщиком или техническим заказчиком), фамилии, имени, отчества (последнее - при наличии), адреса места жительства, ОГРНИП, ИНН индивиуального предпринимателя (в случае осуществления строительного контроля на основании договора с застройщиком или техническим заказчиком)
A41: Представитель лица, осуществляющего строительство, реконструкцию, капитальный ремонт
A42: ='Данные объект'!C21 -> Прораб ООО"Энергосистемы" Красилов К.А., Приказ №05-ОТ/24 от 09 января 2024г
A43: (должность (при наличии), фамилия, инициалы, реквизиты распорядительного документа, подтверждающего полномочия)
A44: Представитель лица, осуществляющего строительство, реконструкцию, капитальный ремонт, по вопросам строительного контроля
A45: ='Данные объект'!C18 -> Инженер по строительному контролю ООО"Энергосистемы" Капитонов Д.А., Приказ № 18-ОТ/24 от 03 июня 2024 (НОСТРОЙ С-50-188017)
A46: (должность (при наличии), фамилия, инициалы, идентификационный номер в национальном реестре специалистов в области строительства (за исключением случаев, когда членство в саморегулируемых организациях в области строительства, реконструкции, капитального ремонта обектов капитального строительства не требуется), реквизиты распоряительного документа, подтверждающего полномочия)
A47: А также иные представители лиц, участвующих в освидетельствовании:
A48: ='Данные объект'!$C$36 -> Мастер СРЭС СЭС филиала ПАО "Россети Московский регион" Курчин М.М.
A49: (должность (при наличии), фамилия, инициалы, реквизиты распорядительного документа, подтверждающего полномочия)
A50: Представитель лица, осуществляющего подготовку проектной документации (в случае привлечения застройщиком лица, осуществляющего подготовку проектной документации, для проверки соответствия выполняемых работ проектной документации согласно части 2 статьи 53 Градостроительного кодекса Российской Федерации)
A51: -
A52: (должность (при наличии), фамилия, инициалы, реквизиты распорядительного документа, подтверждающего полномочия, с указанием полного и (или) сокращенного наименования, ОГРН, ИНН, адреса юридического лица в пределах его места нахождения, фамилии, имени, отчества (последнее - при наличии), адреса места жительства, ОГРНИП, ИНН индивиуального предпринимателя)
A53: Представитель лица, выполнившего работы, подлежащие освидетельствованию (в случае выполнения работ по договорам о строительстве, реконcтрукции, капитальном ремонте объектов капитального строительства, заключенным с иными лицами)
A54: =CONCATENATE(#REF!,", ",#REF!," - ",#REF!) -> #REF!
A55: (должность (при наличии), фамилия, инициалы, реквизиты распорядительного документа, подтверждающего полномочия,
A57: с указанием полного и (или) сокращенного наименования, ОГРН, ИНН, адреса юридического лица в пределах его места нахождения, фамилии, имени, отчества (последнее - при наличии), адреса места жительства, ОРГНИП, ИНН индивидуального предпринимателя)
A58: произвели осмотр работ, выполненных
A59: ='Данные объект'!B11 -> ООО"Энергосистемы"
A60: (полное и (или) сокращенное наименование или фамилия, имя, отчество (последнее - при наличии) лица, выполнившего работы, подлежащие освидетельствованию)
A61: и составили настоящий акт о нижеследующем:
A62: 1. К освидетельствованию предъявлены следующие работы:
A63: Устройство площадки обслуживания и лестницы | Q63: ='АОСР-1'!N63 -> КТП №3865
A64: (наименование скрытых работ)
A65: 2. Работы выполнены по проектной документации
A66: ='Данные объект'!B43 -> 4844-315915-113-05/24
A67: (номер, другие реквизиты чертежа, наименование проектной и/или рабочей документации, сведения о лицах, осуществляющих подготовку раздела проектной и/или рабочей документации)
A68: 3. При выполнении работ применены
P69: (наименования строительных материалов (изделий),
A70: Уголок 63х63х5 | G70: - | H70: 12.84 | J70: м | K70: / | L70: Сертификат № 2024647014 от 13.04.2024г.
A71: Сталь круглая Ø12 | G71: - | H71: 91.2 | J71: м | K71: / | L71: Сертификат качества № 2060647170 от 08.04.2024г.
A72: Швеллер 10П | G72: - | H72: 3.76 | J72: м | K72: / | L72: Документ о качестве № 2305390 от 18.02.2024г.
A73: реквизиты сертификатов и (или) других документов, подтверждающих их качество и безопасность, в случае если необходимо указывать более 5 документов, указывается ссылка на их реестр, который является неотъемлемой частью акта)
A74: 4. Предъявлены документы, подтверждающие соответствие работ предъявляемым к ним
A75: требованиям: | G75: Исполнительная схема площадки обслуживания ТП
G76: (исполнительные схемы и чертежи, результаты экспертиз, обследований, лабораторных
A78: и иных испытаний выполненных работ, проведенных в процессе строительного контроля)
A80: 5. Даты: начала работ | P80: ='Данные объект'!B6 -> 07.04.2025 | X80: г.
A81: окончания работ | P81: ='Данные объект'!B7 -> 18.04.2025 | X81: г.
A83: 6. Работы выполнены в соответствии с
A84: Электромонтажные работы выполнены по проектной документации согласно требованиям СП 76.13330.2016 и ПУЭ
A85: (наименования и структурные единицы технических регламентов, иных нормативных правовых актов, разделы проектной и (или) рабочей документации)
A86: 7. Разрешается производство последующих работ
A87: Монтаж ТП
A88: (наименование работ, строительных конструкций, участков сетей инженерно-технического обеспечения)
A89: Дополнительные сведения
A91: Акт составлен в | H91: 1 | J91: экземплярах (в случае заполнения акта на бумажном носителе).
A93: Приложения:
A94: 1. | B94: =G75 -> Исполнительная схема площадки обслуживания ТП | V94: - | W94: 1 лист
A95: 2. | B95: =L70 -> Сертификат № 2024647014 от 13.04.2024г. | V95: - | W95: 1 лист
A96: 3. | B96: =L71 -> Сертификат качества № 2060647170 от 08.04.2024г. | V96: - | W96: 1 лист
A97: 4. | B97: =L72 -> Документ о качестве № 2305390 от 18.02.2024г. | V97: - | W97: 1 лист
A98: (исполнительные схемы и чертежи, результаты экспертиз, обследований, лабораторных и иных испытаний)
A100: Представитель застройщика, технического заказчика, лица, ответственного за эксплуатацию
A101: здания, сооружения, или регионального оператора по вопросам строительного контроля
A102: ='Данные объект'!B33 -> Алексанян Г.Р.
A103: (фамилия, инициалы) | AB103: (подпись)
A104: Представитель лица, осуществляющего строительство, реконструкцию, капитальный ремонт
A105: ='Данные объект'!B20 -> Красилов К.А.
A106: (фамилия, инициалы) | AB106: (подпись)
A107: Представитель лица, осуществляющего строительство, реконструкцию, капитальный ремонт,
A108: по вопросам строительного контроля
A109: ='Данные объект'!B17 -> Капитонов Д.А.
A110: (фамилия, инициалы) | AB110: (подпись)
A111: Представители иных лиц:
...

Sheet АОСР-9
AJ1: Приказ Минстроя №344/пр от 16.05.2023
AJ2: приложение №3
A3: Объект капитального строительства
A4: ='Данные объект'!B3 -> Строительство ТП-10/0,4кВ, КЛ-10 кВ от КЛ-10кВ ф. ЦРП-16 - Соколово – ТП-600, ВЛЗ-10 кВ от ВЛЗ-10кВ ф. ЦРП-16- Соколово – ТП-600 ПС №329 "Осиновка", КЛ-0,4 кВ, РЛР, ВРЩ-0,4 кВ, в т.ч. ПИР, МО, Солнечногорский р-н, Новинское лесничество квартал 29 выд. 27,31
A5: ='Данные объект'!B9 -> КТП №3865
A6: (наименование объекта капитального строительства в соответствии с проектной документацией, почтовый или строительный адрес объекта капитального строительства)
A7: Застройщик, технический заказчик, лицо, ответственное за эксплуатацию здания, сооружения, или региональный оператор
A9: ='Данные объект'!B23 -> ПАО "Россети Московский регион"
A10: (фамилия, имя, отчество (последнее - при наличии), адрес места жительства, ОРГНИП, ИНН индивидуального предпринимателя, полное и (или) сокращенное наименование, ОГРН, ИНН, адрес юридического лица в пределах его нахождения, телефон или факс,
A11: ='Данные объект'!B24 -> ОГРН 1057746555811 ИНН 5036065113 КПП 772501001
A12: полное и (или) сокращенное наименование, ОГРН, ИНН саморегулируемой организации, членом которой является указанное юридическое лицо или индивидуальный предприниматель (за исключением случаев, когда членство в саморегулируемых организациях в области, строительства, реконструкции, капитального ремонта объектов капитального строительства не требуется); фамилия, имя, отчество
A13: ='Данные объект'!B25 -> 115114, город Москва, проезд Павелецкий 2-й, дом 3, строение 2
A14: (последнее - при наличии), паспортные данные, адрес места жительства, телефон или факс - для физических лиц, не являющихся индивидуальными предпринимателями)
A15: Лицо, осуществляющее строительство, реконструкцию, капитальный ремонт
A16: ='Данные объект'!B11 -> ООО"Энергосистемы"
A17: (фамилия, имя, отчество (последнее - при наличии), адрес места жительства, ОРГНИП, ИНН индивидуального предпринимателя,
A18: ='Данные объект'!B12 -> ОГРН 1135044003709 ИНН 5044089069 КПП 504401001
A19: полное и (или) сокращенное наименование, ОГРН, ИНН, адрес юридического лица в пределах его местонахождения, телефон или факс,
A20: ='Данные объект'!B13 -> 141508, Московская область, г.о. Солнечногорск, г. Солнечногорск, ул. Промышленная, стр. 5, помещение 179
A21: полное и (или) сокращенное наименование, ОГРН, ИНН саморегулируемой организации, членом которой является указанное юридическое лицо или индивидуальный предприниматель (за исключением случаев, когда членство в саморегулируемых организациях в области строительства, реконструкции, капитального ремонта объектов капитального строительства не требуется)
A22: Лицо, осуществляющее подготовку проектной документации
A23: ='Данные объект'!B39 -> ООО"Энергосистемы"
A24: (фамилия, имя, отчество (последнее - при наличии), адрес места жительства, ОРГНИП, ИНН индивидуального предпринимателя,
A25: ='Данные объект'!B40 -> ОГРН 1135044003709 ИНН 5044089069 КПП 504401001
A26: полное и (или) сокращенное наименование, ОГРН, ИНН, адрес юридического лица в пределах его места нахождения, телефон или факс,
A27: ='Данные объект'!B41 -> 141508, Московская область, г.о. Солнечногорск, г. Солнечногорск, ул. Промышленная, стр. 5, помещение 179
A28: полное и (или) сокращенное наименование, ОГРН, ИНН саморегулируемой организации, членом которой является указанное юридическое лицо или индивидуальный предприниматель (за исключением случаев, когда членство в саморегулируемых организациях в области архитектурно-строительного проектирования не требуется)
A30: АКТ
A31: освидетельствования скрытых работ
B33: № | C33: ='АОСР-8'!C33+1 -> 9 | E33: /ТП | AB33: =P80 -> 18.04.2025 | AJ33: г.
AB34: (дата составления акта)
A36: Представитель застройщика, технического заказчика, лица, ответственного за эксплуатацию здания, сооружения, или регионального оператора по вопросам строительного контроля
A37: ='Данные объект'!C34 -> Гл. специалист ССК УКС ПАО "Россети Московский регион" Алексанян Г.Р., Приказ №2363 от 29 июля 2025г (НРС С-50-069023)
A38: (должность (при наличии), фамилия, инициалы, идентификационный номер в национальном реестре специалистов в области строительства (за исключением случаев, когда членство в саморегулируемых организациях в области строительства, реконструкции, капитального ремонта обектов капитального строительства не требуется), реквизиты распоряительного документа, подтверждающего полномочия,
A39: ='Данные объект'!C23 -> ПАО "Россети Московский регион" ОГРН 1057746555811 ИНН 5036065113 КПП 772501001,115114, город Москва, проезд Павелецкий 2-й, дом 3, строение 2
A40: с указанием полного и (или) сокращенного наименования, ОГРН, ИНН, адреса юридического лица в пределах его места нахождения (в случае осуществления строительного контроля на основании договора с застройщиком или техническим заказчиком), фамилии, имени, отчества (последнее - при наличии), адреса места жительства, ОГРНИП, ИНН индивиуального предпринимателя (в случае осуществления строительного контроля на основании договора с застройщиком или техническим заказчиком)
A41: Представитель лица, осуществляющего строительство, реконструкцию, капитальный ремонт
A42: ='Данные объект'!C21 -> Прораб ООО"Энергосистемы" Красилов К.А., Приказ №05-ОТ/24 от 09 января 2024г
A43: (должность (при наличии), фамилия, инициалы, реквизиты распорядительного документа, подтверждающего полномочия)
A44: Представитель лица, осуществляющего строительство, реконструкцию, капитальный ремонт, по вопросам строительного контроля
A45: ='Данные объект'!C18 -> Инженер по строительному контролю ООО"Энергосистемы" Капитонов Д.А., Приказ № 18-ОТ/24 от 03 июня 2024 (НОСТРОЙ С-50-188017)
A46: (должность (при наличии), фамилия, инициалы, идентификационный номер в национальном реестре специалистов в области строительства (за исключением случаев, когда членство в саморегулируемых организациях в области строительства, реконструкции, капитального ремонта обектов капитального строительства не требуется), реквизиты распоряительного документа, подтверждающего полномочия)
A47: А также иные представители лиц, участвующих в освидетельствовании:
A48: ='Данные объект'!$C$36 -> Мастер СРЭС СЭС филиала ПАО "Россети Московский регион" Курчин М.М.
A49: (должность (при наличии), фамилия, инициалы, реквизиты распорядительного документа, подтверждающего полномочия)
A50: Представитель лица, осуществляющего подготовку проектной документации (в случае привлечения застройщиком лица, осуществляющего подготовку проектной документации, для проверки соответствия выполняемых работ проектной документации согласно части 2 статьи 53 Градостроительного кодекса Российской Федерации)
A51: -
A52: (должность (при наличии), фамилия, инициалы, реквизиты распорядительного документа, подтверждающего полномочия, с указанием полного и (или) сокращенного наименования, ОГРН, ИНН, адреса юридического лица в пределах его места нахождения, фамилии, имени, отчества (последнее - при наличии), адреса места жительства, ОГРНИП, ИНН индивиуального предпринимателя)
A53: Представитель лица, выполнившего работы, подлежащие освидетельствованию (в случае выполнения работ по договорам о строительстве, реконcтрукции, капитальном ремонте объектов капитального строительства, заключенным с иными лицами)
A54: =CONCATENATE(#REF!,", ",#REF!," - ",#REF!) -> #REF!
A55: (должность (при наличии), фамилия, инициалы, реквизиты распорядительного документа, подтверждающего полномочия,
A57: с указанием полного и (или) сокращенного наименования, ОГРН, ИНН, адреса юридического лица в пределах его места нахождения, фамилии, имени, отчества (последнее - при наличии), адреса места жительства, ОРГНИП, ИНН индивидуального предпринимателя)
A58: произвели осмотр работ, выполненных
A59: ='Данные объект'!B11 -> ООО"Энергосистемы"
A60: (полное и (или) сокращенное наименование или фамилия, имя, отчество (последнее - при наличии) лица, выполнившего работы, подлежащие освидетельствованию)
A61: и составили настоящий акт о нижеследующем:
A62: 1. К освидетельствованию предъявлены следующие работы:
A63: Устройство ограждения | L63: ='АОСР-1'!N63 -> КТП №3865
A64: (наименование скрытых работ)
A65: 2. Работы выполнены по проектной документации
A66: ='Данные объект'!B43 -> 4844-315915-113-05/24
A67: (номер, другие реквизиты чертежа, наименование проектной и/или рабочей документации, сведения о лицах, осуществляющих подготовку раздела проектной и/или рабочей документации)
A68: 3. При выполнении работ применены
P69: (наименования строительных материалов (изделий),
A70: Рабица 50х50х2 | G70: - | J70: м | K70: / | L70: Сертификат качества №
A71: Уголок 50х50х5 | G71: - | J71: м | K71: / | L71: Сертификат качества №
A72: реквизиты сертификатов и (или) других документов, подтверждающих их качество и безопасность, в случае если необходимо указывать более 5 документов, указывается ссылка на их реестр, который является неотъемлемой частью акта)
A73: 4. Предъявлены документы, подтверждающие соответствие работ предъявляемым к ним
A74: требованиям: | G74: Исполнительная схема ограждения ТП
G75: (исполнительные схемы и чертежи, результаты экспертиз, обследований, лабораторных
A77: и иных испытаний выполненных работ, проведенных в процессе строительного контроля)
A79: 5. Даты: начала работ | P79: ='Данные объект'!B6 -> 07.04.2025 | X79: г.
A80: окончания работ | P80: ='Данные объект'!B7 -> 18.04.2025 | X80: г.
A82: 6. Работы выполнены в соответствии с
A83: Электромонтажные работы выполнены по проектной документации согласно требованиям СП 76.13330.2016 и ПУЭ
A84: (наименования и структурные единицы технических регламентов, иных нормативных правовых актов, разделы проектной и (или) рабочей документации)
A85: 7. Разрешается производство последующих работ
A87: (наименование работ, строительных конструкций, участков сетей инженерно-технического обеспечения)
A88: Дополнительные сведения
A90: Акт составлен в | H90: 1 | J90: экземплярах (в случае заполнения акта на бумажном носителе).
A92: Приложения:
A93: 1. | B93: =G74 -> Исполнительная схема ограждения ТП | V93: - | W93: 1 лист
A94: 2. | B94: =L70 -> Сертификат качества № | V94: - | W94: 1 лист
A95: 3. | B95: =L71 -> Сертификат качества № | V95: - | W95: 1 лист
A96: (исполнительные схемы и чертежи, результаты экспертиз, обследований, лабораторных и иных испытаний)
A98: Представитель застройщика, технического заказчика, лица, ответственного за эксплуатацию
A99: здания, сооружения, или регионального оператора по вопросам строительного контроля
A100: ='Данные объект'!B33 -> Алексанян Г.Р.
A101: (фамилия, инициалы) | AB101: (подпись)
A102: Представитель лица, осуществляющего строительство, реконструкцию, капитальный ремонт
A103: ='Данные объект'!B20 -> Красилов К.А.
A104: (фамилия, инициалы) | AB104: (подпись)
A105: Представитель лица, осуществляющего строительство, реконструкцию, капитальный ремонт,
A106: по вопросам строительного контроля
A107: ='Данные объект'!B17 -> Капитонов Д.А.
A108: (фамилия, инициалы) | AB108: (подпись)
A109: Представители иных лиц:
A110: ='Данные объект'!$B$36 -> Курчин М.М.
A111: (фамилия, инициалы) | AB111: (подпись)
A112: Представитель лица, осуществляющего подготовку проектной документации (в случае привлечения застройщиком лица, осуществляющего подготовку проектной документации, для проверки соответствия выполняемых работ проектной документации согласно части 2 статьи 53 Градостроительного кодекса Российской Федерации)
...
