Workbook

Sheet Данные организации
A1: организация | B1: ООО "Энергосистемы" | C1: ООО «Гефест» | D1: ООО "Энком" | F1: ПАО "Россети Московский регион" | I1: Члены комиссии
A2: реквизиты | B2: ОГРН 1135044003709 ИНН 5044089069 КПП 504401001 | C2: ОГРН 1215000057238 ИНН 5044122213 КПП 504401001 | D2: ОГРН 1077762950055 ИНН 7743668640 КПП 770801001 | F2: ОГРН 1057746555811 ИНН 5036065113 КПП 772501001 | I2: ООО"Энергосистемы" | J2: ООО «Гефест» | K2: ООО «Энком» | L2: ПАО "Россети Московский регион"
A3: адрес | B3: 141508, Московская область, г.о. Солнечногорск, г. Солнечногорск, ул. Промышленная, стр. 5, помещение 179 | C3: 141508, Московская область, г.о. Солнечногорск, г Солнечногорск, ул Промышленная, строение 29А, корпус 1, офис 11 | D3: 107140, г.Москва, ул. Краснопрудная, д. 12/1, стр. 1, помещ. 1/6 | F3: 115114, город Москва, проезд Павелецкий 2-й, дом 3, строение 2 | I3: Главный энергетик ООО "Энергосистемы" | J3: Генеральный директор ООО "Гефест" | K3: Генеральный директор ООО "Энком"
A4: район | F4: Солнечногорский р-н | H4: Химкинский р-н | I4: Фечин А.А. | J4: Звездов Р.Е. | K4: Дандре Г.А.
F5: СРЭС филиала | H5: ХРЭС филиала | I5: Прораб ООО "Энергосистемы" | J5: Мастер электромонтажного участка ООО "Гефест" | K5: Главный инженер ООО "Энком"
A6: директор | B6: И.о.генерального директора | C6: Генеральный директор | D6: Генеральный директор | F6: Начальник СРЭС СЭС филиала | H6: Начальник ХРЭС СЭС филиала | I6: Волков М.Ю. | J6: Красилов К.А. | K6: Горбан Г.К.
A7: директор ФИО | B7: Чернявская Н.Ю. | C7: Звездов Р.Е. | D7: Дандре Г.А. | F7: Чуев А.Н. | H7: Арнаутов А.П. | I7: Инженер-электрик ООО "Энергосистемы" | J7: Главный специалист проектного отдела ООО "Гефест" | K7: Специалист по строительному контролю ООО "Энком"
A8: Строй.контроль | B8: Инженер по строительному контролю | C8: Специалист по строительному контролю | F8: Гл. специалист ССК УКС | G8: Гл. специалист ССК УКС | H8: Гл. специалист ССК УКС | I8: Высоцкий А.В. | J8: Павлова К.П. | K8: Филлипов А.Ю.
A9: Приказ стр.контр. | B9: Приказ № 18-ОТ/24 от 03 июня 2024 (НОСТРОЙ С-50-188017) | C9: Приказ №01/24-ОТ от 15.01.2024 (НРС № С-61-104369) | F9: Приказ №2363 от 29 июля 2025г (НРС С-50-069023) | G9: Приказ №53 от 13 марта 2025г. (НРС С-50-77-262451) | H9: Приказ №2363 от 29 июля 2025г (НОСТРОЙ С-50-15922)
A10: ФИО стр.контр. | B10: Капитонов Д.А. | C10: Саженова Л.В. | F10: Алексанян Г.Р. | G10: Шатковский А.Н. | H10: Хлебнов Д.Ф.
A11: Представитель | F11: Технический надзор | H11: Технический надзор
A12: ФИО предст.
F14: Гл. спец. сектора по льготным договорам тп | H14: Гл.инженер
F15: Ефремкин Е.И. | H15: Игнатьев К.А.
F16: Гл. специалист ПТГ
F17: Царькова Н.К.
A18: Прораб | B18: Прораб | C18: Мастер электромонтажного участка | D18: Главный инженер
A19: Приказ прораб | B19: Приказ №05-ОТ/24 от 09 января 2024г | C19: Приказ №01/24-ОТ от 15.01.2024 | D19: Приказ № ОТ-25 от 12.01.2024
A20: ФИО прораб | B20: Волков М.Ю. | C20: Красилов К.А. | D20: Горбан Г.К.
A23: сцепленные организация | B23: =CONCATENATE(B2,",",B3) -> ОГРН 1135044003709 ИНН 5044089069 КПП 504401001,141508, Московская область, г.о. Солнечногорск, г. Солнечногорск, ул. Промышленная, стр. 5, помещение 179 | C23: =CONCATENATE(C2,",",C3) -> ОГРН 1215000057238 ИНН 5044122213 КПП 504401001,141508, Московская область, г.о. Солнечногорск, г Солнечногорск, ул Промышленная, строение 29А, корпус 1, офис 11 | F23: =CONCATENATE(F8," ",F1,"-",F10," .",F9) -> Гл. специалист ССК УКС ПАО "Россети Московский регион"-Алексанян Г.Р. .Приказ №2363 от 29 июля 2025г (НРС С-50-069023) | G23: =CONCATENATE(G8," ",F1,"-",G9,".",G10) -> Гл. специалист ССК УКС ПАО "Россети Московский регион"-Приказ №53 от 13 марта 2025г. (НРС С-50-77-262451).Шатковский А.Н. | H23: =CONCATENATE(H8," ",F1,"-",H10," .",H9) -> Гл. специалист ССК УКС ПАО "Россети Московский регион"-Хлебнов Д.Ф. .Приказ №2363 от 29 июля 2025г (НОСТРОЙ С-50-15922)
A24: сцепленные организация | B24: =CONCATENATE(B1,",",B2,",",B3) -> ООО "Энергосистемы",ОГРН 1135044003709 ИНН 5044089069 КПП 504401001,141508, Московская область, г.о. Солнечногорск, г. Солнечногорск, ул. Промышленная, стр. 5, помещение 179 | C24: =CONCATENATE(C1,",",C2,",",C3) -> ООО «Гефест»,ОГРН 1215000057238 ИНН 5044122213 КПП 504401001,141508, Московская область, г.о. Солнечногорск, г Солнечногорск, ул Промышленная, строение 29А, корпус 1, офис 11 | F24: =CONCATENATE(F8," ",F1," ",F10) -> Гл. специалист ССК УКС ПАО "Россети Московский регион" Алексанян Г.Р. | G24: =CONCATENATE(G8," ",F1," ",G10) -> Гл. специалист ССК УКС ПАО "Россети Московский регион" Шатковский А.Н. | H24: =CONCATENATE(H8," ",F1," ",H10) -> Гл. специалист ССК УКС ПАО "Россети Московский регион" Хлебнов Д.Ф. | I24: Зам.начальника СРЭС филиала ПАО "Россети Московский Регион" Минин А.Л. | J24: Представитель ХРЭС филиала ПАО "Россети Московский Регион"
B25: =CONCATENATE(B8," ",B1,"-",B10,".",B9) -> Инженер по строительному контролю ООО "Энергосистемы"-Капитонов Д.А..Приказ № 18-ОТ/24 от 03 июня 2024 (НОСТРОЙ С-50-188017) | C25: =CONCATENATE(C8," ",C1,"-",C10,".",C9) -> Специалист по строительному контролю ООО «Гефест»-Саженова Л.В..Приказ №01/24-ОТ от 15.01.2024 (НРС № С-61-104369) | F25: =CONCATENATE(F8," ",F1) -> Гл. специалист ССК УКС ПАО "Россети Московский регион" | H25: =CONCATENATE(H8," ",F1) -> Гл. специалист ССК УКС ПАО "Россети Московский регион"
B26: =CONCATENATE(B8," ",B1) -> Инженер по строительному контролю ООО "Энергосистемы" | C26: =CONCATENATE(C8," ",C1) -> Специалист по строительному контролю ООО «Гефест» | F26: =CONCATENATE(F6," ",F1," ",F7) -> Начальник СРЭС СЭС филиала ПАО "Россети Московский регион" Чуев А.Н. | H26: =CONCATENATE(H6," ",F1," ",H7) -> Начальник ХРЭС СЭС филиала ПАО "Россети Московский регион" Арнаутов А.П.
B27: =CONCATENATE(B18," ",B1,"-",B20,".",B19) -> Прораб ООО "Энергосистемы"-Волков М.Ю..Приказ №05-ОТ/24 от 09 января 2024г | C27: =CONCATENATE(C18," ",C1,"-",C20,".",C19) -> Мастер электромонтажного участка ООО «Гефест»-Красилов К.А..Приказ №01/24-ОТ от 15.01.2024 | F27: =CONCATENATE(F14," ",F1," ",F15) -> Гл. спец. сектора по льготным договорам тп ПАО "Россети Московский регион" Ефремкин Е.И. | H27: =CONCATENATE(H14," ",F1," ",H15) -> Гл.инженер ПАО "Россети Московский регион" Игнатьев К.А.
B28: =CONCATENATE(B18," ",B1," ",B20) -> Прораб ООО "Энергосистемы" Волков М.Ю. | C28: =CONCATENATE(C18," ",C1,"-",C20) -> Мастер электромонтажного участка ООО «Гефест»-Красилов К.А. | F28: =CONCATENATE(F16," ",F1," ",F17) -> Гл. специалист ПТГ ПАО "Россети Московский регион" Царькова Н.К.
B29: =CONCATENATE(B18," ",B1) -> Прораб ООО "Энергосистемы" | C29: =CONCATENATE(C18," ",C1) -> Мастер электромонтажного участка ООО «Гефест»
A32: Приказы НТД
A33: До 14.11.24 | B33: методическими указаниями ПАО "Россети Московский регион" (утв. Приказом от 05.10.2023 г. № 1021)
A34: От 14.11.24 | B34: методическими указаниями ПАО "Россети Московский регион" (утв. Приказом от 14.11.2024 г. № 1254)
B35: Приказы
B36: по приказу №05-ОТ/24 от 09 января 2024г. в составе:
B37: по приказу №01/24-ОТ от 15.01.2024г. в составе:

Sheet Данные объект
A1: Данные объекта
A2: № САП | B2: SAP - 288007
A3: Объект | B3: Строительство ТП-10/0,4 кВ, ВЛЗ-10 кВ от ВЛЗ-10 кВ ф. «Кочугино» ПС №185 "Воробьево", ВЛИ-0,38 кВ, рлр, в т.ч. ПИР, МО, Солнечногорский р-н, г. Солнечногорск
A4: р-н | B4: Солнечногорский р-н
A5: Адрес | B5: 141533,Российская Федерация, г.о.Солнечногорск
A6: Дата старт | B6: 25.09.2024
A7: Дата финиш | B7: 15.01.2025
A8: Наименование электроустановки
A9: ТП | B9: ТП№
A10: Монтажная организация
A11: Организация | B11: ООО "Энергосистемы" | C11: =CONCATENATE(B11," ",B12," ",B13) -> ООО "Энергосистемы" ОГРН 1077762950055 ИНН 7743668640 КПП 770801001 107140, г.Москва, ул. Краснопрудная, д. 12/1, стр. 1, помещ. 1/6
A12: Реквизиты | B12: ОГРН 1077762950055 ИНН 7743668640 КПП 770801001
A13: адрес | B13: 107140, г.Москва, ул. Краснопрудная, д. 12/1, стр. 1, помещ. 1/6
A14: Должность | B14: Генеральный директор
A15: ФИО | B15: Звездов Р.Е. | C15: =CONCATENATE(B14," ",B11," ",B15) -> Генеральный директор ООО "Энергосистемы" Звездов Р.Е.
A16: Должность | B16: Инженер по строительному контролю | C16: =CONCATENATE(B16," ",B11) -> Инженер по строительному контролю ООО "Энергосистемы"
A17: Ф.И.О. | B17: Капитонов Д.А. | C17: =CONCATENATE(B16," ",B11," ",B17) -> Инженер по строительному контролю ООО "Энергосистемы" Капитонов Д.А.
A18: Приказ | B18: Приказ № 18-ОТ/24 от 03 июня 2024 (НОСТРОЙ С-50-188017) | C18: =CONCATENATE(B16," ",B11," ",B17,".",B18) -> Инженер по строительному контролю ООО "Энергосистемы" Капитонов Д.А..Приказ № 18-ОТ/24 от 03 июня 2024 (НОСТРОЙ С-50-188017)
A19: Должность | B19: Прораб | C19: =CONCATENATE(B19," ",B11) -> Прораб ООО "Энергосистемы"
A20: Ф.И.О. | B20: Волков М.Ю. | C20: =CONCATENATE(B19," ",B11," ",B20) -> Прораб ООО "Энергосистемы" Волков М.Ю.
A21: Приказ | B21: Приказ №05-ОТ/24 от 09 января 2024г | C21: =CONCATENATE(B19," ",B11," ",B20,".",B21) -> Прораб ООО "Энергосистемы" Волков М.Ю..Приказ №05-ОТ/24 от 09 января 2024г
A22: Заказчик
A23: Организация | B23: ПАО "Россети Московский регион" | C23: =CONCATENATE(B23," ",B24,",",B25) -> ПАО "Россети Московский регион" ОГРН 1057746555811 ИНН 5036065113 КПП 772501001,115114, город Москва, проезд Павелецкий 2-й, дом 3, строение 2
A24: Реквизиты | B24: ='[1]Данные организации'!F2 -> ОГРН 1057746555811 ИНН 5036065113 КПП 772501001
A25: адрес | B25: ='[1]Данные организации'!F3 -> 115114, город Москва, проезд Павелецкий 2-й, дом 3, строение 2
A26: Должность | B26: Начальник СРЭС СЭС филиала | C26: =CONCATENATE(B26," ",B23) -> Начальник СРЭС СЭС филиала ПАО "Россети Московский регион"
A27: Ф.И.О. | B27: Чуев А.Н. | C27: =CONCATENATE(B26," ",B23," ",B27) -> Начальник СРЭС СЭС филиала ПАО "Россети Московский регион" Чуев А.Н.
A28: Должность | B28: Гл. спец. сектора по льготным договорам тп | C28: =CONCATENATE(B28," ",B23) -> Гл. спец. сектора по льготным договорам тп ПАО "Россети Московский регион"
A29: Ф.И.О. | B29: Ефремкин Е.И. | C29: =CONCATENATE(B28," ",B23," ",B29) -> Гл. спец. сектора по льготным договорам тп ПАО "Россети Московский регион" Ефремкин Е.И.
A30: Должность | B30: Гл. специалист ПТГ | C30: =CONCATENATE(B30," ",B23) -> Гл. специалист ПТГ ПАО "Россети Московский регион"
A31: Ф.И.О. | B31: Царькова Н.К. | C31: =CONCATENATE(B30," ",B23," ",B31) -> Гл. специалист ПТГ ПАО "Россети Московский регион" Царькова Н.К.
A32: Должность | B32: Гл. специалист ССК УКС ПАО "Россети Московский регион" Алексанян Г.Р.
A33: Ф.И.О. | B33: Жижкевич М.А.
A34: Приказ | B34: Приказ №263 от 31 января 2024г (НОСТРОЙ С-50-138711)
A35: Проект
A36: Организация | B36: ООО"Энергосистемы"
A37: Реквизиты | B37: ОГРН 1135044003709 ИНН 5044089069 КПП 504401001
A38: адрес | B38: 141508, Московская область, г.о. Солнечногорск, г. Солнечногорск, ул. Промышленная, стр. 5, помещение 179
A39: Город | B39: г. Солнечногорск
A40: № | B40: проект
A41: Название | B41: титул
A42: Члены комиссии | C42: 1. Энергосистемы
A43: Приказ | B43: по приказу №05-ОТ/24 от 09 января 2023г. в составе: | C43: 2. Гефест
A44: Ф.И.О. | B44: Главный энергетик ООО "Энергосистемы" | C44: 3. Энком
A45: Ф.И.О. | B45: Фечин А.А. | C45: =CONCATENATE(B44," ",B45) -> Главный энергетик ООО "Энергосистемы" Фечин А.А.
A46: Ф.И.О. | B46: Прораб ООО "Энергосистемы"
A47: Ф.И.О. | B47: Волков М.Ю. | C47: =CONCATENATE(B46," ",B47) -> Прораб ООО "Энергосистемы" Волков М.Ю.
A48: Ф.И.О. | B48: Инженер-электрик ООО "Энергосистемы"
A49: Ф.И.О. | B49: Высоцкий А.В. | C49: =CONCATENATE(B48," ",B49) -> Инженер-электрик ООО "Энергосистемы" Высоцкий А.В.
A50: Приказы НТД
A51: № | B51: методическими указаниями ПАО "Россети Московский регион" (утв. Приказом от 14.11.2024 г. № 1254)

Sheet  Журнал АВК
J1: Приложение 2
J3: Приложение 49 к приказу от 19.12.2019 № 1414
B10: ЖУРНАЛ №
B11: УЧЕТА РЕЗУЛЬТАТОВ ВХОДНОГО КОНТРОЛЯ И КОНТРОЛЯ КАЧЕСТВА ПОЛУЧАЕМЫХ ДЕТАЛЕЙ,
B12: МАТЕРИАЛОВ, ИЗДЕЛИЙ, КОНСТРУКЦИЙ И ОБОРУДОВАНИЯ
B13: (ПРОДУКЦИИ ДЛЯ ЦЕЛЕЙ СТРОИТЕЛЬСТВА / РЕКОНСТРУКЦИИ)
B20: Наименование объекта | C20: ='Данные объект'!B3 -> Строительство ТП-10/0,4 кВ, ВЛЗ-10 кВ от ВЛЗ-10 кВ ф. «Кочугино» ПС №185 "Воробьево", ВЛИ-0,38 кВ, рлр, в т.ч. ПИР, МО, Солнечногорский р-н, г. Солнечногорск
B21: Адрес объекта | C21: ='Данные объект'!B5 -> 141533,Российская Федерация, г.о.Солнечногорск
B22: Наименование строительной организации | C22: ='Данные объект'!B11 -> ООО "Энергосистемы"
H27: Начат | I27: ='Данные объект'!B6 -> 25.09.2024
H28: Окончен | I28: ='Данные объект'!B7 -> 15.01.2025
A34: № п.п. | B34: Дата поставки | C34: Наименование деталей, материалов, изделий, конструкций, оборудования | D34: Количество | E34: Поставщик | F34: Наименование и номер документа изготовителя | G34: Результат проверки сопроводительных документов изготовителя и визуального осмотра на соответствие требованиям утвержденной проектной документации и соответствующим документам по стандартизации | H34: Решение о необходимости проведения инструментального контроля | I34: Результат инструментального контроля | J34: Подпись лица, осуществляющего контроль со стороны лица, осуществляющего строительство, и застройщика (технического заказчика)
A35: 1 | B35: 2 | C35: 3 | D35: 4 | E35: 5 | F35: 6 | G35: 7 | H35: 8 | I35: 9 | J35: 10
A36: 1 | B36: =I27 -> 25.09.2024 | C36: ='Провод СИП 3'!A37 -> Провод 3СИП3 1х70 | D36: ='Провод СИП 3'!C43 -> 64 м | E36: ='Провод СИП 3'!K39 -> ООО «Цветлит» | F36: ='Провод СИП 3'!A41 -> Паспорт качества на барабан № 23Т1-8223 от 09.01.2023г. | G36: Визуальный | H36: ____ | I36: ____ | J36: /
A37: 2 | B37: =I27 -> 25.09.2024 | C37: ='Провод СИП 2'!A39 -> Провод СИП2 3х70+1х70 | D37: ='Провод СИП 2'!C45 -> 135 м | E37: ='Провод СИП 2'!K41 -> АО «Кирскабель» | F37: ='Провод СИП 2'!A43 -> Паспорт качества на барабан № 22409668 | G37: Визуальный | H37: ____ | I37: ____ | J37: /
A38: 3 | B38: =I27 -> 25.09.2024 | C38: =стойки!A37 -> Ж/б опоры СВ110-5 | D38: =стойки!C43 -> 2 шт | E38: =стойки!K39 -> ООО «Энерго ЖБИ» | F38: =стойки!A41 -> Паспорт №302 от 12.02.2023 | G38: Визуальный | H38: ____ | I38: ____ | J38: /
A39: 4 | B39: =I27 -> 25.09.2024 | C39: =РЛК!A37 -> Разъединитель трехполюсный с приводом РЛК 10/400 | D39: =РЛК!C43 -> 1 шт | E39: =РЛК!K39 -> ООО "НИЛЕД" | F39: =РЛК!K39 -> ООО "НИЛЕД" | G39: Визуальный | H39: ____ | I39: ____ | J39: /
A40: 5 | B40: =I27 -> 25.09.2024 | C40: =ПРВТ!A37 -> Предохранитель-разъеденитель выхлопной ПРВТ-1-10.II-50Л-У1 | D40: 3 шт. | E40: =ПРВТ!K39 -> ОАО "ЗЭТО" | F40: =ПРВТ!A41 -> Паспорт №№20, 33, 44 | G40: Визуальный | H40: ____ | I40: ____ | J40: /
A41: 6 | B41: =I27 -> 25.09.2024 | C41: =КТП!A37 -> Комплектная трансформаторная подстанция КТП-ТК/ВК-250/10/0,4 | D41: =КТП!C43 -> 1 комп. | E41: =КТП!K39 -> ООО "КТП-Энерго" | F41: =КТП!A41 -> Паспорт №5009 от 13.07.2023г. | G41: Визуальный | H41: ____ | I41: ____ | J41: /
A42: 7 | B42: =I27 -> 25.09.2024 | C42: =ТМГ!A37 -> Трансформатор ТМГ-250/10-0,4УХЛ1 | D42: =ТМГ!C43 -> 1 шт. | E42: =ТМГ!K39 -> ТОО "Уральский трансформаторный завод" | F42: =ТМГ!A41 -> Паспорт №2204ФГ406 | G42: Визуальный | H42: ____ | I42: ____ | J42: /
A43: 8 | B43: =I27 -> 25.09.2024 | C43: ='лин.армат 0,4'!A37 -> Линейная арматура 0,4кВ (Заземляющий проводник ЗП6, Зажим Р72, Ответвительный зажим Р70, Натяжной зажим РА1500, Плашечный зажим ПС-2-1, Анкерный кронштейн CS10.3, Комплект промежуточной подвески ES1500, Стяжной хомут Е778, Мателлическая летна F207, Скрепа NC20, Бугель NB20, Герметичный зажим РС481, Ограничитель перенапряжения ОР600/28, Колпачек изолирующий СЕ16-150) | D43: ='лин.армат 0,4'!C43 -> 106 шт | E43: ='лин.армат 0,4'!K39 -> ООО «Нилед» | F43: ='лин.армат 0,4'!A41 -> Сертификат соответствия №РОСС RU.МЛ10.10783 срок действия от 25.11.2022 до 19.11.2028г | G43: Визуальный | H43: ____ | I43: ____ | J43: /
A44: 9 | B44: =I27 -> 25.09.2024 | C44: ='уголок 50'!A37 -> Уголок 50х50х5 | D44: ='уголок 50'!C43 -> 41,6 м | E44: ='уголок 50'!K39 -> ООО «УГМК-Сталь» | F44: ='уголок 50'!A41 -> Сертификат качества №2021644263 | G44: Визуальный | H44: ____ | I44: ____ | J44: /
A45: 10 | B45: =I27 -> 25.09.2024 | C45: ='уголок 63'!A39 -> Уголок 63х63х5 | D45: ='уголок 63'!C45 -> 30 м | E45: ='уголок 63'!K41 -> ООО «УГМК-Сталь» | F45: ='уголок 63'!A43 -> Сертификат качества №2024647014 | G45: Визуальный | H45: ____ | I45: ____ | J45: /
A46: 11 | B46: =I27 -> 25.09.2024 | C46: ='арм. 10'!A37 -> Сталь круглая Ø10 | D46: ='арм. 10'!C43 -> 18 м | E46: ='арм. 10'!K39 -> ООО "УГМК-Сталь" | F46: ='уголок 50'!A41 -> Сертификат качества №2021644263 | G46: Визуальный | H46: ____ | I46: ____ | J46: /
A47: 12 | B47: =I27 -> 25.09.2024 | C47: =ВРЩ!A37 -> ВРЩ-0,4кВ | D47: =ВРЩ!C43 -> 1 шт | E47: =ВРЩ!K39 -> ООО "ИЭК Холдинг" | F47: =ВРЩ!A41 -> Паспорт №б/н | G47: Визуальный | H47: ____ | I47: ____ | J47: /
A48: 13 | B48: =I27 -> 25.09.2024 | C48: ='счетчик СТЭМ'!A37 -> Счетчик электрической энергии СТЭМ 300 | D48: ='счетчик СТЭМ'!C43 -> 1 шт | E48: ='счетчик СТЭМ'!K39 -> ООО "СИ-АРТ" | F48: ='счетчик СТЭМ'!A41 -> Паспорт №25001237 от 06.05.2025г. | G48: Визуальный | H48: ____ | I48: ____ | J48: /
A49: 14 | B49: =I27 -> 25.09.2024 | C49: ='лин.армат 6-10к'!A37 -> Линейная арматура 10кВ (Траверса ТМ74, ТМ73, Зажим SLW.36, Изолятор штырьевой IF27, Колпачок К-9, Заземляющий проводник ЗП1-1, Плашечный зажим CD35, Зажим ответвительный RP150, Хомут Х51, Вязка спиральная СВ70, Траверса ТМ63, Плашечный зажим CD70, Металлическая лента F207, Скрепа NC20) | D49: ='лин.армат 6-10к'!C43 -> 121 шт | E49: ='лин.армат 6-10к'!K39 -> ООО «Нилед» | F49: ='лин.армат 6-10к'!A41 -> Сертификат соответствия №РОСС RU.АМ05.Н22141 | G49: Визуальный | H49: ____ | I49: ____ | J49: /
A50: 15 | B50: =I27 -> 25.09.2024 | C50: =пол.40х4!A37 -> Стальная полоса 40х4 | D50: =пол.40х4!C43 -> 37 м | E50: =пол.40х4!K39 -> МЗ Балаково | F50: =пол.40х4!A41 -> Сертификат качества №21010194 | G50: Визуальный | H50: ____ | I50: ____ | J50: /
A51: 16 | B51: =I27 -> 25.09.2024 | C51: =пол.50х4!A37 -> Стальная полоса 50х4 | D51: =пол.50х4!C43 -> 3 м | E51: =пол.50х4!K39 -> ООО "Тулачермет-сталь" | F51: =пол.50х4!A41 -> Сертификат качества №3968968 | G51: Визуальный | H51: ____ | I51: ____ | J51: /
A52: 17 | B52: =I27 -> 25.09.2024 | C52: ='арм. 12'!A37 -> Сталь круглая Ø12 | D52: ='арм. 12'!C43 -> 102 м | E52: ='арм. 12'!K39 -> ООО "УГМК Сталь" | F52: ='арм. 12'!A41 -> Сертификат качества №2060647170 | G52: Визуальный | H52: ____ | I52: ____ | J52: /
A53: 18 | B53: =I27 -> 25.09.2024 | C53: =' фунд.КТП'!A37 -> Фундаментные блоки ФБС 24.4.6-Т; | D53: =' фунд.КТП'!C43 -> 2 шт | E53: =' фунд.КТП'!K39 -> ООО «ФОРМА ЖБИ» | F53: =' фунд.КТП'!A41 -> Документ №119 от 03.03.2023г. | G53: Визуальный | H53: ____ | I53: ____ | J53: /
A54: 19 | B54: =I27 -> 25.09.2024 | C54: ='арм. 8'!A37 -> Сталь круглая Ø8 | D54: ='арм. 8'!C43 -> 8,1 м | E54: ='арм. 8'!K39 -> ОАО "Белорусский металлургический завод" | F54: ='арм. 8'!A41 -> Сертификат качества №8683-2722 | G54: Визуальный | H54: ____ | I54: ____ | J54: /
A55: 20 | B55: =I27 -> 25.09.2024 | C55: =изоляторы!A39 -> Изолятор штырьевой ШФ20-Г | D55: =изоляторы!C45 -> 6 шт | E55: =изоляторы!K41 -> ООО «Гжельский завод Электроизолятор» | F55: =изоляторы!A43 -> Сертификат соответствия №РОСС RU.АЖ49.Н01642 срок действия от 24.08.2021г до 23.08.2024г | G55: Визуальный | H55: ____ | I55: ____ | J55: /
A56: 21 | B56: =I27 -> 25.09.2024 | C56: =ПКТ!A37 -> Предохранитель высоковольтный с кварцевым наполнителем 3ПКТ-103-6-100А-31,5УЗ | D56: =ПКТ!C43 -> 3 шт | E56: =ПКТ!K39 -> ООО «Экопром» | F56: =ПКТ!A41 -> Сертификат соответствия №РОСС RU.04РИД0.ОСП04.С00591 срок действия от 14.01.2022г до 13.01.2025г | G56: Визуальный | H56: ____ | I56: ____ | J56: /
A57: 22 | B57: =I27 -> 25.09.2024 | C57: =' муфты '!A37 -> Муфта концевая термоусаживаемая 3 КВНТп-1 70/120 | D57: =' муфты '!C43 -> 2 шт | E57: =' муфты '!K39 -> АО "ПЗЭМИ" | F57: =' муфты '!A41 -> Сертификат соответствия №РОСС RU.32001.04ИБФ1.ОСП28.45002 срок действия с 20.12.2023 по 19.12.2026 гг. | G57: Визуальный | H57: ____ | I57: ____ | J57: /
A58: 23 | B58: =I27 -> 25.09.2024 | C58: ='ТТ Т-0,66'!A37 -> Трансформатор тока Т-0,66 400/5 | D58: ='ТТ Т-0,66'!C43 -> 3 шт | E58: ='ТТ Т-0,66'!K39 -> ФК ИК-1 | F58: ='ТТ Т-0,66'!A41 -> Декларация о соответствии №ЕАЭС №RU Д-RU.НВ11.В.00611/19 от 19.11.2019г | G58: Визуальный | H58: ____ | I58: ____ | J58: /
A59: 24 | B59: =I27 -> 25.09.2024 | C59: =РМК!A37 -> Длинно-искровой разрядник РМК | D59: =РМК!C43 -> 3 шт | E59: =РМК!K39 -> АО "НПО "Стример" | F59: =РМК!A41 -> Сертификат соответствия №РОСС RU.ЕФ01.Н00004-22 срок действия от 10.04.2022г до 09.04.2025 | G59: Визуальный | H59: ____ | I59: ____ | J59: /
A60: 25 | B60: =I27 -> 25.09.2024 | C60: ='выключатели ВА'!A37 -> Выключатель автоматический ВА57-35 (250А) - 2 шт. | D60: ='выключатели ВА'!C43 -> 2 | E60: ='выключатели ВА'!K39 -> ООО "КЭАЗ" | F60: ='выключатели ВА'!A41 -> Сертификат соответствия №ЕАЭС RU.С-RU.АБ53.В.02348/21 с 11.11.2021 по 10.11.2026 | G60: Визуальный | H60: ____ | I60: ____ | J60: /
A61: 26 | B61: =$B$60 -> 25.09.2024 | C61: =каб.АСБ!A37 -> Кабель АСБл-10 3х120 | D61: =каб.АСБ!C43 -> 136 м | E61: =каб.АСБ!K39 -> ООО "Камский кабель" | F61: =каб.АСБ!A41 -> Паспорт качества №10793/23 | G61: Визуальный | H61: ____ | I61: ____ | J61: /
A62: 27 | B62: =$B$60 -> 25.09.2024 | C62: =КРН!A37 -> Комплектное распределительное устройство наружной установки, 10кВ, 1000А, ввод КРУН-017-1000-УХЛ1; Комплектное распределительное устройство наружной установки, 10кВ, 1000А, линия КРУН-002-1000-УХЛ1 | D62: =КРН!C43 -> 2 шт | E62: =КРН!K39 -> АО"ЧЭАЗ" | F62: =КРН!A41 -> Декларация о соответствии №РОСС RU Д-RU.АЯ96.В.00016/20 от 11.02.2020г | G62: Визуальный | H62: ____ | I62: ____ | J62: /
A63: 28 | B63: =$B$60 -> 25.09.2024 | C63: =КСО!A37 -> Ячейка КСО-298 MSI | D63: =КСО!C43 -> 28 шт | E63: =КСО!K39 -> АО"ГК"Электрощит" - ТМ Самара" | F63: =КСО!A41 -> Декларация о соответствии №РОСС RU Д-RU.РА01.В.23898/22 срок действия от 06.07.2022г по 05.07.2025г | G63: Визуальный | H63: ____ | I63: ____ | J63: /
A64: 29 | B64: =$B$60 -> 25.09.2024 | C64: =ТОЛ!A37 -> Трансформатор тока ТОЛ-10 300А. | D64: =ТОЛ!C43 -> 6шт | E64: =ТОЛ!K39 -> ООО "НТЗ"Волхов" | F64: =ТОЛ!A41 -> Декларация о соответствии №РОСС RU Д-RU.АБ69.В.03247/20 срок действия от 04.02.2020г до 03.2.2025г | G64: Визуальный | H64: ____ | I64: ____ | J64: /
A65: 30 | B65: =$B$60 -> 25.09.2024 | C65: ='провод Пувг'!A37 -> Провод установочный с медной жилой на напряжение 380 В гибкий сечением 10 мм² ПуГВ 1х10 | D65: ='провод Пувг'!C43 -> 3 м | E65: ='провод Пувг'!K39 -> ООО "Рыбинскэлектрокабель" | F65: ='провод Пувг'!A41 -> Сертификат соответствия № ЕАЭС RU C-RU.МЕ77.В.01309/24 срок действия от 13.05.2024г до 12.05.2029г | G65: Визуальный | H65: ____ | I65: ____ | J65: /
A66: 31 | B66: =$B$60 -> 25.09.2024 | C66: =АВБшв!A37 -> Кабель алюминиевый АВБбШв- 4х150 мм2 | D66: =АВБшв!C43 -> 129 м | E66: =АВБшв!K39 -> ООО "Главстройэнерго" | F66: =АВБшв!A41 -> Паспорт качества №2349/24С от 00.05.2024г. | G66: Визуальный | H66: ____ | I66: ____ | J66: /
A67: 32 | B67: =$B$60 -> 25.09.2024 | C67: =КВВГ!A37 -> Кабель контрольный КВВГнг 10х2,5 | D67: =КВВГ!C43 -> 2,6 м | E67: =КВВГ!K39 -> АО "Людиновокабель" | F67: =КВВГ!A41 -> Сертификат соответствия № ЕАЭС RU C-RU.МЕ80.В.00003/19 от 27.03.2019г до 26.03.2024г | G67: Визуальный | H67: ____ | I67: ____ | J67: /
A68: 33 | B68: =$B$60 -> 25.09.2024 | C68: ='провод ПВС'!A37 -> Провод с резиновой изоляцией ПВС 2х2,5 | D68: ='провод ПВС'!C43 -> 81 м | E68: ='провод ПВС'!K39 -> ООО "Электрокабель НН" | F68: ='провод ПВС'!A41 -> Декларация о соответствии №ЕАЭС № RU Д-RU.НВ11.В.07850/20 от 10.03.2020 | G68: Визуальный | H68: ____ | I68: ____ | J68: /
A69: 34 | B69: =$B$60 -> 25.09.2024 | C69: =сиг.лента!A37 -> Сигнальная лента ЛЭС 450 | D69: =сиг.лента!C43 -> 527 шт | E69: =сиг.лента!K39 -> ООО "НПК Протэкт" | F69: =сиг.лента!A41 -> Сертификат соответствия №ПФЛ4.RU.0501.Н.00192 от 12.05.2022г | G69: Визуальный | H69: ____ | I69: ____ | J69: /
A70: 35 | B70: =$B$60 -> 25.09.2024 | C70: =ПЗК!A37 -> Плиты ПЗК 240х480 (над кабелем) | D70: =ПЗК!C43 -> 146 шт | E70: =ПЗК!K39 -> ООО "ГЛАВСТРОЙЭНЕРГО" | F70: =ПЗК!A41 -> Технический паспорт №3006/05 от 30.06.2023г. | G70: Визуальный | H70: ____ | I70: ____ | J70: /
A71: 36 | B71: =$B$60 -> 25.09.2024 | C71: =ПНД!A37 -> Труба ПНД ∅160мм | D71: =ПНД!C43 -> 151 м | E71: =ПНД!K39 -> ООО "НЗПМ" | F71: =ПНД!A41 -> Паспорт качества №48 от 20.03.2023г. | G71: Визуальный | H71: ____ | I71: ____ | J71: /
A72: 37 | B72: =$B$60 -> 25.09.2024 | C72: =труба!A39 -> Труба профильная 80х80х3 | D72: =труба!C45 -> 3,5 м | E72: =труба!K41 -> ООО "КТЗ" | F72: =труба!A43 -> Сертификат качества №23515/166 | G72: Визуальный | H72: ____ | I72: ____ | J72: /
A73: 38 | B73: =$B$60 -> 25.09.2024 | C73: ='упл.каб.прох.'!A39 -> Уплотнитель кабельных проходов УКПТ 175/55 | D73: ='упл.каб.прох.'!C45 -> 30 шт | E73: ='упл.каб.прох.'!K41 -> ООО"Сфера" | F73: ='упл.каб.прох.'!A43 -> Информационное письмо Исх.№14052021-296 от 23.11.2021г | G73: Визуальный | H73: ____ | I73: ____ | J73: /
A74: 39 | B74: =$B$60 -> 25.09.2024 | C74: =швеллер!A37 -> Швеллер №10П | D74: =швеллер!C43 -> 3,4 м | E74: =швеллер!K39 -> АО "ЕВРАЗ ЗСМК" | F74: =швеллер!A41 -> Документ о качестве №2305390 от 18.02.2024 г. | G74: Визуальный | H74: ____ | I74: ____ | J74: /
A75: 40 | B75: =$B$60 -> 25.09.2024 | C75: =Профлист!A37 -> Профлист оцинкованный | D75: =Профлист!C43 -> 3,76 м2 | E75: =Профлист!K39 -> ООО "Стальные конструкции-Профлист" | F75: =Профлист!A41 -> Сертификат соответствия №РОСС RU.32001.04ИБФ1.ОСП28.47246 | G75: Визуальный | H75: ____ | I75: ____ | J75: /
A76: 41 | B76: =B75 -> 25.09.2024 | C76: =краска!A34 -> Краска ПФ 115 | D76: =краска!C40 -> 2,8 кг | E76: =краска!K36 -> АО "Пигмент" | F76: =краска!A38 -> Сертификат соответствия №РОСС RU.НЕ42.Н03935 срок действия с 05.11.2024 по 04.11.2027г | G76: Визуальный | H76: ____ | I76: ____ | J76: /
A77: 42 | G77: Визуальный | H77: ____ | I77: ____ | J77: /
A78: 43 | G78: Визуальный | H78: ____ | I78: ____ | J78: /
A79: 44 | G79: Визуальный | H79: ____ | I79: ____ | J79: /
A80: 45 | G80: Визуальный | H80: ____ | I80: ____ | J80: /
A81: 46 | G81: Визуальный | H81: ____ | I81: ____ | J81: /
A82: 47 | G82: Визуальный | H82: ____ | I82: ____ | J82: /
A83: 48 | G83: Визуальный | H83: ____ | I83: ____ | J83: /
A84: 49 | G84: Визуальный | H84: ____ | I84: ____ | J84: /
A85: 50 | G85: Визуальный | H85: ____ | I85: ____ | J85: /
A86: 51 | G86: Визуальный | H86: ____ | I86: ____ | J86: /

Sheet КТП
K1: Приложение 1
K3: Приложение 48 к приказу от 19.12.2019 № 1414
F5: ФОРМА
I6: ГОДЕН
I7: (результат контроля продукции)
A8: Объект строительства:
A9: ='Провод СИП 3'!A9:L9 -> Строительство ТП-10/0,4 кВ, ВЛЗ-10 кВ от ВЛЗ-10 кВ ф. «Кочугино» ПС №185 "Воробьево", ВЛИ-0,38 кВ, рлр, в т.ч. ПИР, МО, Солнечногорский р-н, г. Солнечногорск
A11: Заказчик строительства: Филиал ПАО «Россети Московский регион» - Северные электрические сети
A13: АКТ № 1/ | G13: ='Провод СИП 3'!G13 -> SAP - 288007
A14: входного контроля
A16: ='Данные объект'!B5 -> 141533,Российская Федерация, г.о.Солнечногорск | K16: ='Провод СИП 3'!K16:L16 -> 25.09.2024
A17: (место проведения) | K17: (дата)
A19: Нами, комиссией | C19: ='Данные объект'!B11 -> ООО "Энергосистемы" | H19: ='Данные объект'!B43 -> по приказу №05-ОТ/24 от 09 января 2023г. в составе:
C20: (организация, от которой сформирована комиссия)
A22: Председателя: . | C22: ='Данные объект'!C45 -> Главный энергетик ООО "Энергосистемы" Фечин А.А.
A23: (должность, организация, фамилия, имя, отчество)
A25: и членов комиссии:
C26: ='Данные объект'!C47 -> Прораб ООО "Энергосистемы" Волков М.Ю.
A27: (должность, организация, фамилия, имя, отчество)
C28: ='Данные объект'!C49 -> Инженер-электрик ООО "Энергосистемы" Высоцкий А.В.
A29: (должность, организация, фамилия, имя, отчество)
C30: ='Данные объект'!B32 -> Гл. специалист ССК УКС ПАО "Россети Московский регион" Алексанян Г.Р.
A31: (должность, организация, фамилия, имя, отчество)
A32: руководствуясь, | C32: ='Данные объект'!B51 -> методическими указаниями ПАО "Россети Московский регион" (утв. Приказом от 14.11.2024 г. № 1254)
A33: (документ, устанавливающий требевания по организации и проведению входного контроля продукции)
A34: составила настоящий акт о выполненном входном контроле продукции для строительства.
A36: 1. К входному контролю представлена следующая продукция:
A37: Комплектная трансформаторная подстанция КТП-ТК/ВК-250/10/0,4
A38: (наименование продукции)
A39: 1.1. Наименование, номер документа, удостоверяющего качество и НТД на продукцию: | K39: ООО "КТП-Энерго"
K40: (изготовитель,
A41: Паспорт №5009 от 13.07.2023г. | H41: НТД | I41: ТУ-3412-002-03769014-2017
A42: № документа и дата, № партии, дата изготовления) (ГОСТ, ТУ, чертеж КМД)
A43: 1.2. Кол-во: | C43: 1 комп. | E43: Кол-во партии: | G43: 1 комп.
A44: (штуки, объем, вес в ед. изм.) (штуки, объем, вес в ед. изм.)
A45: 1.3. Поставщик: | C45: =K39 -> ООО "КТП-Энерго" | F45: Договор | G45: №79-КТП-Энерго/2023 от 20.06.2023г
A46: (наименование организации) (реквизиты договора на поставку)
A47: 2. Подготовка продукции к контролю по НТД: | F47: выполнена
A48: (выполнена/не выполнена)
A49: 3. При входном контроле проведены следующие контрольные мероприятия:
A51: Количество, масса, объем проверенной продукции (в ед. изм.) | E51: Вид контроля (НТД) и дата сдачи образцов (проб) на контроль | G51: Приборы контроля | I51: № прибора и дата поверки прибора | K51: № и дата протокола контроля | L51: Заключение по контролю (годен/не годен)
A53: Визуальным осмотром | C53: Инструментальными и приборными методами
A56: 1 | C56: 2 | E56: 3 | G56: 4 | I56: 5 | K56: 6 | L56: 7
A57: =C43 -> 1 комп. | C57: - | E57: Визуальный | G57: - | I57: - | K57: - | L57: годен
A61: 4. В результате проведенного входного контроля представленной продукции установлено:
A62: а) Сопроводительные документы: | E62: соответствует
A63: (соответствуют/не соответствуют)
A64: б) Комплектность (в т.ч. ЗИП): | D64: соответствует
A65: (соответствует/не соответствует)
A66: в) Целостность и сохранность упаковки: | E66: соответствует
A67: (соответствует/не соответствует)
A68: г) Выполнение консервации: | D68: соответствует
A69: (соответствует/не соответствует)
A70: д) Наличие ЗАК/протокола КДО: | D70: ЗАК №IПД-132/24 от 24.07.2024 г. до 24.07.2029 г.
A71: (номер ЗАК или протокола КДО и дата выдачм/отсутствует)
A72: Проверенная продукция для последующего применения признана: | H72: пригодной
A73: (пригодной/непригодной)
A74: и допущена к применению при строительно-монтажных работах на объекте____________________________________________________________
A75: (допущена/не допущена) (указать последующее действие с пригодной продукцией)
A77: Продукция признана непригодной по следующим причинам:
A78: ­
A79: (указать причины отбраковки, документальные результаты контроля, протоколы испытания и прочие документы)
A80: непригодная продукия подлежит: | D80: -
A81: (указать последующее действие с непригодной продукцией)
A82: Председатель:
A83: =C22 -> Главный энергетик ООО "Энергосистемы" Фечин А.А.
A84: (должность, организация, подпись, фамилия, имя, отчество)
A85: Члены комиссии:
A86: =C26 -> Прораб ООО "Энергосистемы" Волков М.Ю.
A87: (должность, организация, подпись, фамилия, имя, отчество)
A88: =C28 -> Инженер-электрик ООО "Энергосистемы" Высоцкий А.В.
A89: (должность, организация, подпись, фамилия, имя, отчество)
A90: Присутствующие:
A91: =C30 -> Гл. специалист ССК УКС ПАО "Россети Московский регион" Алексанян Г.Р.
A92: (должность, организация, фамилия, имя, отчество)
A93: Особые отметки:

Sheet ТМГ
K1: Приложение 1
K3: Приложение 48 к приказу от 19.12.2019 № 1414
F5: ФОРМА
I6: ГОДЕН
I7: (результат контроля продукции)
A8: Объект строительства:
A9: ='Провод СИП 3'!A9:L9 -> Строительство ТП-10/0,4 кВ, ВЛЗ-10 кВ от ВЛЗ-10 кВ ф. «Кочугино» ПС №185 "Воробьево", ВЛИ-0,38 кВ, рлр, в т.ч. ПИР, МО, Солнечногорский р-н, г. Солнечногорск
A11: Заказчик строительства: Филиал ПАО «Россети Московский регион» - Северные электрические сети
A13: АКТ № 2/ | G13: ='Провод СИП 3'!G13 -> SAP - 288007
A14: входного контроля
A16: ='Данные объект'!B5 -> 141533,Российская Федерация, г.о.Солнечногорск | K16: ='Провод СИП 3'!K16:L16 -> 25.09.2024
A17: (место проведения) | K17: (дата)
A19: Нами, комиссией | C19: ='Данные объект'!B11 -> ООО "Энергосистемы" | H19: ='Данные объект'!B43 -> по приказу №05-ОТ/24 от 09 января 2023г. в составе:
C20: (организация, от которой сформирована комиссия)
A22: Председателя: . | C22: ='Данные объект'!C45 -> Главный энергетик ООО "Энергосистемы" Фечин А.А.
A23: (должность, организация, фамилия, имя, отчество)
A25: и членов комиссии:
C26: ='Данные объект'!C47 -> Прораб ООО "Энергосистемы" Волков М.Ю.
A27: (должность, организация, фамилия, имя, отчество)
C28: ='Данные объект'!C49 -> Инженер-электрик ООО "Энергосистемы" Высоцкий А.В.
A29: (должность, организация, фамилия, имя, отчество)
C30: ='Данные объект'!B32 -> Гл. специалист ССК УКС ПАО "Россети Московский регион" Алексанян Г.Р.
A31: (должность, организация, фамилия, имя, отчество)
A32: руководствуясь, | C32: ='Данные объект'!B51 -> методическими указаниями ПАО "Россети Московский регион" (утв. Приказом от 14.11.2024 г. № 1254)
A33: (документ, устанавливающий требевания по организации и проведению входного контроля продукции)
A34: составила настоящий акт о выполненном входном контроле продукции для строительства.
A36: 1. К входному контролю представлена следующая продукция:
A37: Трансформатор ТМГ-250/10-0,4УХЛ1
A38: (наименование продукции)
A39: 1.1. Наименование, номер документа, удостоверяющего качество и НТД на продукцию: | K39: ТОО "Уральский трансформаторный завод"
K40: (изготовитель,
A41: Паспорт №2204ФГ406 | H41: НТД | I41: ГОСТ 11677-85
A42: № документа и дата, № партии, дата изготовления) (ГОСТ, ТУ, чертеж КМД)
A43: 1.2. Кол-во: | C43: 1 шт. | E43: Кол-во партии: | G43: 1 шт.
A44: (штуки, объем, вес в ед. изм.) (штуки, объем, вес в ед. изм.)
A45: 1.3. Поставщик: | C45: ООО "ЭнергоТранс" | F45: Договор | G45: №198 от 16.03.2023г
A46: (наименование организации) (реквизиты договора на поставку)
A47: 2. Подготовка продукции к контролю по НТД: | F47: выполнена
A48: (выполнена/не выполнена)
A49: 3. При входном контроле проведены следующие контрольные мероприятия:
A51: Количество, масса, объем проверенной продукции (в ед. изм.) | E51: Вид контроля (НТД) и дата сдачи образцов (проб) на контроль | G51: Приборы контроля | I51: № прибора и дата поверки прибора | K51: № и дата протокола контроля | L51: Заключение по контролю (годен/не годен)
A53: Визуальным осмотром | C53: Инструментальными и приборными методами
A56: 1 | C56: 2 | E56: 3 | G56: 4 | I56: 5 | K56: 6 | L56: 7
A57: =C43 -> 1 шт. | C57: - | E57: Визуальный | G57: - | I57: - | K57: - | L57: годен
A61: 4. В результате проведенного входного контроля представленной продукции установлено:
A62: а) Сопроводительные документы: | E62: соответствует
A63: (соответствуют/не соответствуют)
A64: б) Комплектность (в т.ч. ЗИП): | D64: соответствует
A65: (соответствует/не соответствует)
A66: в) Целостность и сохранность упаковки: | E66: соответствует
A67: (соответствует/не соответствует)
A68: г) Выполнение консервации: | D68: соответствует
A69: (соответствует/не соответствует)
A70: д) Наличие ЗАК/протокола КДО: | D70: ЗАК №IЗ-171/22 от 12.08.2022 г. до 12.08.2027 г.
A71: (номер ЗАК или протокола КДО и дата выдачм/отсутствует)
A72: Проверенная продукция для последующего применения признана: | H72: пригодной
A73: (пригодной/непригодной)
A74: и допущена к применению при строительно-монтажных работах на объекте____________________________________________________________
A75: (допущена/не допущена) (указать последующее действие с пригодной продукцией)
A77: Продукция признана непригодной по следующим причинам:
A78: ­
A79: (указать причины отбраковки, документальные результаты контроля, протоколы испытания и прочие документы)
A82: непригодная продукия подлежит: | D82: -
A83: (указать последующее действие с непригодной продукцией)
A84: Председатель:
A85: =C22 -> Главный энергетик ООО "Энергосистемы" Фечин А.А.
A86: (должность, организация, подпись, фамилия, имя, отчество)
A87: Члены комиссии:
A88: =C26 -> Прораб ООО "Энергосистемы" Волков М.Ю.
A89: (должность, организация, подпись, фамилия, имя, отчество)
A90: =C28 -> Инженер-электрик ООО "Энергосистемы" Высоцкий А.В.
A91: (должность, организация, подпись, фамилия, имя, отчество)
A92: Присутствующие:
A93: =C30 -> Гл. специалист ССК УКС ПАО "Россети Московский регион" Алексанян Г.Р.
A94: (должность, организация, фамилия, имя, отчество)
A95: Особые отметки:

Sheet РЛК
K1: Приложение 1
K3: Приложение 48 к приказу от 19.12.2019 № 1414
F5: ФОРМА
I6: ГОДЕН
I7: (результат контроля продукции)
A8: Объект строительства:
A9: ='Провод СИП 3'!A9:L9 -> Строительство ТП-10/0,4 кВ, ВЛЗ-10 кВ от ВЛЗ-10 кВ ф. «Кочугино» ПС №185 "Воробьево", ВЛИ-0,38 кВ, рлр, в т.ч. ПИР, МО, Солнечногорский р-н, г. Солнечногорск
A11: Заказчик строительства: Филиал ПАО «Россети Московский регион» - Северные электрические сети
A13: АКТ №0/ | G13: ='Провод СИП 3'!G13 -> SAP - 288007
A14: входного контроля
A16: ='Провод СИП 3'!A16 -> 141533,Российская Федерация, г.о.Солнечногорск | K16: ='Провод СИП 3'!K16:L16 -> 25.09.2024
A17: (место проведения) | K17: (дата)
A19: Нами, комиссией | C19: ='Данные объект'!B11 -> ООО "Энергосистемы" | H19: ='Данные объект'!B43 -> по приказу №05-ОТ/24 от 09 января 2023г. в составе:
C20: (организация, от которой сформирована комиссия)
A22: Председателя: . | C22: ='Данные объект'!C45 -> Главный энергетик ООО "Энергосистемы" Фечин А.А.
A23: (должность, организация, фамилия, имя, отчество)
A25: и членов комиссии:
C26: ='Данные объект'!C47 -> Прораб ООО "Энергосистемы" Волков М.Ю.
A27: (должность, организация, фамилия, имя, отчество)
C28: ='Данные объект'!C49 -> Инженер-электрик ООО "Энергосистемы" Высоцкий А.В.
A29: (должность, организация, фамилия, имя, отчество)
C30: ='Данные объект'!B32 -> Гл. специалист ССК УКС ПАО "Россети Московский регион" Алексанян Г.Р.
A31: (должность, организация, фамилия, имя, отчество)
A32: руководствуясь, | C32: ='Данные объект'!B51 -> методическими указаниями ПАО "Россети Московский регион" (утв. Приказом от 14.11.2024 г. № 1254)
A33: (документ, устанавливающий требевания по организации и проведению входного контроля продукции)
A34: составила настоящий акт о выполненном входном контроле продукции для строительства.
A36: 1. К входному контролю представлена следующая продукция:
A37: Разъединитель трехполюсный с приводом РЛК 10/400
A38: (наименование продукции)
A39: 1.1. Наименование, номер документа, удостоверяющего качество и НТД на продукцию: | K39: ООО "НИЛЕД"
K40: (изготовитель,
A41: Сертификат соответствия №РОСС RU.HE42.Н01995 срок действия с 01.10.2024г по 30.09.2027г | H41: НТД | I41: ГОСТ Р 52726-2007
A42: № документа и дата, № партии, дата изготовления) (ГОСТ, ТУ, чертеж КМД)
A43: 1.2. Кол-во: | C43: 1 шт | E43: Кол-во партии: | G43: 1 шт
A44: (штуки, объем, вес в ед. изм.) (штуки, объем, вес в ед. изм.)
A45: 1.3. Поставщик: | C45: ООО ТК "Норма-кабель" | F45: Договор | G45: №НК-398 от 30.11.2023
A46: (наименование организации) (реквизиты договора на поставку)
A47: 2. Подготовка продукции к контролю по НТД: | F47: выполнена
A48: (выполнена/не выполнена)
A49: 3. При входном контроле проведены следующие контрольные мероприятия:
A51: Количество, масса, объем проверенной продукции (в ед. изм.) | E51: Вид контроля (НТД) и дата сдачи образцов (проб) на контроль | G51: Приборы контроля | I51: № прибора и дата поверки прибора | K51: № и дата протокола контроля | L51: Заключение по контролю (годен/не годен)
A53: Визуальным осмотром | C53: Инструментальными и приборными методами
A56: 1 | C56: 2 | E56: 3 | G56: 4 | I56: 5 | K56: 6 | L56: 7
A57: =C43 -> 1 шт | C57: - | E57: Визуальный | G57: - | I57: - | K57: - | L57: годен
A61: 4. В результате проведенного входного контроля представленной продукции установлено:
A62: а) Сопроводительные документы: | E62: соответствует
A63: (соответствуют/не соответствуют)
A64: б) Комплектность (в т.ч. ЗИП): | D64: соответствует
A65: (соответствует/не соответствует)
A66: в) Целостность и сохранность упаковки: | E66: соответствует
A67: (соответствует/не соответствует)
A68: г) Выполнение консервации: | D68: соответствует
A69: (соответствует/не соответствует)
A70: д) Наличие ЗАК/протокола КДО: | D70: ЗАК №IЗ-139/24 от 24.10.2025 г. до 14.05.2029 г.
A71: (номер ЗАК или протокола КДО и дата выдачм/отсутствует)
A72: Проверенная продукция для последующего применения признана: | H72: пригодной
A73: (пригодной/непригодной)
A74: и допущена к применению при строительно-монтажных работах на объекте____________________________________________________________
A75: (допущена/не допущена) (указать последующее действие с пригодной продукцией)
A77: Продукция признана непригодной по следующим причинам:
A78: ­
A79: (указать причины отбраковки, документальные результаты контроля, протоколы испытания и прочие документы)
A82: непригодная продукия подлежит: | D82: -
A83: (указать последующее действие с непригодной продукцией)
A84: Председатель:
A85: =C22 -> Главный энергетик ООО "Энергосистемы" Фечин А.А.
A86: (должность, организация, подпись, фамилия, имя, отчество)
A87: Члены комиссии:
A88: =C26 -> Прораб ООО "Энергосистемы" Волков М.Ю.
A89: (должность, организация, подпись, фамилия, имя, отчество)
A90: =C28 -> Инженер-электрик ООО "Энергосистемы" Высоцкий А.В.
A91: (должность, организация, подпись, фамилия, имя, отчество)
A92: Присутствующие:
A93: =C30 -> Гл. специалист ССК УКС ПАО "Россети Московский регион" Алексанян Г.Р.
A94: (должность, организация, фамилия, имя, отчество)
A95: Особые отметки:

Sheet ПРВТ
K1: Приложение 1
K3: Приложение 48 к приказу от 19.12.2019 № 1414
F5: ФОРМА
I6: ГОДЕН
I7: (результат контроля продукции)
A8: Объект строительства:
A9: ='Провод СИП 3'!A9:L9 -> Строительство ТП-10/0,4 кВ, ВЛЗ-10 кВ от ВЛЗ-10 кВ ф. «Кочугино» ПС №185 "Воробьево", ВЛИ-0,38 кВ, рлр, в т.ч. ПИР, МО, Солнечногорский р-н, г. Солнечногорск
A11: Заказчик строительства: Филиал ПАО «Россети Московский регион» - Северные электрические сети
A13: АКТ № 3/ | G13: ='Провод СИП 3'!G13 -> SAP - 288007
A14: входного контроля
A16: ='Провод СИП 3'!A16 -> 141533,Российская Федерация, г.о.Солнечногорск | K16: ='Провод СИП 3'!K16:L16 -> 25.09.2024
A17: (место проведения) | K17: (дата)
A19: Нами, комиссией | C19: ='Данные объект'!B11 -> ООО "Энергосистемы" | H19: ='Данные объект'!B43 -> по приказу №05-ОТ/24 от 09 января 2023г. в составе:
C20: (организация, от которой сформирована комиссия)
A22: Председателя: . | C22: ='Данные объект'!C45 -> Главный энергетик ООО "Энергосистемы" Фечин А.А.
A23: (должность, организация, фамилия, имя, отчество)
A25: и членов комиссии:
C26: ='Данные объект'!C47 -> Прораб ООО "Энергосистемы" Волков М.Ю.
A27: (должность, организация, фамилия, имя, отчество)
C28: ='Данные объект'!C49 -> Инженер-электрик ООО "Энергосистемы" Высоцкий А.В.
A29: (должность, организация, фамилия, имя, отчество)
C30: ='Данные объект'!B32 -> Гл. специалист ССК УКС ПАО "Россети Московский регион" Алексанян Г.Р.
A31: (должность, организация, фамилия, имя, отчество)
A32: руководствуясь, | C32: ='Данные объект'!B51 -> методическими указаниями ПАО "Россети Московский регион" (утв. Приказом от 14.11.2024 г. № 1254)
A33: (документ, устанавливающий требевания по организации и проведению входного контроля продукции)
A34: составила настоящий акт о выполненном входном контроле продукции для строительства.
A36: 1. К входному контролю представлена следующая продукция:
A37: Предохранитель-разъеденитель выхлопной ПРВТ-1-10.II-50Л-У1
A38: (наименование продукции)
A39: 1.1. Наименование, номер документа, удостоверяющего качество и НТД на продукцию: | K39: ОАО "ЗЭТО"
K40: (изготовитель,
A41: Паспорт №№20, 33, 44 | H41: НТД | I41: ТУ-3414-083-49040910-2010
A42: № документа и дата, № партии, дата изготовления) (ГОСТ, ТУ, чертеж КМД)
A43: 1.2. Кол-во: | C43: 3 шт | E43: Кол-во партии: | G43: 3 шт
A44: (штуки, объем, вес в ед. изм.) (штуки, объем, вес в ед. изм.)
A45: 1.3. Поставщик: | C45: ООО ТК "Норма-кабель" | F45: Договор | G45: №НК-398 от 30.11.2023
A46: (наименование организации) (реквизиты договора на поставку)
A47: 2. Подготовка продукции к контролю по НТД: | F47: выполнена
A48: (выполнена/не выполнена)
A49: 3. При входном контроле проведены следующие контрольные мероприятия:
A51: Количество, масса, объем проверенной продукции (в ед. изм.) | E51: Вид контроля (НТД) и дата сдачи образцов (проб) на контроль | G51: Приборы контроля | I51: № прибора и дата поверки прибора | K51: № и дата протокола контроля | L51: Заключение по контролю (годен/не годен)
A53: Визуальным осмотром | C53: Инструментальными и приборными методами
A56: 1 | C56: 2 | E56: 3 | G56: 4 | I56: 5 | K56: 6 | L56: 7
A57: =C43 -> 3 шт | C57: - | E57: Визуальный | G57: - | I57: - | K57: - | L57: годен
A61: 4. В результате проведенного входного контроля представленной продукции установлено:
A62: а) Сопроводительные документы: | E62: соответствует
A63: (соответствуют/не соответствуют)
A64: б) Комплектность (в т.ч. ЗИП): | D64: соответствует
A65: (соответствует/не соответствует)
A66: в) Целостность и сохранность упаковки: | E66: соответствует
A67: (соответствует/не соответствует)
A68: г) Выполнение консервации: | D68: соответствует
A69: (соответствует/не соответствует)
A70: д) Наличие ЗАК/протокола КДО: | D70: -
A71: (номер ЗАК или протокола КДО и дата выдачм/отсутствует)
A72: Проверенная продукция для последующего применения признана: | H72: пригодной
A73: (пригодной/непригодной)
A74: и допущена к применению при строительно-монтажных работах на объекте____________________________________________________________
A75: (допущена/не допущена) (указать последующее действие с пригодной продукцией)
A77: Продукция признана непригодной по следующим причинам:
A78: ­
A79: (указать причины отбраковки, документальные результаты контроля, протоколы испытания и прочие документы)
A80: непригодная продукия подлежит: | D80: -
A81: (указать последующее действие с непригодной продукцией)
A82: Председатель:
A83: =C22 -> Главный энергетик ООО "Энергосистемы" Фечин А.А.
A84: (должность, организация, подпись, фамилия, имя, отчество)
A85: Члены комиссии:
A86: =C26 -> Прораб ООО "Энергосистемы" Волков М.Ю.
A87: (должность, организация, подпись, фамилия, имя, отчество)
A88: =C28 -> Инженер-электрик ООО "Энергосистемы" Высоцкий А.В.
A89: (должность, организация, подпись, фамилия, имя, отчество)
A90: Присутствующие:
A91: =C30 -> Гл. специалист ССК УКС ПАО "Россети Московский регион" Алексанян Г.Р.
A92: (должность, организация, фамилия, имя, отчество)
A93: Особые отметки:

Sheet счетчик СТЭМ
K1: Приложение 1
K3: Приложение 48 к приказу от 19.12.2019 № 1414
F5: ФОРМА
I6: ГОДЕН
I7: (результат контроля продукции)
A8: Объект строительства:
A9: ='Данные объект'!B3 -> Строительство ТП-10/0,4 кВ, ВЛЗ-10 кВ от ВЛЗ-10 кВ ф. «Кочугино» ПС №185 "Воробьево", ВЛИ-0,38 кВ, рлр, в т.ч. ПИР, МО, Солнечногорский р-н, г. Солнечногорск
A11: Заказчик строительства: Филиал ПАО «Россети Московский регион» - Северные электрические сети
A13: АКТ № 4/ | G13: ='Данные объект'!B2 -> SAP - 288007
A14: входного контроля
A16: ='Данные объект'!B5 -> 141533,Российская Федерация, г.о.Солнечногорск | K16: ='Данные объект'!B6 -> 25.09.2024
A17: (место проведения) | K17: (дата)
A19: Нами, комиссией | C19: ='Данные объект'!B11 -> ООО "Энергосистемы" | H19: ='Данные объект'!B43 -> по приказу №05-ОТ/24 от 09 января 2023г. в составе:
C20: (организация, от которой сформирована комиссия)
A22: Председателя: . | C22: ='Данные объект'!C45 -> Главный энергетик ООО "Энергосистемы" Фечин А.А.
A23: (должность, организация, фамилия, имя, отчество)
A25: и членов комиссии:
C26: ='Данные объект'!C47 -> Прораб ООО "Энергосистемы" Волков М.Ю.
A27: (должность, организация, фамилия, имя, отчество)
C28: ='Данные объект'!C49 -> Инженер-электрик ООО "Энергосистемы" Высоцкий А.В.
A29: (должность, организация, фамилия, имя, отчество)
C30: ='Данные объект'!B32 -> Гл. специалист ССК УКС ПАО "Россети Московский регион" Алексанян Г.Р.
A31: (должность, организация, фамилия, имя, отчество)
A32: руководствуясь, | C32: ='Данные объект'!B51 -> методическими указаниями ПАО "Россети Московский регион" (утв. Приказом от 14.11.2024 г. № 1254)
A33: (документ, устанавливающий требевания по организации и проведению входного контроля продукции)
A34: составила настоящий акт о выполненном входном контроле продукции для строительства.
A36: 1. К входному контролю представлена следующая продукция:
A37: Счетчик электрической энергии СТЭМ 300
A38: (наименование продукции)
A39: 1.1. Наименование, номер документа, удостоверяющего качество и НТД на продукцию: | K39: ООО "СИ-АРТ"
K40: (изготовитель,
A41: Паспорт №25001237 от 06.05.2025г. | H41: НТД | I41: ТР ТС 004/2011, ТР ТС 020/2011
A42: № документа и дата, № партии, дата изготовления) (ГОСТ, ТУ, чертеж КМД)
A43: 1.2. Кол-во: | C43: 1 шт | E43: Кол-во партии: | G43: =C43 -> 1 шт
A44: (штуки, объем, вес в ед. изм.) (штуки, объем, вес в ед. изм.)
A45: 1.3. Поставщик: | C45: ООО ТК "Норма-кабель" | F45: Договор | G45: №НК-398 от 30.11.2023
A46: (наименование организации) (реквизиты договора на поставку)
A47: 2. Подготовка продукции к контролю по НТД: | F47: выполнена
A48: (выполнена/не выполнена)
A49: 3. При входном контроле проведены следующие контрольные мероприятия:
A51: Количество, масса, объем проверенной продукции (в ед. изм.) | E51: Вид контроля (НТД) и дата сдачи образцов (проб) на контроль | G51: Приборы контроля | I51: № прибора и дата поверки прибора | K51: № и дата протокола контроля | L51: Заключение по контролю (годен/не годен)
A53: Визуальным осмотром | C53: Инструментальными и приборными методами
A56: 1 | C56: 2 | E56: 3 | G56: 4 | I56: 5 | K56: 6 | L56: 7
A57: =C43 -> 1 шт | C57: - | E57: Визуальный | G57: - | I57: - | K57: - | L57: годен
A59: 4. В результате проведенного входного контроля представленной продукции установлено:
A60: а) Сопроводительные документы: | E60: соответствует
A61: (соответствуют/не соответствуют)
A62: б) Комплектность (в т.ч. ЗИП): | D62: соответствует
A63: (соответствует/не соответствует)
A64: в) Целостность и сохранность упаковки: | E64: соответствует
A65: (соответствует/не соответствует)
A66: г) Выполнение консервации: | D66: соответствует
A67: (соответствует/не соответствует)
A68: д) Наличие ЗАК/протокола КДО: | D68: ЗАК№IIЗ-27/23 от 12.07.2023 до 12.07.2028гг
A69: (номер ЗАК или протокола КДО и дата выдачм/отсутствует)
A70: Проверенная продукция для последующего применения признана: | H70: пригодной
A71: (пригодной/непригодной)
A72: и допущена к применению при строительно-монтажных работах на объекте____________________________________________________________
A73: (допущена/не допущена) (указать последующее действие с пригодной продукцией)
A75: Продукция признана непригодной по следующим причинам:
A76: ­
A77: (указать причины отбраковки, документальные результаты контроля, протоколы испытания и прочие документы)
A78: непригодная продукия подлежит: | D78: -
A79: (указать последующее действие с непригодной продукцией)
A80: Председатель:
A81: =C22 -> Главный энергетик ООО "Энергосистемы" Фечин А.А.
A82: (должность, организация, подпись, фамилия, имя, отчество)
A83: Члены комиссии:
A84: =C26 -> Прораб ООО "Энергосистемы" Волков М.Ю.
A85: (должность, организация, подпись, фамилия, имя, отчество)
A86: =C28 -> Инженер-электрик ООО "Энергосистемы" Высоцкий А.В.
A87: (должность, организация, подпись, фамилия, имя, отчество)
A88: Присутствующие:
A89: =C30 -> Гл. специалист ССК УКС ПАО "Россети Московский регион" Алексанян Г.Р.
A90: (должность, организация, фамилия, имя, отчество)
A91: Особые отметки:

Sheet выключатели ВА
K1: Приложение 1
K3: Приложение 48 к приказу от 19.12.2019 № 1414
F5: ФОРМА
I6: ГОДЕН
I7: (результат контроля продукции)
A8: Объект строительства:
A9: ='Провод СИП 3'!A9:L9 -> Строительство ТП-10/0,4 кВ, ВЛЗ-10 кВ от ВЛЗ-10 кВ ф. «Кочугино» ПС №185 "Воробьево", ВЛИ-0,38 кВ, рлр, в т.ч. ПИР, МО, Солнечногорский р-н, г. Солнечногорск
A11: Заказчик строительства: Филиал ПАО «Россети Московский регион» - Северные электрические сети
A13: АКТ № 5/ | G13: ='Провод СИП 3'!G13 -> SAP - 288007
A14: входного контроля
A16: ='Провод СИП 3'!A16 -> 141533,Российская Федерация, г.о.Солнечногорск | K16: ='Провод СИП 3'!K16:L16 -> 25.09.2024
A17: (место проведения) | K17: (дата)
A19: Нами, комиссией | C19: ='Данные объект'!B11 -> ООО "Энергосистемы" | H19: ='Данные объект'!B43 -> по приказу №05-ОТ/24 от 09 января 2023г. в составе:
C20: (организация, от которой сформирована комиссия)
A22: Председателя: . | C22: ='Данные объект'!C45 -> Главный энергетик ООО "Энергосистемы" Фечин А.А.
A23: (должность, организация, фамилия, имя, отчество)
A25: и членов комиссии:
C26: ='Данные объект'!C47 -> Прораб ООО "Энергосистемы" Волков М.Ю.
A27: (должность, организация, фамилия, имя, отчество)
C28: ='Данные объект'!C49 -> Инженер-электрик ООО "Энергосистемы" Высоцкий А.В.
A29: (должность, организация, фамилия, имя, отчество)
C30: ='Данные объект'!B32 -> Гл. специалист ССК УКС ПАО "Россети Московский регион" Алексанян Г.Р.
A31: (должность, организация, фамилия, имя, отчество)
A32: руководствуясь, | C32: ='Данные объект'!B51 -> методическими указаниями ПАО "Россети Московский регион" (утв. Приказом от 14.11.2024 г. № 1254)
A33: (документ, устанавливающий требевания по организации и проведению входного контроля продукции)
A34: составила настоящий акт о выполненном входном контроле продукции для строительства.
A36: 1. К входному контролю представлена следующая продукция:
A37: Выключатель автоматический ВА57-35 (250А) - 2 шт.
A38: (наименование продукции)
A39: 1.1. Наименование, номер документа, удостоверяющего качество и НТД на продукцию: | K39: ООО "КЭАЗ"
K40: (изготовитель,
A41: Сертификат соответствия №ЕАЭС RU.С-RU.АБ53.В.02348/21 с 11.11.2021 по 10.11.2026 | H41: НТД | I41: ТУ 3422-037-05758109-2011
A42: № документа и дата, № партии, дата изготовления) (ГОСТ, ТУ, чертеж КМД)
A43: 1.2. Кол-во: | C43: 2 | E43: Кол-во партии: | G43: =C43 -> 2
A44: (штуки, объем, вес в ед. изм.) (штуки, объем, вес в ед. изм.)
A45: 1.3. Поставщик: | C45: ООО ТК "Норма-кабель" | F45: Договор | G45: №НК-398 от 30.11.2023
A46: (наименование организации) (реквизиты договора на поставку)
A47: 2. Подготовка продукции к контролю по НТД: | F47: выполнена
A48: (выполнена/не выполнена)
A49: 3. При входном контроле проведены следующие контрольные мероприятия:
A51: Количество, масса, объем проверенной продукции (в ед. изм.) | E51: Вид контроля (НТД) и дата сдачи образцов (проб) на контроль | G51: Приборы контроля | I51: № прибора и дата поверки прибора | K51: № и дата протокола контроля | L51: Заключение по контролю (годен/не годен)
A53: Визуальным осмотром | C53: Инструментальными и приборными методами
A56: 1 | C56: 2 | E56: 3 | G56: 4 | I56: 5 | K56: 6 | L56: 7
A57: =C43 -> 2 | C57: - | E57: Визуальный | G57: - | I57: - | K57: - | L57: годен
A59: 4. В результате проведенного входного контроля представленной продукции установлено:
A60: а) Сопроводительные документы: | E60: соответствует
A61: (соответствуют/не соответствуют)
A62: б) Комплектность (в т.ч. ЗИП): | D62: соответствует
A63: (соответствует/не соответствует)
A64: в) Целостность и сохранность упаковки: | E64: соответствует
A65: (соответствует/не соответствует)
A66: г) Выполнение консервации: | D66: соответствует
A67: (соответствует/не соответствует)
A68: д) Наличие ЗАК/протокола КДО: | D68: -
A69: (номер ЗАК или протокола КДО и дата выдачм/отсутствует)
A70: Проверенная продукция для последующего применения признана: | H70: пригодной
A71: (пригодной/непригодной)
A72: и допущена к применению при строительно-монтажных работах на объекте____________________________________________________________
A73: (допущена/не допущена) (указать последующее действие с пригодной продукцией)
A75: Продукция признана непригодной по следующим причинам:
A76: ­
A77: (указать причины отбраковки, документальные результаты контроля, протоколы испытания и прочие документы)
A79: непригодная продукия подлежит: | D79: -
A80: (указать последующее действие с непригодной продукцией)
A81: Председатель:
A82: =C22 -> Главный энергетик ООО "Энергосистемы" Фечин А.А.
A83: (должность, организация, подпись, фамилия, имя, отчество)
A84: Члены комиссии:
A85: =C26 -> Прораб ООО "Энергосистемы" Волков М.Ю.
A86: (должность, организация, подпись, фамилия, имя, отчество)
A87: =C28 -> Инженер-электрик ООО "Энергосистемы" Высоцкий А.В.
A88: (должность, организация, подпись, фамилия, имя, отчество)
A89: Присутствующие:
A90: =C30 -> Гл. специалист ССК УКС ПАО "Россети Московский регион" Алексанян Г.Р.
A91: (должность, организация, фамилия, имя, отчество)
A93: (должность, организация, фамилия, имя, отчество)
A94: Особые отметки:

Sheet стойки
K1: Приложение 1
K3: Приложение 48 к приказу от 19.12.2019 № 1414
F5: ФОРМА
I6: ГОДЕН
I7: (результат контроля продукции)
A8: Объект строительства:
A9: ='Провод СИП 3'!A9:L9 -> Строительство ТП-10/0,4 кВ, ВЛЗ-10 кВ от ВЛЗ-10 кВ ф. «Кочугино» ПС №185 "Воробьево", ВЛИ-0,38 кВ, рлр, в т.ч. ПИР, МО, Солнечногорский р-н, г. Солнечногорск
A11: Заказчик строительства: Филиал ПАО «Россети Московский регион» - Северные электрические сети
A13: АКТ №6/ | G13: ='Провод СИП 3'!G13 -> SAP - 288007
A14: входного контроля
A16: ='Провод СИП 3'!A16 -> 141533,Российская Федерация, г.о.Солнечногорск | K16: ='Провод СИП 3'!K16:L16 -> 25.09.2024
A17: (место проведения) | K17: (дата)
A19: Нами, комиссией | C19: ='Данные объект'!B11 -> ООО "Энергосистемы" | H19: ='Данные объект'!B43 -> по приказу №05-ОТ/24 от 09 января 2023г. в составе:
C20: (организация, от которой сформирована комиссия)
A22: Председателя: . | C22: ='Данные объект'!C45 -> Главный энергетик ООО "Энергосистемы" Фечин А.А.
A23: (должность, организация, фамилия, имя, отчество)
A25: и членов комиссии:
C26: ='Данные объект'!C47 -> Прораб ООО "Энергосистемы" Волков М.Ю.
A27: (должность, организация, фамилия, имя, отчество)
C28: ='Данные объект'!C49 -> Инженер-электрик ООО "Энергосистемы" Высоцкий А.В.
A29: (должность, организация, фамилия, имя, отчество)
C30: ='Данные объект'!B32 -> Гл. специалист ССК УКС ПАО "Россети Московский регион" Алексанян Г.Р.
A31: (должность, организация, фамилия, имя, отчество)
A32: руководствуясь, | C32: ='Данные объект'!B51 -> методическими указаниями ПАО "Россети Московский регион" (утв. Приказом от 14.11.2024 г. № 1254)
A33: (документ, устанавливающий требевания по организации и проведению входного контроля продукции)
A34: составила настоящий акт о выполненном входном контроле продукции для строительства.
A36: 1. К входному контролю представлена следующая продукция:
A37: Ж/б опоры СВ110-5
A38: (наименование продукции)
A39: 1.1. Наименование, номер документа, удостоверяющего качество и НТД на продукцию: | K39: ООО «Энерго ЖБИ»
K40: (изготовитель,
A41: Паспорт №302 от 12.02.2023 | H41: НТД | I41: ТУ 5863-007-96502166-2016
A42: № документа и дата, № партии, дата изготовления) (ГОСТ, ТУ, чертеж КМД)
A43: 1.2. Кол-во: | C43: 2 шт | E43: Кол-во партии: | G43: 36 шт
A44: (штуки, объем, вес в ед. изм.) (штуки, объем, вес в ед. изм.)
A45: 1.3. Поставщик: | C45: ООО ТК "Норма-кабель" | F45: Договор | G45: №НК-398 от 30.11.2023
A46: (наименование организации) (реквизиты договора на поставку)
A47: 2. Подготовка продукции к контролю по НТД: | F47: выполнена
A48: (выполнена/не выполнена)
A49: 3. При входном контроле проведены следующие контрольные мероприятия:
A51: Количество, масса, объем проверенной продукции (в ед. изм.) | E51: Вид контроля (НТД) и дата сдачи образцов (проб) на контроль | G51: Приборы контроля | I51: № прибора и дата поверки прибора | K51: № и дата протокола контроля | L51: Заключение по контролю (годен/не годен)
A53: Визуальным осмотром | C53: Инструментальными и приборными методами
A56: 1 | C56: 2 | E56: 3 | G56: 4 | I56: 5 | K56: 6 | L56: 7
A57: =C43 -> 2 шт | C57: - | E57: Визуальный | G57: - | I57: - | K57: - | L57: годен
A61: 4. В результате проведенного входного контроля представленной продукции установлено:
A62: а) Сопроводительные документы: | E62: соответствует
A63: (соответствуют/не соответствуют)
A64: б) Комплектность (в т.ч. ЗИП): | D64: соответствует
A65: (соответствует/не соответствует)
A66: в) Целостность и сохранность упаковки: | E66: соответствует
A67: (соответствует/не соответствует)
A68: г) Выполнение консервации: | D68: соответствует
A69: (соответствует/не соответствует)
A70: д) Наличие ЗАК/протокола КДО: | D70: ЗАК №I3-88/21 от 06.07.2021 г. до 06.07.2026 г.
A71: (номер ЗАК или протокола КДО и дата выдачм/отсутствует)
A72: Проверенная продукция для последующего применения признана: | H72: пригодной
A73: (пригодной/непригодной)
A74: и допущена к применению при строительно-монтажных работах на объекте____________________________________________________________
A75: (допущена/не допущена) (указать последующее действие с пригодной продукцией)
A77: Продукция признана непригодной по следующим причинам:
A78: ­
A79: (указать причины отбраковки, документальные результаты контроля, протоколы испытания и прочие документы)
A82: непригодная продукия подлежит: | D82: -
A83: (указать последующее действие с непригодной продукцией)
A84: Председатель:
A85: =C22 -> Главный энергетик ООО "Энергосистемы" Фечин А.А.
A86: (должность, организация, подпись, фамилия, имя, отчество)
A87: Члены комиссии:
A88: =C26 -> Прораб ООО "Энергосистемы" Волков М.Ю.
A89: (должность, организация, подпись, фамилия, имя, отчество)
A90: =C28 -> Инженер-электрик ООО "Энергосистемы" Высоцкий А.В.
A91: (должность, организация, подпись, фамилия, имя, отчество)
A92: Присутствующие:
A93: =C30 -> Гл. специалист ССК УКС ПАО "Россети Московский регион" Алексанян Г.Р.
A94: (должность, организация, фамилия, имя, отчество)
A95: Особые отметки:

Sheet лин.армат 6-10к
K1: Приложение 1
K3: Приложение 48 к приказу от 19.12.2019 № 1414
F5: ФОРМА
I6: ГОДЕН
I7: (результат контроля продукции)
A8: Объект строительства:
A9: ='Провод СИП 3'!A9:L9 -> Строительство ТП-10/0,4 кВ, ВЛЗ-10 кВ от ВЛЗ-10 кВ ф. «Кочугино» ПС №185 "Воробьево", ВЛИ-0,38 кВ, рлр, в т.ч. ПИР, МО, Солнечногорский р-н, г. Солнечногорск
A11: Заказчик строительства: Филиал ПАО «Россети Московский регион» - Северные электрические сети
A13: АКТ № 7/ | G13: ='Провод СИП 3'!G13 -> SAP - 288007
A14: входного контроля
A16: ='Данные объект'!B5 -> 141533,Российская Федерация, г.о.Солнечногорск | K16: ='Провод СИП 3'!K16:L16 -> 25.09.2024
A17: (место проведения) | K17: (дата)
A19: Нами, комиссией | C19: ='Данные объект'!B11 -> ООО "Энергосистемы" | H19: ='Данные объект'!B43 -> по приказу №05-ОТ/24 от 09 января 2023г. в составе:
C20: (организация, от которой сформирована комиссия)
A22: Председателя: . | C22: ='Данные объект'!C45 -> Главный энергетик ООО "Энергосистемы" Фечин А.А.
A23: (должность, организация, фамилия, имя, отчество)
A25: и членов комиссии:
C26: ='Данные объект'!C47 -> Прораб ООО "Энергосистемы" Волков М.Ю.
A27: (должность, организация, фамилия, имя, отчество)
C28: ='Данные объект'!C49 -> Инженер-электрик ООО "Энергосистемы" Высоцкий А.В.
A29: (должность, организация, фамилия, имя, отчество)
C30: ='Данные объект'!B32 -> Гл. специалист ССК УКС ПАО "Россети Московский регион" Алексанян Г.Р.
A31: (должность, организация, фамилия, имя, отчество)
A32: руководствуясь, | C32: ='Данные объект'!B51 -> методическими указаниями ПАО "Россети Московский регион" (утв. Приказом от 14.11.2024 г. № 1254)
A33: (документ, устанавливающий требевания по организации и проведению входного контроля продукции)
A34: составила настоящий акт о выполненном входном контроле продукции для строительства.
A36: 1. К входному контролю представлена следующая продукция:
A37: Линейная арматура 10кВ (Траверса ТМ74, ТМ73, Зажим SLW.36, Изолятор штырьевой IF27, Колпачок К-9, Заземляющий проводник ЗП1-1, Плашечный зажим CD35, Зажим ответвительный RP150, Хомут Х51, Вязка спиральная СВ70, Траверса ТМ63, Плашечный зажим CD70, Металлическая лента F207, Скрепа NC20)
A38: (наименование продукции)
A39: 1.1. Наименование, номер документа, удостоверяющего качество и НТД на продукцию: | K39: ООО «Нилед»
K40: (изготовитель,
A41: Сертификат соответствия №РОСС RU.АМ05.Н22141 | H41: НТД | I41: ТУ 3449-001-52819896-2010
A42: № документа и дата, № партии, дата изготовления) (ГОСТ, ТУ, чертеж КМД)
A43: 1.2. Кол-во: | C43: 121 шт | E43: Кол-во партии: | G43: =C43 -> 121 шт
A44: (штуки, объем, вес в ед. изм.) (штуки, объем, вес в ед. изм.)
A45: 1.3. Поставщик: | C45: ООО ТК "Норма-кабель" | F45: Договор | G45: №НК-375 от 30.11.2022
A46: (наименование организации) (реквизиты договора на поставку)
A47: 2. Подготовка продукции к контролю по НТД: | F47: выполнена
A48: (выполнена/не выполнена)
A49: 3. При входном контроле проведены следующие контрольные мероприятия:
A51: Количество, масса, объем проверенной продукции (в ед. изм.) | E51: Вид контроля (НТД) и дата сдачи образцов (проб) на контроль | G51: Приборы контроля | I51: № прибора и дата поверки прибора | K51: № и дата протокола контроля | L51: Заключение по контролю (годен/не годен)
A53: Визуальным осмотром | C53: Инструментальными и приборными методами
A56: 1 | C56: 2 | E56: 3 | G56: 4 | I56: 5 | K56: 6 | L56: 7
A57: ТМ74 - 1 шт | C57: - | E57: Визуальный | G57: - | I57: - | K57: - | L57: годен
A58: ТМ73 - 1 шт | C58: - | E58: Визуальный | G58: - | I58: - | K58: - | L58: годен
A59: SLW.36 - 3 шт | C59: - | E59: Визуальный | G59: - | I59: - | K59: - | L59: годен
A60: IF27 - 9 шт | C60: - | E60: Визуальный | G60: - | I60: - | K60: - | L60: годен
A61: K-9 - 9 шт | C61: - | E61: Визуальный | G61: - | I61: - | K61: - | L61: годен
A62: ЗП1-1 - 2 шт | C62: - | E62: Визуальный | G62: - | I62: - | K62: - | L62: годен
A63: CD35 - 2 шт | C63: - | E63: Визуальный | G63: - | I63: - | K63: - | L63: годен
A64: RP150 - 3 шт | C64: - | E64: Визуальный | G64: - | I64: - | K64: - | L64: годен
A65: X51 - 20 шт | C65: - | E65: Визуальный | G65: - | I65: - | K65: - | L65: годен
A66: CB70 - 24 шт | C66: - | E66: Визуальный | G66: - | I66: - | K66: - | L66: годен
A67: TM63 - 3 шт | C67: - | E67: Визуальный | G67: - | I67: - | K67: - | L67: годен
A68: CD70 -18 шт | C68: - | E68: Визуальный | G68: - | I68: - | K68: - | L68: годен
... A71: NC20 - 6 шт | C71: - | E71: Визуальный | G71: - | I71: - | K71: - | L71: годен
A73: 4. В результате проведенного входного контроля представленной продукции установлено:
A74: а) Сопроводительные документы: | E74: соответствует
A75: (соответствуют/не соответствуют)
A76: б) Комплектность (в т.ч. ЗИП): | D76: соответствует
A77: (соответствует/не соответствует)
A78: в) Целостность и сохранность упаковки: | E78: соответствует
A79: (соответствует/не соответствует)
A80: г) Выполнение консервации: | D80: соответствует
A81: (соответствует/не соответствует)
A82: д) Наличие ЗАК/протокола КДО: | D82: ЗАК №I3-93/21 от 07.07.2021 г. до 07.07.2026 г.
A83: (номер ЗАК или протокола КДО и дата выдачм/отсутствует)
A84: Проверенная продукция для последующего применения признана: | H84: пригодной
A85: (пригодной/непригодной)
A86: и допущена к применению при строительно-монтажных работах на объекте____________________________________________________________
A87: (допущена/не допущена) (указать последующее действие с пригодной продукцией)
A89: Продукция признана непригодной по следующим причинам:
A90: ­
A91: (указать причины отбраковки, документальные результаты контроля, протоколы испытания и прочие документы)
A93: непригодная продукия подлежит: | D93: -
A94: (указать последующее действие с непригодной продукцией)
A95: Председатель:
A96: =C22 -> Главный энергетик ООО "Энергосистемы" Фечин А.А.
A97: (должность, организация, подпись, фамилия, имя, отчество)
A98: Члены комиссии:
A99: =C26 -> Прораб ООО "Энергосистемы" Волков М.Ю.
A100: (должность, организация, подпись, фамилия, имя, отчество)
A101: =C28 -> Инженер-электрик ООО "Энергосистемы" Высоцкий А.В.
A102: (должность, организация, подпись, фамилия, имя, отчество)
A103: Присутствующие:
A104: =C30 -> Гл. специалист ССК УКС ПАО "Россети Московский регион" Алексанян Г.Р.
A105: (должность, организация, фамилия, имя, отчество)
A106: Особые отметки:

Sheet лин.армат 0,4
K1: Приложение 1
K3: Приложение 48 к приказу от 19.12.2019 № 1414
F5: ФОРМА
I6: ГОДЕН
I7: (результат контроля продукции)
A8: Объект строительства:
A9: ='Провод СИП 3'!A9:L9 -> Строительство ТП-10/0,4 кВ, ВЛЗ-10 кВ от ВЛЗ-10 кВ ф. «Кочугино» ПС №185 "Воробьево", ВЛИ-0,38 кВ, рлр, в т.ч. ПИР, МО, Солнечногорский р-н, г. Солнечногорск
A11: Заказчик строительства: Филиал ПАО «Россети Московский регион» - Северные электрические сети
A13: АКТ №14/ | G13: ='Провод СИП 3'!G13 -> SAP - 288007
A14: входного контроля
A16: ='Данные объект'!B5 -> 141533,Российская Федерация, г.о.Солнечногорск | K16: ='Провод СИП 3'!K16:L16 -> 25.09.2024
A17: (место проведения) | K17: (дата)
A19: Нами, комиссией | C19: ='Данные объект'!B11 -> ООО "Энергосистемы" | H19: ='Данные объект'!B43 -> по приказу №05-ОТ/24 от 09 января 2023г. в составе:
C20: (организация, от которой сформирована комиссия)
A22: Председателя: . | C22: ='Данные объект'!C45 -> Главный энергетик ООО "Энергосистемы" Фечин А.А.
A23: (должность, организация, фамилия, имя, отчество)
A25: и членов комиссии:
C26: ='Данные объект'!C47 -> Прораб ООО "Энергосистемы" Волков М.Ю.
A27: (должность, организация, фамилия, имя, отчество)
C28: ='Данные объект'!C49 -> Инженер-электрик ООО "Энергосистемы" Высоцкий А.В.
A29: (должность, организация, фамилия, имя, отчество)
C30: ='Данные объект'!B32 -> Гл. специалист ССК УКС ПАО "Россети Московский регион" Алексанян Г.Р.
A31: (должность, организация, фамилия, имя, отчество)
A32: руководствуясь, | C32: ='Данные объект'!B51 -> методическими указаниями ПАО "Россети Московский регион" (утв. Приказом от 14.11.2024 г. № 1254)
A33: (документ, устанавливающий требевания по организации и проведению входного контроля продукции)
A34: составила настоящий акт о выполненном входном контроле продукции для строительства.
A36: 1. К входному контролю представлена следующая продукция:
A37: Линейная арматура 0,4кВ (Заземляющий проводник ЗП6, Зажим Р72, Ответвительный зажим Р70, Натяжной зажим РА1500, Плашечный зажим ПС-2-1, Анкерный кронштейн CS10.3, Комплект промежуточной подвески ES1500, Стяжной хомут Е778, Мателлическая летна F207, Скрепа NC20, Бугель NB20, Герметичный зажим РС481, Ограничитель перенапряжения ОР600/28, Колпачек изолирующий СЕ16-150)
A38: (наименование продукции)
A39: 1.1. Наименование, номер документа, удостоверяющего качество и НТД на продукцию: | K39: ООО «Нилед»
K40: (изготовитель,
A41: Сертификат соответствия №РОСС RU.МЛ10.10783 срок действия от 25.11.2022 до 19.11.2028г | H41: НТД | I41: ТУ 3449-001-96363109-2016
A43: 1.2. Кол-во: | C43: 106 шт | E43: Кол-во партии: | G43: =C43 -> 106 шт
A44: (штуки, объем, вес в ед. изм.) (штуки, объем, вес в ед. изм.)
A45: 1.3. Поставщик: | C45: ООО ТК "Норма-кабель" | F45: Договор | G45: №НК-3985 от 30.11.2023
A46: (наименование организации) (реквизиты договора на поставку)
A47: 2. Подготовка продукции к контролю по НТД: | F47: выполнена
A48: (выполнена/не выполнена)
A49: 3. При входном контроле проведены следующие контрольные мероприятия:
A51: Количество, масса, объем проверенной продукции (в ед. изм.) | E51: Вид контроля (НТД) и дата сдачи образцов (проб) на контроль | G51: Приборы контроля | I51: № прибора и дата поверки прибора | K51: № и дата протокола контроля | L51: Заключение по контролю (годен/не годен)
A53: Визуальным осмотром | C53: Инструментальными и приборными методами
A56: 1 | C56: 2 | E56: 3 | G56: 4 | I56: 5 | K56: 6 | L56: 7
A57: ЗП6 - 4 шт | C57: - | E57: Визуальный | G57: - | I57: - | K57: - | L57: годен
A58: Р72 - 6 шт | C58: - | E58: Визуальный | G58: - | I58: - | K58: - | L58: годен
A59: Р70 - 4 шт | C59: - | E59: Визуальный | G59: - | I59: - | K59: - | L59: годен
A60: РА1500 - 6 шт | C60: - | E60: Визуальный | G60: - | I60: - | K60: - | L60: годен
A61: ПС-2-1 - 9 шт | C61: - | E61: Визуальный | G61: - | I61: - | K61: - | L61: годен
A62: CS10.3 -5 шт | C62: - | E62: Визуальный | G62: - | I62: - | K62: - | L62: годен
A63: ES1500 - 3 шт | C63: - | E63: Визуальный | G63: - | I63: - | K63: - | L63: годен
A64: Е778 - 12 шт | C64: - | E64: Визуальный | G64: - | I64: - | K64: - | L64: годен
A65: F207 - 16 шт | C65: - | E65: Визуальный | G65: - | I65: - | K65: - | L65: годен
A66: NC20 - 6 шт | C66: - | E66: Визуальный | G66: - | I66: - | K66: - | L66: годен
A67: NB20 - 10 шт | C67: - | E67: Визуальный | G67: - | I67: - | K67: - | L67: годен
A68: РС481 - 8 шт | C68: - | E68: Визуальный | G68: - | I68: - | K68: - | L68: годен
... A70: CE16-150 - 4 шт | C70: - | E70: Визуальный | G70: - | I70: - | K70: - | L70: годен
A75: 4. В результате проведенного входного контроля представленной продукции установлено:
A76: а) Сопроводительные документы: | E76: соответствует
A77: (соответствуют/не соответствуют)
A78: б) Комплектность (в т.ч. ЗИП): | D78: соответствует
A79: (соответствует/не соответствует)
A80: в) Целостность и сохранность упаковки: | E80: соответствует
A81: (соответствует/не соответствует)
A82: г) Выполнение консервации: | D82: соответствует
A83: (соответствует/не соответствует)
A84: д) Наличие ЗАК/протокола КДО: | D84: ЗАК №I3-93/21 от 07.07.2021 г. до 07.07.2026 г.
A85: (номер ЗАК или протокола КДО и дата выдачм/отсутствует)
A86: Проверенная продукция для последующего применения признана: | H86: пригодной
A87: (пригодной/непригодной)
A88: и допущена к применению при строительно-монтажных работах на объекте____________________________________________________________
A89: (допущена/не допущена) (указать последующее действие с пригодной продукцией)
A91: Продукция признана непригодной по следующим причинам:
A92: ­
A93: (указать причины отбраковки, документальные результаты контроля, протоколы испытания и прочие документы)
A96: непригодная продукия подлежит: | D96: -
A97: (указать последующее действие с непригодной продукцией)
A98: Председатель:
A99: =C22 -> Главный энергетик ООО "Энергосистемы" Фечин А.А.
A100: (должность, организация, подпись, фамилия, имя, отчество)
A101: Члены комиссии:
A102: =C26 -> Прораб ООО "Энергосистемы" Волков М.Ю.
A103: (должность, организация, подпись, фамилия, имя, отчество)
A104: =C28 -> Инженер-электрик ООО "Энергосистемы" Высоцкий А.В.
A105: (должность, организация, подпись, фамилия, имя, отчество)
A106: Присутствующие:
A107: =C30 -> Гл. специалист ССК УКС ПАО "Россети Московский регион" Алексанян Г.Р.
A108: (должность, организация, фамилия, имя, отчество)
A109: Особые отметки:

Sheet ВРЩ
K1: Приложение 1
K3: Приложение 48 к приказу от 19.12.2019 № 1414
F5: ФОРМА
I6: ГОДЕН
I7: (результат контроля продукции)
A8: Объект строительства:
A9: ='Провод СИП 3'!A9:L9 -> Строительство ТП-10/0,4 кВ, ВЛЗ-10 кВ от ВЛЗ-10 кВ ф. «Кочугино» ПС №185 "Воробьево", ВЛИ-0,38 кВ, рлр, в т.ч. ПИР, МО, Солнечногорский р-н, г. Солнечногорск
A11: Заказчик строительства: Филиал ПАО «Россети Московский регион» - Северные электрические сети
A13: АКТ № 3/ | G13: ='Провод СИП 3'!G13 -> SAP - 288007
A14: входного контроля
A16: ='Провод СИП 3'!A16 -> 141533,Российская Федерация, г.о.Солнечногорск | K16: ='Провод СИП 3'!K16:L16 -> 25.09.2024
A17: (место проведения) | K17: (дата)
A19: Нами, комиссией | C19: ='Провод СИП 3'!C19:G19 -> ООО "Энергосистемы" | H19: ='Данные объект'!B43 -> по приказу №05-ОТ/24 от 09 января 2023г. в составе:
C20: (организация, от которой сформирована комиссия)
A22: Председателя: . | C22: ='Данные объект'!C45 -> Главный энергетик ООО "Энергосистемы" Фечин А.А.
A23: (должность, организация, фамилия, имя, отчество)
A25: и членов комиссии:
C26: ='Данные объект'!C47 -> Прораб ООО "Энергосистемы" Волков М.Ю.
A27: (должность, организация, фамилия, имя, отчество)
C28: ='Данные объект'!C49 -> Инженер-электрик ООО "Энергосистемы" Высоцкий А.В.
A29: (должность, организация, фамилия, имя, отчество)
C30: ='Данные объект'!B32 -> Гл. специалист ССК УКС ПАО "Россети Московский регион" Алексанян Г.Р.
A31: (должность, организация, фамилия, имя, отчество)
A32: руководствуясь, | C32: ='Данные объект'!B51 -> методическими указаниями ПАО "Россети Московский регион" (утв. Приказом от 14.11.2024 г. № 1254)
A33: (документ, устанавливающий требевания по организации и проведению входного контроля продукции)
A34: составила настоящий акт о выполненном входном контроле продукции для строительства.
A36: 1. К входному контролю представлена следующая продукция:
A37: ВРЩ-0,4кВ
A38: (наименование продукции)
A39: 1.1. Наименование, номер документа, удостоверяющего качество и НТД на продукцию: | K39: ООО "ИЭК Холдинг"
K40: (изготовитель,
A41: Паспорт №б/н | H41: НТД | I41: ТУ 3430-001-45723747-2019
A42: № документа и дата, № партии, дата изготовления) (ГОСТ, ТУ, чертеж КМД)
A43: 1.2. Кол-во: | C43: 1 шт | E43: Кол-во партии: | G43: =C43 -> 1 шт
A44: (штуки, объем, вес в ед. изм.) (штуки, объем, вес в ед. изм.)
A45: 1.3. Поставщик: | C45: ООО "МФК Техэнерго" | F45: Договор | G45: №Т1/22-238
A46: (наименование организации) (реквизиты договора на поставку)
A47: 2. Подготовка продукции к контролю по НТД: | F47: выполнена
A48: (выполнена/не выполнена)
A49: 3. При входном контроле проведены следующие контрольные мероприятия:
A51: Количество, масса, объем проверенной продукции (в ед. изм.) | E51: Вид контроля (НТД) и дата сдачи образцов (проб) на контроль | G51: Приборы контроля | I51: № прибора и дата поверки прибора | K51: № и дата протокола контроля | L51: Заключение по контролю (годен/не годен)
A53: Визуальным осмотром | C53: Инструментальными и приборными методами
A56: 1 | C56: 2 | E56: 3 | G56: 4 | I56: 5 | K56: 6 | L56: 7
A57: =C43 -> 1 шт | C57: - | E57: Визуальный | G57: - | I57: - | K57: - | L57: годен
A59: 4. В результате проведенного входного контроля представленной продукции установлено:
A60: а) Сопроводительные документы: | E60: соответствует
A61: (соответствуют/не соответствуют)
A62: б) Комплектность (в т.ч. ЗИП): | D62: соответствует
A63: (соответствует/не соответствует)
A64: в) Целостность и сохранность упаковки: | E64: соответствует
A65: (соответствует/не соответствует)
A66: г) Выполнение консервации: | D66: соответствует
A67: (соответствует/не соответствует)
A68: д) Наличие ЗАК/протокола КДО: | D68: -
A69: (номер ЗАК или протокола КДО и дата выдачм/отсутствует)
A70: Проверенная продукция для последующего применения признана: | H70: пригодной
A71: (пригодной/непригодной)
A72: и допущена к применению при строительно-монтажных работах на объекте____________________________________________________________
A73: (допущена/не допущена) (указать последующее действие с пригодной продукцией)
A75: Продукция признана непригодной по следующим причинам:
A76: ­
A77: (указать причины отбраковки, документальные результаты контроля, протоколы испытания и прочие документы)
A80: непригодная продукия подлежит: | D80: -
A81: (указать последующее действие с непригодной продукцией)
A82: Председатель:
A83: =C22 -> Главный энергетик ООО "Энергосистемы" Фечин А.А.
A84: (должность, организация, подпись, фамилия, имя, отчество)
A85: Члены комиссии:
A86: =C26 -> Прораб ООО "Энергосистемы" Волков М.Ю.
A87: (должность, организация, подпись, фамилия, имя, отчество)
A88: =C28 -> Инженер-электрик ООО "Энергосистемы" Высоцкий А.В.
A89: (должность, организация, подпись, фамилия, имя, отчество)
A90: Присутствующие:
A91: =C30 -> Гл. специалист ССК УКС ПАО "Россети Московский регион" Алексанян Г.Р.
A92: (должность, организация, фамилия, имя, отчество)
A93: Особые отметки:

Sheet изоляторы
K1: Приложение 1
K3: Приложение 48 к приказу от 19.12.2019 № 1414
F5: ФОРМА
I6: ГОДЕН
I7: (результат контроля продукции)
A8: Объект строительства:
A9: ='Провод СИП 3'!A9:L9 -> Строительство ТП-10/0,4 кВ, ВЛЗ-10 кВ от ВЛЗ-10 кВ ф. «Кочугино» ПС №185 "Воробьево", ВЛИ-0,38 кВ, рлр, в т.ч. ПИР, МО, Солнечногорский р-н, г. Солнечногорск
A11: Заказчик строительства: Филиал ПАО «Россети Московский регион» - Северные электрические сети
A13: АКТ № 0/ | G13: ='Провод СИП 3'!G13 -> SAP - 288007
A14: входного контроля
A16: ='Провод СИП 3'!A16 -> 141533,Российская Федерация, г.о.Солнечногорск | K16: ='Провод СИП 3'!K16:L16 -> 25.09.2024
A17: (место проведения) | K17: (дата)
A19: Нами, комиссией | C19: ='Провод СИП 3'!C19:G19 -> ООО "Энергосистемы" | H19: ='Данные объект'!B43 -> по приказу №05-ОТ/24 от 09 января 2023г. в составе:
C20: (организация, от которой сформирована комиссия)
A22: Председателя: . | C22: ='Данные объект'!C45 -> Главный энергетик ООО "Энергосистемы" Фечин А.А.
A23: (должность, организация, фамилия, имя, отчество)
A25: и членов комиссии:
C26: ='Данные объект'!C47 -> Прораб ООО "Энергосистемы" Волков М.Ю.
A27: (должность, организация, фамилия, имя, отчество)
C28: ='Данные объект'!C49 -> Инженер-электрик ООО "Энергосистемы" Высоцкий А.В.
A29: (должность, организация, фамилия, имя, отчество)
C30: ='Данные объект'!B32 -> Гл. специалист ССК УКС ПАО "Россети Московский регион" Алексанян Г.Р.
A31: (должность, организация, фамилия, имя, отчество)
A33: (должность, организация, фамилия, имя, отчество)
A34: руководствуясь, | C34: ='Данные объект'!B51 -> методическими указаниями ПАО "Россети Московский регион" (утв. Приказом от 14.11.2024 г. № 1254)
A35: (документ, устанавливающий требевания по организации и проведению входного контроля продукции)
A36: составила настоящий акт о выполненном входном контроле продукции для строительства.
A38: 1. К входному контролю представлена следующая продукция:
A39: Изолятор штырьевой ШФ20-Г
A40: (наименование продукции)
A41: 1.1. Наименование, номер документа, удостоверяющего качество и НТД на продукцию: | K41: ООО «Гжельский завод Электроизолятор»
K42: (изготовитель,
A43: Сертификат соответствия №РОСС RU.АЖ49.Н01642 срок действия от 24.08.2021г до 23.08.2024г | H43: НТД | I43: ГОСТ 1232-2017
A44: № документа и дата, № партии, дата изготовления) (ГОСТ, ТУ, чертеж КМД)
A45: 1.2. Кол-во: | C45: 6 шт | E45: Кол-во партии:
A46: (штуки, объем, вес в ед. изм.) (штуки, объем, вес в ед. изм.)
A47: 1.3. Поставщик: | C47: ООО ТК "Норма-кабель" | F47: Договор | G47: №НК-398 от 30.11.2023
A48: (наименование организации) (реквизиты договора на поставку)
A49: 2. Подготовка продукции к контролю по НТД: | F49: выполнена
A50: (выполнена/не выполнена)
A51: 3. При входном контроле проведены следующие контрольные мероприятия:
A53: Количество, масса, объем проверенной продукции (в ед. изм.) | E53: Вид контроля (НТД) и дата сдачи образцов (проб) на контроль | G53: Приборы контроля | I53: № прибора и дата поверки прибора | K53: № и дата протокола контроля | L53: Заключение по контролю (годен/не годен)
A55: Визуальным осмотром | C55: Инструментальными и приборными методами
A58: 1 | C58: 2 | E58: 3 | G58: 4 | I58: 5 | K58: 6 | L58: 7
A59: =C45 -> 6 шт | C59: - | E59: Визуальный | G59: - | I59: - | K59: - | L59: годен
A61: 4. В результате проведенного входного контроля представленной продукции установлено:
A62: а) Сопроводительные документы: | E62: соответствует
A63: (соответствуют/не соответствуют)
A64: б) Комплектность (в т.ч. ЗИП): | D64: соответствует
A65: (соответствует/не соответствует)
A66: в) Целостность и сохранность упаковки: | E66: соответствует
A67: (соответствует/не соответствует)
A68: г) Выполнение консервации: | D68: соответствует
A69: (соответствует/не соответствует)
A70: д) Наличие ЗАК/протокола КДО: | D70: ЗАК №I3-156/22 от 22.07.2022 г. до 22.07.2027 г.
A71: (номер ЗАК или протокола КДО и дата выдачм/отсутствует)
A72: Проверенная продукция для последующего применения признана: | H72: пригодной
A73: (пригодной/непригодной)
A74: и допущена к применению при строительно-монтажных работах на объекте____________________________________________________________
A75: (допущена/не допущена) (указать последующее действие с пригодной продукцией)
A77: Продукция признана непригодной по следующим причинам:
A78: ­
A79: (указать причины отбраковки, документальные результаты контроля, протоколы испытания и прочие документы)
A82: непригодная продукия подлежит: | D82: -
A83: (указать последующее действие с непригодной продукцией)
A84: Председатель:
A85: =C22 -> Главный энергетик ООО "Энергосистемы" Фечин А.А.
A86: (должность, организация, подпись, фамилия, имя, отчество)
A87: Члены комиссии:
A88: =C26 -> Прораб ООО "Энергосистемы" Волков М.Ю.
A89: (должность, организация, подпись, фамилия, имя, отчество)
A90: =C28 -> Инженер-электрик ООО "Энергосистемы" Высоцкий А.В.
A91: (должность, организация, подпись, фамилия, имя, отчество)
A92: Присутствующие:
A93: =C30 -> Гл. специалист ССК УКС ПАО "Россети Московский регион" Алексанян Г.Р.
A94: (должность, организация, фамилия, имя, отчество)
A95: Особые отметки:

Sheet  муфты 
K1: Приложение 1
K3: Приложение 48 к приказу от 19.12.2019 № 1414
F5: ФОРМА
I6: ГОДЕН
I7: (результат контроля продукции)
A8: Объект строительства:
A9: ='Данные объект'!B3 -> Строительство ТП-10/0,4 кВ, ВЛЗ-10 кВ от ВЛЗ-10 кВ ф. «Кочугино» ПС №185 "Воробьево", ВЛИ-0,38 кВ, рлр, в т.ч. ПИР, МО, Солнечногорский р-н, г. Солнечногорск
A11: Заказчик строительства: Филиал ПАО «Россети Московский регион» - Северные электрические сети
A13: АКТ № 8/ | G13: ='Данные объект'!B2 -> SAP - 288007
A14: входного контроля
A16: ='Данные объект'!B5 -> 141533,Российская Федерация, г.о.Солнечногорск | K16: ='Данные объект'!B6 -> 25.09.2024
A17: (место проведения) | K17: (дата)
A19: Нами, комиссией | C19: ='Провод СИП 3'!C19:G19 -> ООО "Энергосистемы" | H19: ='Данные объект'!B43 -> по приказу №05-ОТ/24 от 09 января 2023г. в составе:
C20: (организация, от которой сформирована комиссия)
A22: Председателя: . | C22: ='Данные объект'!C45 -> Главный энергетик ООО "Энергосистемы" Фечин А.А.
A23: (должность, организация, фамилия, имя, отчество)
A25: и членов комиссии:
C26: ='Данные объект'!C47 -> Прораб ООО "Энергосистемы" Волков М.Ю.
A27: (должность, организация, фамилия, имя, отчество)
C28: ='Данные объект'!C49 -> Инженер-электрик ООО "Энергосистемы" Высоцкий А.В.
A29: (должность, организация, фамилия, имя, отчество)
C30: ='Данные объект'!B32 -> Гл. специалист ССК УКС ПАО "Россети Московский регион" Алексанян Г.Р.
A31: (должность, организация, фамилия, имя, отчество)
A32: руководствуясь, | C32: ='Данные объект'!B51 -> методическими указаниями ПАО "Россети Московский регион" (утв. Приказом от 14.11.2024 г. № 1254)
A33: (документ, устанавливающий требевания по организации и проведению входного контроля продукции)
A34: составила настоящий акт о выполненном входном контроле продукции для строительства.
A36: 1. К входному контролю представлена следующая продукция:
A37: Муфта концевая термоусаживаемая 3 КВНТп-1 70/120
A38: (наименование продукции)
A39: 1.1. Наименование, номер документа, удостоверяющего качество и НТД на продукцию: | K39: АО "ПЗЭМИ"
K40: (изготовитель,
A41: Сертификат соответствия №РОСС RU.32001.04ИБФ1.ОСП28.45002 срок действия с 20.12.2023 по 19.12.2026 гг. | H41: НТД | I41: ГОСТ 34839-2022
A42: № документа и дата, № партии, дата изготовления) (ГОСТ, ТУ, чертеж КМД)
A43: 1.2. Кол-во: | C43: 2 шт | E43: Кол-во партии: | G43: =C43 -> 2 шт
A44: (штуки, объем, вес в ед. изм.) (штуки, объем, вес в ед. изм.)
A45: 1.3. Поставщик: | C45: ООО "Главстройэнерго" | F45: Договор | G45: №216 от 03.10.2023г
A46: (наименование организации) (реквизиты договора на поставку)
A47: 2. Подготовка продукции к контролю по НТД: | F47: выполнена
A48: (выполнена/не выполнена)
A49: 3. При входном контроле проведены следующие контрольные мероприятия:
A51: Количество, масса, объем проверенной продукции (в ед. изм.) | E51: Вид контроля (НТД) и дата сдачи образцов (проб) на контроль | G51: Приборы контроля | I51: № прибора и дата поверки прибора | K51: № и дата протокола контроля | L51: Заключение по контролю (годен/не годен)
A53: Визуальным осмотром | C53: Инструментальными и приборными методами
A56: 1 | C56: 2 | E56: 3 | G56: 4 | I56: 5 | K56: 6 | L56: 7
A57: 3 КВНТп-1 70/120 | C57: - | E57: Визуальный | G57: - | I57: - | K57: - | L57: годен
A59: 4. В результате проведенного входного контроля представленной продукции установлено:
A60: а) Сопроводительные документы: | E60: соответствует
A61: (соответствуют/не соответствуют)
A62: б) Комплектность (в т.ч. ЗИП): | D62: соответствует
A63: (соответствует/не соответствует)
A64: в) Целостность и сохранность упаковки: | E64: соответствует
A65: (соответствует/не соответствует)
A66: г) Выполнение консервации: | D66: соответствует
A67: (соответствует/не соответствует)
A68: д) Наличие ЗАК/протокола КДО: | D68: -
A69: (номер ЗАК или протокола КДО и дата выдачм/отсутствует)
A70: Проверенная продукция для последующего применения признана: | H70: пригодной
A71: (пригодной/непригодной)
A72: и допущена к применению при строительно-монтажных работах на объекте____________________________________________________________
A73: (допущена/не допущена) (указать последующее действие с пригодной продукцией)
A75: Продукция признана непригодной по следующим причинам:
A76: ­
A77: (указать причины отбраковки, документальные результаты контроля, протоколы испытания и прочие документы)
A80: непригодная продукия подлежит: | D80: -
A81: (указать последующее действие с непригодной продукцией)
A82: Председатель:
A83: =C22 -> Главный энергетик ООО "Энергосистемы" Фечин А.А.
A84: (должность, организация, подпись, фамилия, имя, отчество)
A85: Члены комиссии:
A86: =C26 -> Прораб ООО "Энергосистемы" Волков М.Ю.
A87: (должность, организация, подпись, фамилия, имя, отчество)
A88: =C28 -> Инженер-электрик ООО "Энергосистемы" Высоцкий А.В.
A89: (должность, организация, подпись, фамилия, имя, отчество)
A90: Присутствующие:
A91: =C30 -> Гл. специалист ССК УКС ПАО "Россети Московский регион" Алексанян Г.Р.
A92: (должность, организация, фамилия, имя, отчество)
A93: Особые отметки:

Sheet ПКТ
K1: Приложение 1
K3: Приложение 48 к приказу от 19.12.2019 № 1414
F5: ФОРМА
I6: ГОДЕН
I7: (результат контроля продукции)
A8: Объект строительства:
A9: ='Провод СИП 3'!A9:L9 -> Строительство ТП-10/0,4 кВ, ВЛЗ-10 кВ от ВЛЗ-10 кВ ф. «Кочугино» ПС №185 "Воробьево", ВЛИ-0,38 кВ, рлр, в т.ч. ПИР, МО, Солнечногорский р-н, г. Солнечногорск
A11: Заказчик строительства: Филиал ПАО «Россети Московский регион» - Северные электрические сети
A13: АКТ № 0/ | G13: ='Провод СИП 3'!G13 -> SAP - 288007
A14: входного контроля
A16: ='Провод СИП 3'!A16 -> 141533,Российская Федерация, г.о.Солнечногорск | K16: ='Провод СИП 3'!K16:L16 -> 25.09.2024
A17: (место проведения) | K17: (дата)
A19: Нами, комиссией | C19: ='Провод СИП 3'!C19:G19 -> ООО "Энергосистемы" | H19: ='Данные объект'!B43 -> по приказу №05-ОТ/24 от 09 января 2023г. в составе:
C20: (организация, от которой сформирована комиссия)
A22: Председателя: . | C22: ='Данные объект'!C45 -> Главный энергетик ООО "Энергосистемы" Фечин А.А.
A23: (должность, организация, фамилия, имя, отчество)
A25: и членов комиссии:
C26: ='Данные объект'!C47 -> Прораб ООО "Энергосистемы" Волков М.Ю.
A27: (должность, организация, фамилия, имя, отчество)
C28: ='Данные объект'!C49 -> Инженер-электрик ООО "Энергосистемы" Высоцкий А.В.
A29: (должность, организация, фамилия, имя, отчество)
C30: ='Данные объект'!B32 -> Гл. специалист ССК УКС ПАО "Россети Московский регион" Алексанян Г.Р.
A31: (должность, организация, фамилия, имя, отчество)
A32: руководствуясь, | C32: ='Данные объект'!B51 -> методическими указаниями ПАО "Россети Московский регион" (утв. Приказом от 14.11.2024 г. № 1254)
A33: (документ, устанавливающий требевания по организации и проведению входного контроля продукции)
A34: составила настоящий акт о выполненном входном контроле продукции для строительства.
A36: 1. К входному контролю представлена следующая продукция:
A37: Предохранитель высоковольтный с кварцевым наполнителем 3ПКТ-103-6-100А-31,5УЗ
A38: (наименование продукции)
A39: 1.1. Наименование, номер документа, удостоверяющего качество и НТД на продукцию: | K39: ООО «Экопром»
K40: (изготовитель,
A41: Сертификат соответствия №РОСС RU.04РИД0.ОСП04.С00591 срок действия от 14.01.2022г до 13.01.2025г | H41: НТД | I41: ТУ 1491-001-02863030-2004
A42: № документа и дата, № партии, дата изготовления) (ГОСТ, ТУ, чертеж КМД)
A43: 1.2. Кол-во: | C43: 3 шт | E43: Кол-во партии: | G43: =C43 -> 3 шт
A44: (штуки, объем, вес в ед. изм.) (штуки, объем, вес в ед. изм.)
A45: 1.3. Поставщик: | C45: ООО ТК "Норма-кабель" | F45: Договор | G45: №НК-398 от 30.11.2023
A46: (наименование организации) (реквизиты договора на поставку)
A47: 2. Подготовка продукции к контролю по НТД: | F47: выполнена
A48: (выполнена/не выполнена)
A49: 3. При входном контроле проведены следующие контрольные мероприятия:
A51: Количество, масса, объем проверенной продукции (в ед. изм.) | E51: Вид контроля (НТД) и дата сдачи образцов (проб) на контроль | G51: Приборы контроля | I51: № прибора и дата поверки прибора | K51: № и дата протокола контроля | L51: Заключение по контролю (годен/не годен)
A53: Визуальным осмотром | C53: Инструментальными и приборными методами
A56: 1 | C56: 2 | E56: 3 | G56: 4 | I56: 5 | K56: 6 | L56: 7
A57: =C43 -> 3 шт | C57: - | E57: Визуальный | G57: - | I57: - | K57: - | L57: годен
A59: 4. В результате проведенного входного контроля представленной продукции установлено:
A60: а) Сопроводительные документы: | E60: соответствует
A61: (соответствуют/не соответствуют)
A62: б) Комплектность (в т.ч. ЗИП): | D62: соответствует
A63: (соответствует/не соответствует)
A64: в) Целостность и сохранность упаковки: | E64: соответствует
A65: (соответствует/не соответствует)
A66: г) Выполнение консервации: | D66: соответствует
A67: (соответствует/не соответствует)
A68: д) Наличие ЗАК/протокола КДО: | D68: -
A69: (номер ЗАК или протокола КДО и дата выдачм/отсутствует)
A70: Проверенная продукция для последующего применения признана: | H70: пригодной
A71: (пригодной/непригодной)
A72: и допущена к применению при строительно-монтажных работах на объекте____________________________________________________________
A73: (допущена/не допущена) (указать последующее действие с пригодной продукцией)
A75: Продукция признана непригодной по следующим причинам:
A76: ­
A77: (указать причины отбраковки, документальные результаты контроля, протоколы испытания и прочие документы)
A80: непригодная продукия подлежит: | D80: -
A81: (указать последующее действие с непригодной продукцией)
A82: Председатель:
A83: =C22 -> Главный энергетик ООО "Энергосистемы" Фечин А.А.
A84: (должность, организация, подпись, фамилия, имя, отчество)
A85: Члены комиссии:
A86: =C26 -> Прораб ООО "Энергосистемы" Волков М.Ю.
A87: (должность, организация, подпись, фамилия, имя, отчество)
A88: =C28 -> Инженер-электрик ООО "Энергосистемы" Высоцкий А.В.
A89: (должность, организация, подпись, фамилия, имя, отчество)
A90: Присутствующие:
A91: =C30 -> Гл. специалист ССК УКС ПАО "Россети Московский регион" Алексанян Г.Р.
A92: (должность, организация, фамилия, имя, отчество)
A93: Особые отметки:

Sheet ТТ Т-0,66
K1: Приложение 1
K3: Приложение 48 к приказу от 19.12.2019 № 1414
F5: ФОРМА
I6: ГОДЕН
I7: (результат контроля продукции)
A8: Объект строительства:
A9: ='Провод СИП 3'!A9:L9 -> Строительство ТП-10/0,4 кВ, ВЛЗ-10 кВ от ВЛЗ-10 кВ ф. «Кочугино» ПС №185 "Воробьево", ВЛИ-0,38 кВ, рлр, в т.ч. ПИР, МО, Солнечногорский р-н, г. Солнечногорск
A11: Заказчик строительства: Филиал ПАО «Россети Московский регион» - Северные электрические сети
A13: АКТ № 0/ | G13: ='Провод СИП 3'!G13 -> SAP - 288007
A14: входного контроля
A16: ='Провод СИП 3'!A16 -> 141533,Российская Федерация, г.о.Солнечногорск | K16: ='Провод СИП 3'!K16:L16 -> 25.09.2024
A17: (место проведения) | K17: (дата)
A19: Нами, комиссией | C19: ='Провод СИП 3'!C19:G19 -> ООО "Энергосистемы" | H19: ='Данные объект'!B43 -> по приказу №05-ОТ/24 от 09 января 2023г. в составе:
C20: (организация, от которой сформирована комиссия)
A22: Председателя: . | C22: ='Данные объект'!C45 -> Главный энергетик ООО "Энергосистемы" Фечин А.А.
A23: (должность, организация, фамилия, имя, отчество)
A25: и членов комиссии:
C26: ='Данные объект'!C47 -> Прораб ООО "Энергосистемы" Волков М.Ю.
A27: (должность, организация, фамилия, имя, отчество)
C28: ='Данные объект'!C49 -> Инженер-электрик ООО "Энергосистемы" Высоцкий А.В.
A29: (должность, организация, фамилия, имя, отчество)
C30: ='Данные объект'!B32 -> Гл. специалист ССК УКС ПАО "Россети Московский регион" Алексанян Г.Р.
A31: (должность, организация, фамилия, имя, отчество)
A32: руководствуясь, | C32: ='Данные объект'!B51 -> методическими указаниями ПАО "Россети Московский регион" (утв. Приказом от 14.11.2024 г. № 1254)
A33: (документ, устанавливающий требевания по организации и проведению входного контроля продукции)
A34: составила настоящий акт о выполненном входном контроле продукции для строительства.
A36: 1. К входному контролю представлена следующая продукция:
A37: Трансформатор тока Т-0,66 400/5
A38: (наименование продукции)
A39: 1.1. Наименование, номер документа, удостоверяющего качество и НТД на продукцию: | K39: ФК ИК-1
K40: (изготовитель,
A41: Декларация о соответствии №ЕАЭС №RU Д-RU.НВ11.В.00611/19 от 19.11.2019г | H41: НТД | I41: ТУ 27.11.42-033-08826343-2007
A42: № документа и дата, № партии, дата изготовления) (ГОСТ, ТУ, чертеж КМД)
A43: 1.2. Кол-во: | C43: 3 шт | E43: Кол-во партии: | G43: =C43 -> 3 шт
A44: (штуки, объем, вес в ед. изм.) (штуки, объем, вес в ед. изм.)
A45: 1.3. Поставщик: | C45: ООО ТК "Норма-кабель" | F45: Договор | G45: №НК-398 от 30.11.2023
A46: (наименование организации) (реквизиты договора на поставку)
A47: 2. Подготовка продукции к контролю по НТД: | F47: выполнена
A48: (выполнена/не выполнена)
A49: 3. При входном контроле проведены следующие контрольные мероприятия:
A51: Количество, масса, объем проверенной продукции (в ед. изм.) | E51: Вид контроля (НТД) и дата сдачи образцов (проб) на контроль | G51: Приборы контроля | I51: № прибора и дата поверки прибора | K51: № и дата протокола контроля | L51: Заключение по контролю (годен/не годен)
A53: Визуальным осмотром | C53: Инструментальными и приборными методами
A56: 1 | C56: 2 | E56: 3 | G56: 4 | I56: 5 | K56: 6 | L56: 7
A57: =C43 -> 3 шт | C57: - | E57: Визуальный | G57: - | I57: - | K57: - | L57: годен
A59: 4. В результате проведенного входного контроля представленной продукции установлено:
A60: а) Сопроводительные документы: | E60: соответствует
A61: (соответствуют/не соответствуют)
A62: б) Комплектность (в т.ч. ЗИП): | D62: соответствует
A63: (соответствует/не соответствует)
A64: в) Целостность и сохранность упаковки: | E64: соответствует
A65: (соответствует/не соответствует)
A66: г) Выполнение консервации: | D66: соответствует
A67: (соответствует/не соответствует)
A68: д) Наличие ЗАК/протокола КДО: | D68: ЗАК №I3-71/21 до 28.05.2026 г.
A69: (номер ЗАК или протокола КДО и дата выдачм/отсутствует)
A70: Проверенная продукция для последующего применения признана: | H70: пригодной
A71: (пригодной/непригодной)
A72: и допущена к применению при строительно-монтажных работах на объекте____________________________________________________________
A73: (допущена/не допущена) (указать последующее действие с пригодной продукцией)
A75: Продукция признана непригодной по следующим причинам:
A76: ­
A77: (указать причины отбраковки, документальные результаты контроля, протоколы испытания и прочие документы)
A80: непригодная продукия подлежит: | D80: -
A81: (указать последующее действие с непригодной продукцией)
A82: Председатель:
A83: =C22 -> Главный энергетик ООО "Энергосистемы" Фечин А.А.
A84: (должность, организация, подпись, фамилия, имя, отчество)
A85: Члены комиссии:
A86: =C26 -> Прораб ООО "Энергосистемы" Волков М.Ю.
A87: (должность, организация, подпись, фамилия, имя, отчество)
A88: =C28 -> Инженер-электрик ООО "Энергосистемы" Высоцкий А.В.
A89: (должность, организация, подпись, фамилия, имя, отчество)
A90: Присутствующие:
A91: =C30 -> Гл. специалист ССК УКС ПАО "Россети Московский регион" Алексанян Г.Р.
A92: (должность, организация, фамилия, имя, отчество)
A93: Особые отметки:

Sheet РМК
K1: Приложение 1
K3: Приложение 48 к приказу от 19.12.2019 № 1414
F5: ФОРМА
I6: ГОДЕН
I7: (результат контроля продукции)
A8: Объект строительства:
A9: ='Провод СИП 3'!A9:L9 -> Строительство ТП-10/0,4 кВ, ВЛЗ-10 кВ от ВЛЗ-10 кВ ф. «Кочугино» ПС №185 "Воробьево", ВЛИ-0,38 кВ, рлр, в т.ч. ПИР, МО, Солнечногорский р-н, г. Солнечногорск
A11: Заказчик строительства: Филиал ПАО «Россети Московский регион» - Северные электрические сети
A13: АКТ № 0/ | G13: ='Провод СИП 3'!G13 -> SAP - 288007
A14: входного контроля
A16: ='Провод СИП 3'!A16 -> 141533,Российская Федерация, г.о.Солнечногорск | K16: ='Провод СИП 3'!K16:L16 -> 25.09.2024
A17: (место проведения) | K17: (дата)
A19: Нами, комиссией | C19: ='Провод СИП 3'!C19:G19 -> ООО "Энергосистемы" | H19: ='Данные объект'!B43 -> по приказу №05-ОТ/24 от 09 января 2023г. в составе:
C20: (организация, от которой сформирована комиссия)
A22: Председателя: . | C22: ='Данные объект'!C45 -> Главный энергетик ООО "Энергосистемы" Фечин А.А.
A23: (должность, организация, фамилия, имя, отчество)
A25: и членов комиссии:
C26: ='Данные объект'!C47 -> Прораб ООО "Энергосистемы" Волков М.Ю.
A27: (должность, организация, фамилия, имя, отчество)
C28: ='Данные объект'!C49 -> Инженер-электрик ООО "Энергосистемы" Высоцкий А.В.
A29: (должность, организация, фамилия, имя, отчество)
C30: ='Данные объект'!B32 -> Гл. специалист ССК УКС ПАО "Россети Московский регион" Алексанян Г.Р.
A31: (должность, организация, фамилия, имя, отчество)
A32: руководствуясь, | C32: ='Данные объект'!B51 -> методическими указаниями ПАО "Россети Московский регион" (утв. Приказом от 14.11.2024 г. № 1254)
A33: (документ, устанавливающий требевания по организации и проведению входного контроля продукции)
A34: составила настоящий акт о выполненном входном контроле продукции для строительства.
A36: 1. К входному контролю представлена следующая продукция:
A37: Длинно-искровой разрядник РМК
A38: (наименование продукции)
A39: 1.1. Наименование, номер документа, удостоверяющего качество и НТД на продукцию: | K39: АО "НПО "Стример"
K40: (изготовитель,
A41: Сертификат соответствия №РОСС RU.ЕФ01.Н00004-22 срок действия от 10.04.2022г до 09.04.2025 | H41: НТД | I41: ТУ 3414-001-45533350-2009
A42: № документа и дата, № партии, дата изготовления) (ГОСТ, ТУ, чертеж КМД)
A43: 1.2. Кол-во: | C43: 3 шт | E43: Кол-во партии: | G43: =C43 -> 3 шт
A44: (штуки, объем, вес в ед. изм.) (штуки, объем, вес в ед. изм.)
A45: 1.3. Поставщик: | C45: ООО ТК "Норма-кабель" | F45: Договор | G45: №НК-398 от 30.11.2023
A46: (наименование организации) (реквизиты договора на поставку)
A47: 2. Подготовка продукции к контролю по НТД: | F47: выполнена
A48: (выполнена/не выполнена)
A49: 3. При входном контроле проведены следующие контрольные мероприятия:
A51: Количество, масса, объем проверенной продукции (в ед. изм.) | E51: Вид контроля (НТД) и дата сдачи образцов (проб) на контроль | G51: Приборы контроля | I51: № прибора и дата поверки прибора | K51: № и дата протокола контроля | L51: Заключение по контролю (годен/не годен)
A53: Визуальным осмотром | C53: Инструментальными и приборными методами
A56: 1 | C56: 2 | E56: 3 | G56: 4 | I56: 5 | K56: 6 | L56: 7
A57: =C43 -> 3 шт | C57: - | E57: Визуальный | G57: - | I57: - | K57: - | L57: годен
A59: 4. В результате проведенного входного контроля представленной продукции установлено:
A60: а) Сопроводительные документы: | E60: соответствует
A61: (соответствуют/не соответствуют)
A62: б) Комплектность (в т.ч. ЗИП): | D62: соответствует
A63: (соответствует/не соответствует)
A64: в) Целостность и сохранность упаковки: | E64: соответствует
A65: (соответствует/не соответствует)
A66: г) Выполнение консервации: | D66: соответствует
A67: (соответствует/не соответствует)
A68: д) Наличие ЗАК/протокола КДО: | D68: ЗАК №I3-224/15 от 02.08.2021 г. до 02.08.2026 г.
A69: (номер ЗАК или протокола КДО и дата выдачм/отсутствует)
A70: Проверенная продукция для последующего применения признана: | H70: пригодной
A71: (пригодной/непригодной)
A72: и допущена к применению при строительно-монтажных работах на объекте____________________________________________________________
A73: (допущена/не допущена) (указать последующее действие с пригодной продукцией)
A75: Продукция признана непригодной по следующим причинам:
A76: ­
A77: (указать причины отбраковки, документальные результаты контроля, протоколы испытания и прочие документы)
A80: непригодная продукия подлежит: | D80: -
A81: (указать последующее действие с непригодной продукцией)
A82: Председатель:
A83: =C22 -> Главный энергетик ООО "Энергосистемы" Фечин А.А.
A84: (должность, организация, подпись, фамилия, имя, отчество)
A85: Члены комиссии:
A86: =C26 -> Прораб ООО "Энергосистемы" Волков М.Ю.
A87: (должность, организация, подпись, фамилия, имя, отчество)
A88: =C28 -> Инженер-электрик ООО "Энергосистемы" Высоцкий А.В.
A89: (должность, организация, подпись, фамилия, имя, отчество)
A90: Присутствующие:
A91: =C30 -> Гл. специалист ССК УКС ПАО "Россети Московский регион" Алексанян Г.Р.
A92: (должность, организация, фамилия, имя, отчество)
A93: Особые отметки:

Sheet КРН
K1: Приложение 1
K3: Приложение 48 к приказу от 19.12.2019 № 1414
F5: ФОРМА
I6: ГОДЕН
I7: (результат контроля продукции)
A8: Объект строительства:
A9: ='Провод СИП 3'!A9:L9 -> Строительство ТП-10/0,4 кВ, ВЛЗ-10 кВ от ВЛЗ-10 кВ ф. «Кочугино» ПС №185 "Воробьево", ВЛИ-0,38 кВ, рлр, в т.ч. ПИР, МО, Солнечногорский р-н, г. Солнечногорск
A11: Заказчик строительства: Филиал ПАО «Россети Московский регион» - Северные электрические сети
A13: АКТ № 0/ | G13: ='Провод СИП 3'!G13 -> SAP - 288007
A14: входного контроля
A16: ='Провод СИП 3'!A16 -> 141533,Российская Федерация, г.о.Солнечногорск | K16: ='Провод СИП 3'!K16:L16 -> 25.09.2024
A17: (место проведения) | K17: (дата)
A19: Нами, комиссией | C19: =каб.АСБ!C19 -> ООО "Энергосистемы" | H19: ='Данные объект'!B43 -> по приказу №05-ОТ/24 от 09 января 2023г. в составе:
C20: (организация, от которой сформирована комиссия)
A22: Председателя: . | C22: ='Данные объект'!C45 -> Главный энергетик ООО "Энергосистемы" Фечин А.А.
A23: (должность, организация, фамилия, имя, отчество)
A25: и членов комиссии:
C26: ='Данные объект'!C47 -> Прораб ООО "Энергосистемы" Волков М.Ю.
A27: (должность, организация, фамилия, имя, отчество)
C28: ='Данные объект'!C49 -> Инженер-электрик ООО "Энергосистемы" Высоцкий А.В.
A29: (должность, организация, фамилия, имя, отчество)
C30: ='Данные объект'!B32 -> Гл. специалист ССК УКС ПАО "Россети Московский регион" Алексанян Г.Р.
A31: (должность, организация, фамилия, имя, отчество)
A32: руководствуясь, | C32: ='Данные объект'!B51 -> методическими указаниями ПАО "Россети Московский регион" (утв. Приказом от 14.11.2024 г. № 1254)
A33: (документ, устанавливающий требевания по организации и проведению входного контроля продукции)
A34: составила настоящий акт о выполненном входном контроле продукции для строительства.
A36: 1. К входному контролю представлена следующая продукция:
A37: Комплектное распределительное устройство наружной установки, 10кВ, 1000А, ввод КРУН-017-1000-УХЛ1; Комплектное распределительное устройство наружной установки, 10кВ, 1000А, линия КРУН-002-1000-УХЛ1
A38: (наименование продукции)
A39: 1.1. Наименование, номер документа, удостоверяющего качество и НТД на продукцию: | K39: АО"ЧЭАЗ"
K40: (изготовитель,
A41: Декларация о соответствии №РОСС RU Д-RU.АЯ96.В.00016/20 от 11.02.2020г | H41: НТД | I41: ГОСТ 14693-90
A42: № документа и дата, № партии, дата изготовления) (ГОСТ, ТУ, чертеж КМД)
A43: 1.2. Кол-во: | C43: 2 шт | E43: Кол-во партии: | G43: =C43 -> 2 шт
A44: (штуки, объем, вес в ед. изм.) (штуки, объем, вес в ед. изм.)
A45: 1.3. Поставщик: | C45: ООО "Электросистемс"" | F45: Договор | G45: №214785/23 от 22.01.2023г
A46: (наименование организации) (реквизиты договора на поставку)
A47: 2. Подготовка продукции к контролю по НТД: | F47: выполнена
A48: (выполнена/не выполнена)
A49: 3. При входном контроле проведены следующие контрольные мероприятия:
A51: Количество, масса, объем проверенной продукции (в ед. изм.) | E51: Вид контроля (НТД) и дата сдачи образцов (проб) на контроль | G51: Приборы контроля | I51: № прибора и дата поверки прибора | K51: № и дата протокола контроля | L51: Заключение по контролю (годен/не годен)
A53: Визуальным осмотром | C53: Инструментальными и приборными методами
A56: 1 | C56: 2 | E56: 3 | G56: 4 | I56: 5 | K56: 6 | L56: 7
A57: =C43 -> 2 шт | C57: - | E57: Визуальный | G57: - | I57: - | K57: - | L57: годен
A59: 4. В результате проведенного входного контроля представленной продукции установлено:
A60: а) Сопроводительные документы: | E60: соответствует
A61: (соответствуют/не соответствуют)
A62: б) Комплектность (в т.ч. ЗИП): | D62: соответствует
A63: (соответствует/не соответствует)
A64: в) Целостность и сохранность упаковки: | E64: соответствует
A65: (соответствует/не соответствует)
A66: г) Выполнение консервации: | D66: соответствует
A67: (соответствует/не соответствует)
A68: д) Наличие ЗАК/протокола КДО: | D68: ЗАК №IП-183/21 от 02.12.2021 г. до 02.12.2026 г.
A69: (номер ЗАК или протокола КДО и дата выдачм/отсутствует)
A70: Проверенная продукция для последующего применения признана: | H70: пригодной
A71: (пригодной/непригодной)
A72: и допущена к применению при строительно-монтажных работах на объекте____________________________________________________________
A73: (допущена/не допущена) (указать последующее действие с пригодной продукцией)
A75: Продукция признана непригодной по следующим причинам:
A76: ­
A77: (указать причины отбраковки, документальные результаты контроля, протоколы испытания и прочие документы)
A80: непригодная продукия подлежит: | D80: -
A81: (указать последующее действие с непригодной продукцией)
A82: Председатель:
A83: =C22 -> Главный энергетик ООО "Энергосистемы" Фечин А.А.
A84: (должность, организация, подпись, фамилия, имя, отчество)
A85: Члены комиссии:
A86: =C26 -> Прораб ООО "Энергосистемы" Волков М.Ю.
A87: (должность, организация, подпись, фамилия, имя, отчество)
A88: =C28 -> Инженер-электрик ООО "Энергосистемы" Высоцкий А.В.
A89: (должность, организация, подпись, фамилия, имя, отчество)
A90: Присутствующие:
A91: =C30 -> Гл. специалист ССК УКС ПАО "Россети Московский регион" Алексанян Г.Р.
A92: (должность, организация, фамилия, имя, отчество)
A93: Особые отметки:

Sheet КСО
K1: Приложение 1
K3: Приложение 48 к приказу от 19.12.2019 № 1414
F5: ФОРМА
I6: ГОДЕН
I7: (результат контроля продукции)
A8: Объект строительства:
A9: ='Данные объект'!B3 -> Строительство ТП-10/0,4 кВ, ВЛЗ-10 кВ от ВЛЗ-10 кВ ф. «Кочугино» ПС №185 "Воробьево", ВЛИ-0,38 кВ, рлр, в т.ч. ПИР, МО, Солнечногорский р-н, г. Солнечногорск
A11: Заказчик строительства: Филиал ПАО «Россети Московский регион» - Северные электрические сети
A13: АКТ №4/ | G13: ='Данные объект'!B2 -> SAP - 288007
A14: входного контроля
A16: ='Провод СИП 3'!A16 -> 141533,Российская Федерация, г.о.Солнечногорск | K16: ='Данные объект'!B6 -> 25.09.2024
A17: (место проведения) | K17: (дата)
A19: Нами, комиссией | C19: ='Провод СИП 3'!C19:G19 -> ООО "Энергосистемы" | H19: ='Данные объект'!B43 -> по приказу №05-ОТ/24 от 09 января 2023г. в составе:
C20: (организация, от которой сформирована комиссия)
A22: Председателя: . | C22: ='Данные объект'!C45 -> Главный энергетик ООО "Энергосистемы" Фечин А.А.
A23: (должность, организация, фамилия, имя, отчество)
A25: и членов комиссии:
C26: ='Данные объект'!C47 -> Прораб ООО "Энергосистемы" Волков М.Ю.
A27: (должность, организация, фамилия, имя, отчество)
C28: ='Данные объект'!C49 -> Инженер-электрик ООО "Энергосистемы" Высоцкий А.В.
A29: (должность, организация, фамилия, имя, отчество)
C30: ='Данные объект'!B32 -> Гл. специалист ССК УКС ПАО "Россети Московский регион" Алексанян Г.Р.
A31: (должность, организация, фамилия, имя, отчество)
A32: руководствуясь, | C32: ='Данные объект'!B51 -> методическими указаниями ПАО "Россети Московский регион" (утв. Приказом от 14.11.2024 г. № 1254)
A33: (документ, устанавливающий требевания по организации и проведению входного контроля продукции)
A34: составила настоящий акт о выполненном входном контроле продукции для строительства.
A36: 1. К входному контролю представлена следующая продукция:
A37: Ячейка КСО-298 MSI
A38: (наименование продукции)
A39: 1.1. Наименование, номер документа, удостоверяющего качество и НТД на продукцию: | K39: АО"ГК"Электрощит" - ТМ Самара"
K40: (изготовитель,
A41: Декларация о соответствии №РОСС RU Д-RU.РА01.В.23898/22 срок действия от 06.07.2022г по 05.07.2025г | H41: НТД | I41: ТУ 3414-121-70937441-2008
A42: № документа и дата, № партии, дата изготовления) (ГОСТ, ТУ, чертеж КМД)
A43: 1.2. Кол-во: | C43: 28 шт | E43: Кол-во партии: | G43: =C43 -> 28 шт
A44: (штуки, объем, вес в ед. изм.) (штуки, объем, вес в ед. изм.)
A45: 1.3. Поставщик: | C45: ООО "Электросистемс"" | F45: Договор | G45: №203502/21 от 22.01.2021г
A46: (наименование организации) (реквизиты договора на поставку)
A47: 2. Подготовка продукции к контролю по НТД: | F47: выполнена
A48: (выполнена/не выполнена)
A49: 3. При входном контроле проведены следующие контрольные мероприятия:
A51: Количество, масса, объем проверенной продукции (в ед. изм.) | E51: Вид контроля (НТД) и дата сдачи образцов (проб) на контроль | G51: Приборы контроля | I51: № прибора и дата поверки прибора | K51: № и дата протокола контроля | L51: Заключение по контролю (годен/не годен)
A53: Визуальным осмотром | C53: Инструментальными и приборными методами
A56: 1 | C56: 2 | E56: 3 | G56: 4 | I56: 5 | K56: 6 | L56: 7
A57: =C43 -> 28 шт | C57: - | E57: Визуальный | G57: - | I57: - | K57: - | L57: годен
A59: 4. В результате проведенного входного контроля представленной продукции установлено:
A60: а) Сопроводительные документы: | E60: соответствует
A61: (соответствуют/не соответствуют)
A62: б) Комплектность (в т.ч. ЗИП): | D62: соответствует
A63: (соответствует/не соответствует)
A64: в) Целостность и сохранность упаковки: | E64: соответствует
A65: (соответствует/не соответствует)
A66: г) Выполнение консервации: | D66: соответствует
A67: (соответствует/не соответствует)
A68: д) Наличие ЗАК/протокола КДО: | D68: ЗАК №IЗ-201/18 от 27.12.2018 г. до 27.12.2025 г.
A69: (номер ЗАК или протокола КДО и дата выдачм/отсутствует)
A70: Проверенная продукция для последующего применения признана: | H70: пригодной
A71: (пригодной/непригодной)
A72: и допущена к применению при строительно-монтажных работах на объекте____________________________________________________________
A73: (допущена/не допущена) (указать последующее действие с пригодной продукцией)
A75: Продукция признана непригодной по следующим причинам:
A76: ­
A77: (указать причины отбраковки, документальные результаты контроля, протоколы испытания и прочие документы)
A80: непригодная продукия подлежит: | D80: -
A81: (указать последующее действие с непригодной продукцией)
A82: Председатель:
A83: =C22 -> Главный энергетик ООО "Энергосистемы" Фечин А.А.
A84: (должность, организация, подпись, фамилия, имя, отчество)
A85: Члены комиссии:
A86: =C26 -> Прораб ООО "Энергосистемы" Волков М.Ю.
A87: (должность, организация, подпись, фамилия, имя, отчество)
A88: =C28 -> Инженер-электрик ООО "Энергосистемы" Высоцкий А.В.
A89: (должность, организация, подпись, фамилия, имя, отчество)
A90: Присутствующие:
A91: =C30 -> Гл. специалист ССК УКС ПАО "Россети Московский регион" Алексанян Г.Р.
A92: (должность, организация, фамилия, имя, отчество)
A93: Особые отметки:

Sheet ТОЛ
K1: Приложение 1
K3: Приложение 48 к приказу от 19.12.2019 № 1414
F5: ФОРМА
I6: ГОДЕН
I7: (результат контроля продукции)
A8: Объект строительства:
A9: ='Данные объект'!B3 -> Строительство ТП-10/0,4 кВ, ВЛЗ-10 кВ от ВЛЗ-10 кВ ф. «Кочугино» ПС №185 "Воробьево", ВЛИ-0,38 кВ, рлр, в т.ч. ПИР, МО, Солнечногорский р-н, г. Солнечногорск
A11: Заказчик строительства: Филиал ПАО «Россети Московский регион» - Северные электрические сети
A13: АКТ № 5/ | G13: ='Данные объект'!B2 -> SAP - 288007
A14: входного контроля
A16: ='Провод СИП 3'!A16 -> 141533,Российская Федерация, г.о.Солнечногорск | K16: ='Данные объект'!B6 -> 25.09.2024
A17: (место проведения) | K17: (дата)
A19: Нами, комиссией | C19: ='Провод СИП 3'!C19:G19 -> ООО "Энергосистемы" | H19: ='Данные объект'!B43 -> по приказу №05-ОТ/24 от 09 января 2023г. в составе:
C20: (организация, от которой сформирована комиссия)
A22: Председателя: . | C22: ='Данные объект'!C45 -> Главный энергетик ООО "Энергосистемы" Фечин А.А.
A23: (должность, организация, фамилия, имя, отчество)
A25: и членов комиссии:
C26: ='Данные объект'!C47 -> Прораб ООО "Энергосистемы" Волков М.Ю.
A27: (должность, организация, фамилия, имя, отчество)
C28: ='Данные объект'!C49 -> Инженер-электрик ООО "Энергосистемы" Высоцкий А.В.
A29: (должность, организация, фамилия, имя, отчество)
C30: ='Данные объект'!B32 -> Гл. специалист ССК УКС ПАО "Россети Московский регион" Алексанян Г.Р.
A31: (должность, организация, фамилия, имя, отчество)
A32: руководствуясь, | C32: ='Данные объект'!B51 -> методическими указаниями ПАО "Россети Московский регион" (утв. Приказом от 14.11.2024 г. № 1254)
A33: (документ, устанавливающий требевания по организации и проведению входного контроля продукции)
A34: составила настоящий акт о выполненном входном контроле продукции для строительства.
A36: 1. К входному контролю представлена следующая продукция:
A37: Трансформатор тока ТОЛ-10 300А.
A38: (наименование продукции)
A39: 1.1. Наименование, номер документа, удостоверяющего качество и НТД на продукцию: | K39: ООО "НТЗ"Волхов"
K40: (изготовитель,
A41: Декларация о соответствии №РОСС RU Д-RU.АБ69.В.03247/20 срок действия от 04.02.2020г до 03.2.2025г | H41: НТД | I41: ГОСТ 7746-2015
A42: № документа и дата, № партии, дата изготовления) (ГОСТ, ТУ, чертеж КМД)
A43: 1.2. Кол-во: | C43: 6шт | E43: Кол-во партии: | G43: =C43 -> 6шт
A44: (штуки, объем, вес в ед. изм.) (штуки, объем, вес в ед. изм.)
A45: 1.3. Поставщик: | C45: ООО "Главстрой энерго" | F45: Договор | G45: №НК-375 от 30.11.2023
A46: (наименование организации) (реквизиты договора на поставку)
A47: 2. Подготовка продукции к контролю по НТД: | F47: выполнена
A48: (выполнена/не выполнена)
A49: 3. При входном контроле проведены следующие контрольные мероприятия:
A51: Количество, масса, объем проверенной продукции (в ед. изм.) | E51: Вид контроля (НТД) и дата сдачи образцов (проб) на контроль | G51: Приборы контроля | I51: № прибора и дата поверки прибора | K51: № и дата протокола контроля | L51: Заключение по контролю (годен/не годен)
A53: Визуальным осмотром | C53: Инструментальными и приборными методами
A56: 1 | C56: 2 | E56: 3 | G56: 4 | I56: 5 | K56: 6 | L56: 7
A57: =C43 -> 6шт | C57: - | E57: Визуальный | G57: - | I57: - | K57: - | L57: годен
A59: 4. В результате проведенного входного контроля представленной продукции установлено:
A60: а) Сопроводительные документы: | E60: соответствует
A61: (соответствуют/не соответствуют)
A62: б) Комплектность (в т.ч. ЗИП): | D62: соответствует
A63: (соответствует/не соответствует)
A64: в) Целостность и сохранность упаковки: | E64: соответствует
A65: (соответствует/не соответствует)
A66: г) Выполнение консервации: | D66: соответствует
A67: (соответствует/не соответствует)
A68: д) Наличие ЗАК/протокола КДО: | D68: ЗАК №IЗ-66/21 от 20.05.2021 г. до 20.05.2026 г.
A69: (номер ЗАК или протокола КДО и дата выдачм/отсутствует)
A70: Проверенная продукция для последующего применения признана: | H70: пригодной
A71: (пригодной/непригодной)
A72: и допущена к применению при строительно-монтажных работах на объекте____________________________________________________________
A73: (допущена/не допущена) (указать последующее действие с пригодной продукцией)
A75: Продукция признана непригодной по следующим причинам:
A76: ­
A77: (указать причины отбраковки, документальные результаты контроля, протоколы испытания и прочие документы)
A80: непригодная продукия подлежит: | D80: -
A81: (указать последующее действие с непригодной продукцией)
A82: Председатель:
A83: =C22 -> Главный энергетик ООО "Энергосистемы" Фечин А.А.
A84: (должность, организация, подпись, фамилия, имя, отчество)
A85: Члены комиссии:
A86: =C26 -> Прораб ООО "Энергосистемы" Волков М.Ю.
A87: (должность, организация, подпись, фамилия, имя, отчество)
A88: =C28 -> Инженер-электрик ООО "Энергосистемы" Высоцкий А.В.
A89: (должность, организация, подпись, фамилия, имя, отчество)
A90: Присутствующие:
A91: =C30 -> Гл. специалист ССК УКС ПАО "Россети Московский регион" Алексанян Г.Р.
A92: (должность, организация, фамилия, имя, отчество)
A93: Особые отметки:

Sheet Провод СИП 3
K1: Приложение 1
K3: Приложение 48 к приказу от 19.12.2019 № 1414
F5: ФОРМА
I6: ГОДЕН
I7: (результат контроля продукции)
A8: Объект строительства:
A9: ='Данные объект'!B3 -> Строительство ТП-10/0,4 кВ, ВЛЗ-10 кВ от ВЛЗ-10 кВ ф. «Кочугино» ПС №185 "Воробьево", ВЛИ-0,38 кВ, рлр, в т.ч. ПИР, МО, Солнечногорский р-н, г. Солнечногорск
A11: Заказчик строительства: Филиал ПАО «Россети Московский регион» - Северные электрические сети
A13: АКТ №9/ | G13: ='Данные объект'!B2 -> SAP - 288007
A14: входного контроля
A16: ='Данные объект'!B5 -> 141533,Российская Федерация, г.о.Солнечногорск | K16: ='Данные объект'!B6 -> 25.09.2024
A17: (место проведения) | K17: (дата)
A19: Нами, комиссией | C19: ='Данные объект'!B11 -> ООО "Энергосистемы" | H19: ='Данные объект'!B43 -> по приказу №05-ОТ/24 от 09 января 2023г. в составе:
C20: (организация, от которой сформирована комиссия)
A22: Председателя: . | C22: ='Данные объект'!C45 -> Главный энергетик ООО "Энергосистемы" Фечин А.А.
A23: (должность, организация, фамилия, имя, отчество)
A25: и членов комиссии:
C26: ='Данные объект'!C47 -> Прораб ООО "Энергосистемы" Волков М.Ю.
A27: (должность, организация, фамилия, имя, отчество)
C28: ='Данные объект'!C49 -> Инженер-электрик ООО "Энергосистемы" Высоцкий А.В.
A29: (должность, организация, фамилия, имя, отчество)
C30: ='Данные объект'!B32 -> Гл. специалист ССК УКС ПАО "Россети Московский регион" Алексанян Г.Р.
A31: (должность, организация, фамилия, имя, отчество)
A32: руководствуясь, | C32: ='Данные объект'!B51 -> методическими указаниями ПАО "Россети Московский регион" (утв. Приказом от 14.11.2024 г. № 1254)
A33: (документ, устанавливающий требевания по организации и проведению входного контроля продукции)
A34: составила настоящий акт о выполненном входном контроле продукции для строительства.
A36: 1. К входному контролю представлена следующая продукция:
A37: Провод 3СИП3 1х70
A38: (наименование продукции)
A39: 1.1. Наименование, номер документа, удостоверяющего качество и НТД на продукцию: | K39: ООО «Цветлит»
K40: (изготовитель,
A41: Паспорт качества на барабан № 23Т1-8223 от 09.01.2023г. | H41: НТД | I41: ГОСТ 31946-2012
A42: № документа и дата, № партии, дата изготовления) (ГОСТ, ТУ, чертеж КМД)
A43: 1.2. Кол-во: | C43: 64 м | E43: Кол-во партии: | G43: 6031 м.
A44: (штуки, объем, вес в ед. изм.) (штуки, объем, вес в ед. изм.)
A45: 1.3. Поставщик: | C45: ООО ТК "Норма-кабель" | F45: Договор | G45: №НК-398 от 30.11.2023
A46: (наименование организации) (реквизиты договора на поставку)
A47: 2. Подготовка продукции к контролю по НТД: | F47: выполнена
A48: (выполнена/не выполнена)
A49: 3. При входном контроле проведены следующие контрольные мероприятия:
A51: Количество, масса, объем проверенной продукции (в ед. изм.) | E51: Вид контроля (НТД) и дата сдачи образцов (проб) на контроль | G51: Приборы контроля | I51: № прибора и дата поверки прибора | K51: № и дата протокола контроля | L51: Заключение по контролю (годен/не годен)
A53: Визуальным осмотром | C53: Инструментальными и приборными методами
A56: 1 | C56: 2 | E56: 3 | G56: 4 | I56: 5 | K56: 6 | L56: 7
A57: =C43 -> 64 м | C57: - | E57: Визуальный | G57: - | I57: - | K57: - | L57: годен
A61: 4. В результате проведенного входного контроля представленной продукции установлено:
A62: а) Сопроводительные документы: | E62: соответствует
A63: (соответствуют/не соответствуют)
A64: б) Комплектность (в т.ч. ЗИП): | D64: соответствует
A65: (соответствует/не соответствует)
A66: в) Целостность и сохранность упаковки: | E66: соответствует
A67: (соответствует/не соответствует)
A68: г) Выполнение консервации: | D68: соответствует
A69: (соответствует/не соответствует)
A70: д) Наличие ЗАК/протокола КДО: | D70: ЗАК №IЗ-207/20 от 30.10.2020 г. до 30.10.2025 г.
A71: (номер ЗАК или протокола КДО и дата выдачм/отсутствует)
A72: Проверенная продукция для последующего применения признана: | H72: пригодной
A73: (пригодной/непригодной)
A74: и допущена к применению при строительно-монтажных работах на объекте____________________________________________________________
A75: (допущена/не допущена) (указать последующее действие с пригодной продукцией)
A77: Продукция признана непригодной по следующим причинам:
A78: ­
A79: (указать причины отбраковки, документальные результаты контроля, протоколы испытания и прочие документы)
A82: непригодная продукия подлежит: | D82: -
A83: (указать последующее действие с непригодной продукцией)
A84: Председатель:
A85: =C22 -> Главный энергетик ООО "Энергосистемы" Фечин А.А.
A86: (должность, организация, подпись, фамилия, имя, отчество)
A87: Члены комиссии:
A88: =C26 -> Прораб ООО "Энергосистемы" Волков М.Ю.
A89: (должность, организация, подпись, фамилия, имя, отчество)
A90: =C28 -> Инженер-электрик ООО "Энергосистемы" Высоцкий А.В.
A91: (должность, организация, подпись, фамилия, имя, отчество)
A92: Присутствующие:
A93: =C30 -> Гл. специалист ССК УКС ПАО "Россети Московский регион" Алексанян Г.Р.
A94: (должность, организация, фамилия, имя, отчество)
A95: Особые отметки:

Sheet Провод СИП 2
K1: Приложение 1
K3: Приложение 48 к приказу от 19.12.2019 № 1414
F5: ФОРМА
I6: ГОДЕН
I7: (результат контроля продукции)
A8: Объект строительства:
A9: ='Данные объект'!B3 -> Строительство ТП-10/0,4 кВ, ВЛЗ-10 кВ от ВЛЗ-10 кВ ф. «Кочугино» ПС №185 "Воробьево", ВЛИ-0,38 кВ, рлр, в т.ч. ПИР, МО, Солнечногорский р-н, г. Солнечногорск
A11: Заказчик строительства: Филиал ПАО «Россети Московский регион» - Северные электрические сети
A13: АКТ №1/ | G13: ='Данные объект'!B2 -> SAP - 288007
A14: входного контроля
A16: ='Данные объект'!B5 -> 141533,Российская Федерация, г.о.Солнечногорск | K16: ='Данные объект'!B6 -> 25.09.2024
A17: (место проведения) | K17: (дата)
A19: Нами, комиссией | C19: ='Данные объект'!B11 -> ООО "Энергосистемы" | H19: ='Данные объект'!B43 -> по приказу №05-ОТ/24 от 09 января 2023г. в составе:
C20: (организация, от которой сформирована комиссия)
A22: Председателя: . | C22: ='Данные объект'!C45 -> Главный энергетик ООО "Энергосистемы" Фечин А.А.
A23: (должность, организация, фамилия, имя, отчество)
A25: и членов комиссии:
C26: ='Данные объект'!C47 -> Прораб ООО "Энергосистемы" Волков М.Ю.
A27: (должность, организация, фамилия, имя, отчество)
C28: ='Данные объект'!C49 -> Инженер-электрик ООО "Энергосистемы" Высоцкий А.В.
A29: (должность, организация, фамилия, имя, отчество)
C30: ='Данные объект'!B32 -> Гл. специалист ССК УКС ПАО "Россети Московский регион" Алексанян Г.Р.
A31: (должность, организация, фамилия, имя, отчество)
A33: (должность, организация, фамилия, имя, отчество)
A34: руководствуясь, | C34: ='Данные объект'!B51 -> методическими указаниями ПАО "Россети Московский регион" (утв. Приказом от 14.11.2024 г. № 1254)
A35: (документ, устанавливающий требевания по организации и проведению входного контроля продукции)
A36: составила настоящий акт о выполненном входном контроле продукции для строительства.
A38: 1. К входному контролю представлена следующая продукция:
A39: Провод СИП2 3х70+1х70
A40: (наименование продукции)
A41: 1.1. Наименование, номер документа, удостоверяющего качество и НТД на продукцию: | K41: АО «Кирскабель»
K42: (изготовитель,
A43: Паспорт качества на барабан № 22409668 | H43: НТД | I43: ГОСТ 31946-2012
A44: № документа и дата, № партии, дата изготовления) (ГОСТ, ТУ, чертеж КМД)
A45: 1.2. Кол-во: | C45: 135 м | E45: Кол-во партии: | G45: 5996 м.
A46: (штуки, объем, вес в ед. изм.) (штуки, объем, вес в ед. изм.)
A47: 1.3. Поставщик: | C47: ООО ТК "Норма-кабель" | F47: Договор | G47: №НК-398 от 30.11.2023
A48: (наименование организации) (реквизиты договора на поставку)
A49: 2. Подготовка продукции к контролю по НТД: | F49: выполнена
A50: (выполнена/не выполнена)
A51: 3. При входном контроле проведены следующие контрольные мероприятия:
A53: Количество, масса, объем проверенной продукции (в ед. изм.) | E53: Вид контроля (НТД) и дата сдачи образцов (проб) на контроль | G53: Приборы контроля | I53: № прибора и дата поверки прибора | K53: № и дата протокола контроля | L53: Заключение по контролю (годен/не годен)
A55: Визуальным осмотром | C55: Инструментальными и приборными методами
A58: 1 | C58: 2 | E58: 3 | G58: 4 | I58: 5 | K58: 6 | L58: 7
A59: =C45 -> 135 м | C59: - | E59: Визуальный | G59: - | I59: - | K59: - | L59: годен
A63: 4. В результате проведенного входного контроля представленной продукции установлено:
A64: а) Сопроводительные документы: | E64: соответствует
A65: (соответствуют/не соответствуют)
A66: б) Комплектность (в т.ч. ЗИП): | D66: соответствует
A67: (соответствует/не соответствует)
A68: в) Целостность и сохранность упаковки: | E68: соответствует
A69: (соответствует/не соответствует)
A70: г) Выполнение консервации: | D70: соответствует
A71: (соответствует/не соответствует)
A72: д) Наличие ЗАК/протокола КДО: | D72: ЗАК №IПД-75/24 от 30.05.2024 г. до 30.05.2029 г.
A73: (номер ЗАК или протокола КДО и дата выдачм/отсутствует)
A74: Проверенная продукция для последующего применения признана: | H74: пригодной
A75: (пригодной/непригодной)
A76: и допущена к применению при строительно-монтажных работах на объекте____________________________________________________________
A77: (допущена/не допущена) (указать последующее действие с пригодной продукцией)
A79: Продукция признана непригодной по следующим причинам:
A80: ­
A81: (указать причины отбраковки, документальные результаты контроля, протоколы испытания и прочие документы)
A84: непригодная продукия подлежит: | D84: -
A85: (указать последующее действие с непригодной продукцией)
A86: Председатель:
A87: =C22 -> Главный энергетик ООО "Энергосистемы" Фечин А.А.
A88: (должность, организация, подпись, фамилия, имя, отчество)
A89: Члены комиссии:
A90: =C26 -> Прораб ООО "Энергосистемы" Волков М.Ю.
A91: (должность, организация, подпись, фамилия, имя, отчество)
A92: =C28 -> Инженер-электрик ООО "Энергосистемы" Высоцкий А.В.
A93: (должность, организация, подпись, фамилия, имя, отчество)
A94: Присутствующие:
A95: =C30 -> Гл. специалист ССК УКС ПАО "Россети Московский регион" Алексанян Г.Р.
A96: (должность, организация, фамилия, имя, отчество)
A97: Особые отметки:

Sheet провод Пувг
K1: Приложение 1
K3: Приложение 48 к приказу от 19.12.2019 № 1414
F5: ФОРМА
I6: ГОДЕН
I7: (результат контроля продукции)
A8: Объект строительства:
A9: ='Данные объект'!B3 -> Строительство ТП-10/0,4 кВ, ВЛЗ-10 кВ от ВЛЗ-10 кВ ф. «Кочугино» ПС №185 "Воробьево", ВЛИ-0,38 кВ, рлр, в т.ч. ПИР, МО, Солнечногорский р-н, г. Солнечногорск
A11: Заказчик строительства: Филиал ПАО «Россети Московский регион» - Северные электрические сети
A13: АКТ № 6/ | G13: ='Провод СИП 3'!G13 -> SAP - 288007
A14: входного контроля
A16: ='Провод СИП 3'!A16 -> 141533,Российская Федерация, г.о.Солнечногорск | K16: ='Провод СИП 3'!K16:L16 -> 25.09.2024
A17: (место проведения) | K17: (дата)
A19: Нами, комиссией | C19: ='Провод СИП 3'!C19:G19 -> ООО "Энергосистемы" | H19: ='Данные объект'!B43 -> по приказу №05-ОТ/24 от 09 января 2023г. в составе:
C20: (организация, от которой сформирована комиссия)
A22: Председателя: . | C22: ='Данные объект'!C45 -> Главный энергетик ООО "Энергосистемы" Фечин А.А.
A23: (должность, организация, фамилия, имя, отчество)
A25: и членов комиссии:
C26: ='Данные объект'!C47 -> Прораб ООО "Энергосистемы" Волков М.Ю.
A27: (должность, организация, фамилия, имя, отчество)
C28: ='Данные объект'!C49 -> Инженер-электрик ООО "Энергосистемы" Высоцкий А.В.
A29: (должность, организация, фамилия, имя, отчество)
C30: ='Данные объект'!B32 -> Гл. специалист ССК УКС ПАО "Россети Московский регион" Алексанян Г.Р.
A31: (должность, организация, фамилия, имя, отчество)
A32: руководствуясь, | C32: ='Данные объект'!B51 -> методическими указаниями ПАО "Россети Московский регион" (утв. Приказом от 14.11.2024 г. № 1254)
A33: (документ, устанавливающий требевания по организации и проведению входного контроля продукции)
A34: составила настоящий акт о выполненном входном контроле продукции для строительства.
A36: 1. К входному контролю представлена следующая продукция:
A37: Провод установочный с медной жилой на напряжение 380 В гибкий сечением 10 мм² ПуГВ 1х10
A38: (наименование продукции)
A39: 1.1. Наименование, номер документа, удостоверяющего качество и НТД на продукцию: | K39: ООО "Рыбинскэлектрокабель"
K40: (изготовитель,
A41: Сертификат соответствия № ЕАЭС RU C-RU.МЕ77.В.01309/24 срок действия от 13.05.2024г до 12.05.2029г | H41: НТД | I41: ГОСТ 31947-2012
A42: № документа и дата, № партии, дата изготовления) (ГОСТ, ТУ, чертеж КМД)
A43: 1.2. Кол-во: | C43: 3 м | E43: Кол-во партии: | G43: =C43 -> 3 м
A44: (штуки, объем, вес в ед. изм.) (штуки, объем, вес в ед. изм.)
A45: 1.3. Поставщик: | C45: ООО "Главстрой энерго" | F45: Договор | G45: №НК-398 от 30.11.2023
A46: (наименование организации) (реквизиты договора на поставку)
A47: 2. Подготовка продукции к контролю по НТД: | F47: выполнена
A48: (выполнена/не выполнена)
A49: 3. При входном контроле проведены следующие контрольные мероприятия:
A51: Количество, масса, объем проверенной продукции (в ед. изм.) | E51: Вид контроля (НТД) и дата сдачи образцов (проб) на контроль | G51: Приборы контроля | I51: № прибора и дата поверки прибора | K51: № и дата протокола контроля | L51: Заключение по контролю (годен/не годен)
A53: Визуальным осмотром | C53: Инструментальными и приборными методами
A56: 1 | C56: 2 | E56: 3 | G56: 4 | I56: 5 | K56: 6 | L56: 7
A57: =C43 -> 3 м | C57: - | E57: Визуальный | G57: - | I57: - | K57: - | L57: годен
A59: 4. В результате проведенного входного контроля представленной продукции установлено:
A60: а) Сопроводительные документы: | E60: соответствует
A61: (соответствуют/не соответствуют)
A62: б) Комплектность (в т.ч. ЗИП): | D62: соответствует
A63: (соответствует/не соответствует)
A64: в) Целостность и сохранность упаковки: | E64: соответствует
A65: (соответствует/не соответствует)
A66: г) Выполнение консервации: | D66: соответствует
A67: (соответствует/не соответствует)
A68: д) Наличие ЗАК/протокола КДО: | D68: -
A69: (номер ЗАК или протокола КДО и дата выдачм/отсутствует)
A70: Проверенная продукция для последующего применения признана: | H70: пригодной
A71: (пригодной/непригодной)
A72: и допущена к применению при строительно-монтажных работах на объекте____________________________________________________________
A73: (допущена/не допущена) (указать последующее действие с пригодной продукцией)
A75: Продукция признана непригодной по следующим причинам:
A76: ­
A77: (указать причины отбраковки, документальные результаты контроля, протоколы испытания и прочие документы)
A80: непригодная продукия подлежит: | D80: -
A81: (указать последующее действие с непригодной продукцией)
A82: Председатель:
A83: =C22 -> Главный энергетик ООО "Энергосистемы" Фечин А.А.
A84: (должность, организация, подпись, фамилия, имя, отчество)
A85: Члены комиссии:
A86: =C26 -> Прораб ООО "Энергосистемы" Волков М.Ю.
A87: (должность, организация, подпись, фамилия, имя, отчество)
A88: =C28 -> Инженер-электрик ООО "Энергосистемы" Высоцкий А.В.
A89: (должность, организация, подпись, фамилия, имя, отчество)
A90: Присутствующие:
A91: =C30 -> Гл. специалист ССК УКС ПАО "Россети Московский регион" Алексанян Г.Р.
A92: (должность, организация, фамилия, имя, отчество)
A93: Особые отметки:

Sheet провод ПВС
K1: Приложение 1
K3: Приложение 48 к приказу от 19.12.2019 № 1414
F5: ФОРМА
I6: ГОДЕН
I7: (результат контроля продукции)
A8: Объект строительства:
A9: ='Провод СИП 3'!A9:L9 -> Строительство ТП-10/0,4 кВ, ВЛЗ-10 кВ от ВЛЗ-10 кВ ф. «Кочугино» ПС №185 "Воробьево", ВЛИ-0,38 кВ, рлр, в т.ч. ПИР, МО, Солнечногорский р-н, г. Солнечногорск
A11: Заказчик строительства: Филиал ПАО «Россети Московский регион» - Северные электрические сети
A13: АКТ № 0/ | G13: ='Провод СИП 3'!G13 -> SAP - 288007
A14: входного контроля
A16: ='Данные объект'!B5 -> 141533,Российская Федерация, г.о.Солнечногорск | K16: ='Провод СИП 3'!K16:L16 -> 25.09.2024
A17: (место проведения) | K17: (дата)
A19: Нами, комиссией | C19: ='Провод СИП 3'!C19:G19 -> ООО "Энергосистемы" | H19: ='Данные объект'!B43 -> по приказу №05-ОТ/24 от 09 января 2023г. в составе:
C20: (организация, от которой сформирована комиссия)
A22: Председателя: . | C22: ='Данные объект'!C45 -> Главный энергетик ООО "Энергосистемы" Фечин А.А.
A23: (должность, организация, фамилия, имя, отчество)
A25: и членов комиссии:
C26: ='Данные объект'!C47 -> Прораб ООО "Энергосистемы" Волков М.Ю.
A27: (должность, организация, фамилия, имя, отчество)
C28: ='Данные объект'!C49 -> Инженер-электрик ООО "Энергосистемы" Высоцкий А.В.
A29: (должность, организация, фамилия, имя, отчество)
C30: ='Данные объект'!B32 -> Гл. специалист ССК УКС ПАО "Россети Московский регион" Алексанян Г.Р.
A31: (должность, организация, фамилия, имя, отчество)
A32: руководствуясь, | C32: ='Данные объект'!B51 -> методическими указаниями ПАО "Россети Московский регион" (утв. Приказом от 14.11.2024 г. № 1254)
A33: (документ, устанавливающий требевания по организации и проведению входного контроля продукции)
A34: составила настоящий акт о выполненном входном контроле продукции для строительства.
A36: 1. К входному контролю представлена следующая продукция:
A37: Провод с резиновой изоляцией ПВС 2х2,5
A38: (наименование продукции)
A39: 1.1. Наименование, номер документа, удостоверяющего качество и НТД на продукцию: | K39: ООО "Электрокабель НН"
K40: (изготовитель,
A41: Декларация о соответствии №ЕАЭС № RU Д-RU.НВ11.В.07850/20 от 10.03.2020 | H41: НТД | I41: ГОСТ 7399-97
A42: № документа и дата, № партии, дата изготовления) (ГОСТ, ТУ, чертеж КМД)
A43: 1.2. Кол-во: | C43: 81 м | E43: Кол-во партии: | G43: =C43 -> 81 м
A44: (штуки, объем, вес в ед. изм.) (штуки, объем, вес в ед. изм.)
A45: 1.3. Поставщик: | C45: ООО "Главстрой энерго" | F45: Договор | G45: №НК-398 от 30.11.2023
A46: (наименование организации) (реквизиты договора на поставку)
A47: 2. Подготовка продукции к контролю по НТД: | F47: выполнена
A48: (выполнена/не выполнена)
A49: 3. При входном контроле проведены следующие контрольные мероприятия:
A51: Количество, масса, объем проверенной продукции (в ед. изм.) | E51: Вид контроля (НТД) и дата сдачи образцов (проб) на контроль | G51: Приборы контроля | I51: № прибора и дата поверки прибора | K51: № и дата протокола контроля | L51: Заключение по контролю (годен/не годен)
A53: Визуальным осмотром | C53: Инструментальными и приборными методами
A56: 1 | C56: 2 | E56: 3 | G56: 4 | I56: 5 | K56: 6 | L56: 7
A57: =C43 -> 81 м | C57: - | E57: Визуальный | G57: - | I57: - | K57: - | L57: годен
A59: 4. В результате проведенного входного контроля представленной продукции установлено:
A60: а) Сопроводительные документы: | E60: соответствует
A61: (соответствуют/не соответствуют)
A62: б) Комплектность (в т.ч. ЗИП): | D62: соответствует
A63: (соответствует/не соответствует)
A64: в) Целостность и сохранность упаковки: | E64: соответствует
A65: (соответствует/не соответствует)
A66: г) Выполнение консервации: | D66: соответствует
A67: (соответствует/не соответствует)
A68: д) Наличие ЗАК/протокола КДО: | D68: -
A69: (номер ЗАК или протокола КДО и дата выдачм/отсутствует)
A70: Проверенная продукция для последующего применения признана: | H70: пригодной
A71: (пригодной/непригодной)
A72: и допущена к применению при строительно-монтажных работах на объекте____________________________________________________________
A73: (допущена/не допущена) (указать последующее действие с пригодной продукцией)
A75: Продукция признана непригодной по следующим причинам:
A76: ­
A77: (указать причины отбраковки, документальные результаты контроля, протоколы испытания и прочие документы)
A80: непригодная продукия подлежит: | D80: -
A81: (указать последующее действие с непригодной продукцией)
A82: Председатель:
A83: =C22 -> Главный энергетик ООО "Энергосистемы" Фечин А.А.
A84: (должность, организация, подпись, фамилия, имя, отчество)
A85: Члены комиссии:
A86: =C26 -> Прораб ООО "Энергосистемы" Волков М.Ю.
A87: (должность, организация, подпись, фамилия, имя, отчество)
A88: =C28 -> Инженер-электрик ООО "Энергосистемы" Высоцкий А.В.
A89: (должность, организация, подпись, фамилия, имя, отчество)
A90: Присутствующие:
A91: =C30 -> Гл. специалист ССК УКС ПАО "Россети Московский регион" Алексанян Г.Р.
A92: (должность, организация, фамилия, имя, отчество)
A93: Особые отметки:

Sheet каб.АСБ
K1: Приложение 1
K3: Приложение 48 к приказу от 19.12.2019 № 1414
F5: ФОРМА
I6: ГОДЕН
I7: (результат контроля продукции)
A8: Объект строительства:
A9: ='Провод СИП 3'!A9:L9 -> Строительство ТП-10/0,4 кВ, ВЛЗ-10 кВ от ВЛЗ-10 кВ ф. «Кочугино» ПС №185 "Воробьево", ВЛИ-0,38 кВ, рлр, в т.ч. ПИР, МО, Солнечногорский р-н, г. Солнечногорск
A11: Заказчик строительства: Филиал ПАО «Россети Московский регион» - Северные электрические сети
A13: АКТ № 10/ | G13: ='Провод СИП 3'!G13 -> SAP - 288007
A14: входного контроля
A16: ='Провод СИП 3'!A16 -> 141533,Российская Федерация, г.о.Солнечногорск | K16: ='Провод СИП 3'!K16:L16 -> 25.09.2024
A17: (место проведения) | K17: (дата)
A19: Нами, комиссией | C19: ='Провод СИП 3'!C19:G19 -> ООО "Энергосистемы" | H19: ='Данные объект'!B43 -> по приказу №05-ОТ/24 от 09 января 2023г. в составе:
C20: (организация, от которой сформирована комиссия)
A22: Председателя: . | C22: ='Данные объект'!C45 -> Главный энергетик ООО "Энергосистемы" Фечин А.А.
A23: (должность, организация, фамилия, имя, отчество)
A25: и членов комиссии:
C26: ='Данные объект'!C47 -> Прораб ООО "Энергосистемы" Волков М.Ю.
A27: (должность, организация, фамилия, имя, отчество)
C28: ='Данные объект'!C49 -> Инженер-электрик ООО "Энергосистемы" Высоцкий А.В.
A29: (должность, организация, фамилия, имя, отчество)
C30: ='Данные объект'!B32 -> Гл. специалист ССК УКС ПАО "Россети Московский регион" Алексанян Г.Р.
A31: (должность, организация, фамилия, имя, отчество)
A32: руководствуясь, | C32: ='Данные объект'!B51 -> методическими указаниями ПАО "Россети Московский регион" (утв. Приказом от 14.11.2024 г. № 1254)
A33: (документ, устанавливающий требевания по организации и проведению входного контроля продукции)
A34: составила настоящий акт о выполненном входном контроле продукции для строительства.
A36: 1. К входному контролю представлена следующая продукция:
A37: Кабель АСБл-10 3х120
A38: (наименование продукции)
A39: 1.1. Наименование, номер документа, удостоверяющего качество и НТД на продукцию: | K39: ООО "Камский кабель"
K40: (изготовитель,
A41: Паспорт качества №10793/23 | H41: НТД | I41: ГОСТ 18410-73
A42: № документа и дата, № партии, дата изготовления) (ГОСТ, ТУ, чертеж КМД)
A43: 1.2. Кол-во: | C43: 136 м | E43: Кол-во партии: | G43: 1030 м
A44: (штуки, объем, вес в ед. изм.) (штуки, объем, вес в ед. изм.)
A45: 1.3. Поставщик: | C45: ООО "Главстрой энерго" | F45: Договор | G45: №НК-398 от 30.11.2023
A46: (наименование организации) (реквизиты договора на поставку)
A47: 2. Подготовка продукции к контролю по НТД: | F47: выполнена
A48: (выполнена/не выполнена)
A49: 3. При входном контроле проведены следующие контрольные мероприятия:
A51: Количество, масса, объем проверенной продукции (в ед. изм.) | E51: Вид контроля (НТД) и дата сдачи образцов (проб) на контроль | G51: Приборы контроля | I51: № прибора и дата поверки прибора | K51: № и дата протокола контроля | L51: Заключение по контролю (годен/не годен)
A53: Визуальным осмотром | C53: Инструментальными и приборными методами
A56: 1 | C56: 2 | E56: 3 | G56: 4 | I56: 5 | K56: 6 | L56: 7
A57: =C43 -> 136 м | C57: - | E57: Визуальный | G57: - | I57: - | K57: - | L57: годен
A59: 4. В результате проведенного входного контроля представленной продукции установлено:
A60: а) Сопроводительные документы: | E60: соответствует
A61: (соответствуют/не соответствуют)
A62: б) Комплектность (в т.ч. ЗИП): | D62: соответствует
A63: (соответствует/не соответствует)
A64: в) Целостность и сохранность упаковки: | E64: соответствует
A65: (соответствует/не соответствует)
A66: г) Выполнение консервации: | D66: соответствует
A67: (соответствует/не соответствует)
A68: д) Наличие ЗАК/протокола КДО: | D68: -
A69: (номер ЗАК или протокола КДО и дата выдачм/отсутствует)
A70: Проверенная продукция для последующего применения признана: | H70: пригодной
A71: (пригодной/непригодной)
A72: и допущена к применению при строительно-монтажных работах на объекте____________________________________________________________
A73: (допущена/не допущена) (указать последующее действие с пригодной продукцией)
A75: Продукция признана непригодной по следующим причинам:
A76: ­
A77: (указать причины отбраковки, документальные результаты контроля, протоколы испытания и прочие документы)
A80: непригодная продукия подлежит: | D80: -
A81: (указать последующее действие с непригодной продукцией)
A82: Председатель:
A83: =C22 -> Главный энергетик ООО "Энергосистемы" Фечин А.А.
A84: (должность, организация, подпись, фамилия, имя, отчество)
A85: Члены комиссии:
A86: =C26 -> Прораб ООО "Энергосистемы" Волков М.Ю.
A87: (должность, организация, подпись, фамилия, имя, отчество)
A88: =C28 -> Инженер-электрик ООО "Энергосистемы" Высоцкий А.В.
A89: (должность, организация, подпись, фамилия, имя, отчество)
A90: Присутствующие:
A91: =C30 -> Гл. специалист ССК УКС ПАО "Россети Московский регион" Алексанян Г.Р.
A92: (должность, организация, фамилия, имя, отчество)
A93: Особые отметки:

Sheet АВБшв
K1: Приложение 1
K3: Приложение 48 к приказу от 19.12.2019 № 1414
F5: ФОРМА
I6: ГОДЕН
I7: (результат контроля продукции)
A8: Объект строительства:
A9: ='Провод СИП 3'!A9:L9 -> Строительство ТП-10/0,4 кВ, ВЛЗ-10 кВ от ВЛЗ-10 кВ ф. «Кочугино» ПС №185 "Воробьево", ВЛИ-0,38 кВ, рлр, в т.ч. ПИР, МО, Солнечногорский р-н, г. Солнечногорск
A11: Заказчик строительства: Филиал ПАО «Россети Московский регион» - Северные электрические сети
A13: АКТ № 7/ | G13: ='Провод СИП 3'!G13 -> SAP - 288007
A14: входного контроля
A16: ='Данные объект'!B5 -> 141533,Российская Федерация, г.о.Солнечногорск | K16: ='Провод СИП 3'!K16:L16 -> 25.09.2024
A17: (место проведения) | K17: (дата)
A19: Нами, комиссией | C19: ='Провод СИП 3'!C19:G19 -> ООО "Энергосистемы" | H19: ='Данные объект'!B43 -> по приказу №05-ОТ/24 от 09 января 2023г. в составе:
C20: (организация, от которой сформирована комиссия)
A22: Председателя: . | C22: ='Данные объект'!C45 -> Главный энергетик ООО "Энергосистемы" Фечин А.А.
A23: (должность, организация, фамилия, имя, отчество)
A25: и членов комиссии:
C26: ='Данные объект'!C47 -> Прораб ООО "Энергосистемы" Волков М.Ю.
A27: (должность, организация, фамилия, имя, отчество)
C28: ='Данные объект'!C49 -> Инженер-электрик ООО "Энергосистемы" Высоцкий А.В.
A29: (должность, организация, фамилия, имя, отчество)
C30: ='Данные объект'!B32 -> Гл. специалист ССК УКС ПАО "Россети Московский регион" Алексанян Г.Р.
A31: (должность, организация, фамилия, имя, отчество)
A32: руководствуясь, | C32: ='Данные объект'!B51 -> методическими указаниями ПАО "Россети Московский регион" (утв. Приказом от 14.11.2024 г. № 1254)
A33: (документ, устанавливающий требевания по организации и проведению входного контроля продукции)
A34: составила настоящий акт о выполненном входном контроле продукции для строительства.
A36: 1. К входному контролю представлена следующая продукция:
A37: Кабель алюминиевый АВБбШв- 4х150 мм2
A38: (наименование продукции)
A39: 1.1. Наименование, номер документа, удостоверяющего качество и НТД на продукцию: | K39: ООО "Главстройэнерго"
K40: (изготовитель,
A41: Паспорт качества №2349/24С от 00.05.2024г. | H41: НТД | I41: ГОСТ 31996-2012
A42: № документа и дата, № партии, дата изготовления) (ГОСТ, ТУ, чертеж КМД)
A43: 1.2. Кол-во: | C43: 129 м | E43: Кол-во партии: | G43: 2450 м
A44: (штуки, объем, вес в ед. изм.) (штуки, объем, вес в ед. изм.)
A45: 1.3. Поставщик: | C45: ООО "Главстрой энерго" | F45: Договор | G45: №НК-398 от 30.11.2023
A46: (наименование организации) (реквизиты договора на поставку)
A47: 2. Подготовка продукции к контролю по НТД: | F47: выполнена
A48: (выполнена/не выполнена)
A49: 3. При входном контроле проведены следующие контрольные мероприятия:
A51: Количество, масса, объем проверенной продукции (в ед. изм.) | E51: Вид контроля (НТД) и дата сдачи образцов (проб) на контроль | G51: Приборы контроля | I51: № прибора и дата поверки прибора | K51: № и дата протокола контроля | L51: Заключение по контролю (годен/не годен)
A53: Визуальным осмотром | C53: Инструментальными и приборными методами
A56: 1 | C56: 2 | E56: 3 | G56: 4 | I56: 5 | K56: 6 | L56: 7
A57: 4х150 - 129м | C57: - | E57: Визуальный | G57: - | I57: - | K57: - | L57: годен
A59: 4. В результате проведенного входного контроля представленной продукции установлено:
A60: а) Сопроводительные документы: | E60: соответствует
A61: (соответствуют/не соответствуют)
A62: б) Комплектность (в т.ч. ЗИП): | D62: соответствует
A63: (соответствует/не соответствует)
A64: в) Целостность и сохранность упаковки: | E64: соответствует
A65: (соответствует/не соответствует)
A66: г) Выполнение консервации: | D66: соответствует
A67: (соответствует/не соответствует)
A68: д) Наличие ЗАК/протокола КДО: | D68: ЗАК №IЗ-98/20 до 25.05.2025 г.
A69: (номер ЗАК или протокола КДО и дата выдачм/отсутствует)
A70: Проверенная продукция для последующего применения признана: | H70: пригодной
A71: (пригодной/непригодной)
A72: и допущена к применению при строительно-монтажных работах на объекте____________________________________________________________
A73: (допущена/не допущена) (указать последующее действие с пригодной продукцией)
A75: Продукция признана непригодной по следующим причинам:
A76: ­
A77: (указать причины отбраковки, документальные результаты контроля, протоколы испытания и прочие документы)
A80: непригодная продукия подлежит: | D80: -
A81: (указать последующее действие с непригодной продукцией)
A82: Председатель:
A83: =C22 -> Главный энергетик ООО "Энергосистемы" Фечин А.А.
A84: (должность, организация, подпись, фамилия, имя, отчество)
A85: Члены комиссии:
A86: =C26 -> Прораб ООО "Энергосистемы" Волков М.Ю.
A87: (должность, организация, подпись, фамилия, имя, отчество)
A88: =C28 -> Инженер-электрик ООО "Энергосистемы" Высоцкий А.В.
A89: (должность, организация, подпись, фамилия, имя, отчество)
A90: Присутствующие:
A91: =C30 -> Гл. специалист ССК УКС ПАО "Россети Московский регион" Алексанян Г.Р.
A92: (должность, организация, фамилия, имя, отчество)
A93: Особые отметки:

Sheet КВВГ
K1: Приложение 1
K3: Приложение 48 к приказу от 19.12.2019 № 1414
F5: ФОРМА
I6: ГОДЕН
I7: (результат контроля продукции)
A8: Объект строительства:
A9: ='Провод СИП 3'!A9:L9 -> Строительство ТП-10/0,4 кВ, ВЛЗ-10 кВ от ВЛЗ-10 кВ ф. «Кочугино» ПС №185 "Воробьево", ВЛИ-0,38 кВ, рлр, в т.ч. ПИР, МО, Солнечногорский р-н, г. Солнечногорск
A11: Заказчик строительства: Филиал ПАО «Россети Московский регион» - Северные электрические сети
A13: АКТ № 0/ | G13: ='Провод СИП 3'!G13 -> SAP - 288007
A14: входного контроля
A16: ='Данные объект'!B5 -> 141533,Российская Федерация, г.о.Солнечногорск | K16: ='Провод СИП 3'!K16:L16 -> 25.09.2024
A17: (место проведения) | K17: (дата)
A19: Нами, комиссией | C19: ='Провод СИП 3'!C19:G19 -> ООО "Энергосистемы" | H19: ='Данные объект'!B43 -> по приказу №05-ОТ/24 от 09 января 2023г. в составе:
C20: (организация, от которой сформирована комиссия)
A22: Председателя: . | C22: ='Данные объект'!C45 -> Главный энергетик ООО "Энергосистемы" Фечин А.А.
A23: (должность, организация, фамилия, имя, отчество)
A25: и членов комиссии:
C26: ='Данные объект'!C47 -> Прораб ООО "Энергосистемы" Волков М.Ю.
A27: (должность, организация, фамилия, имя, отчество)
C28: ='Данные объект'!C49 -> Инженер-электрик ООО "Энергосистемы" Высоцкий А.В.
A29: (должность, организация, фамилия, имя, отчество)
C30: ='Данные объект'!B32 -> Гл. специалист ССК УКС ПАО "Россети Московский регион" Алексанян Г.Р.
A31: (должность, организация, фамилия, имя, отчество)
A32: руководствуясь, | C32: ='Данные объект'!B51 -> методическими указаниями ПАО "Россети Московский регион" (утв. Приказом от 14.11.2024 г. № 1254)
A33: (документ, устанавливающий требевания по организации и проведению входного контроля продукции)
A34: составила настоящий акт о выполненном входном контроле продукции для строительства.
A36: 1. К входному контролю представлена следующая продукция:
A37: Кабель контрольный КВВГнг 10х2,5
A38: (наименование продукции)
A39: 1.1. Наименование, номер документа, удостоверяющего качество и НТД на продукцию: | K39: АО "Людиновокабель"
K40: (изготовитель,
A41: Сертификат соответствия № ЕАЭС RU C-RU.МЕ80.В.00003/19 от 27.03.2019г до 26.03.2024г | H41: НТД | I41: ТУ 16.К71-310-2001
A42: № документа и дата, № партии, дата изготовления) (ГОСТ, ТУ, чертеж КМД)
A43: 1.2. Кол-во: | C43: 2,6 м | E43: Кол-во партии: | G43: =C43 -> 2,6 м
A44: (штуки, объем, вес в ед. изм.) (штуки, объем, вес в ед. изм.)
A45: 1.3. Поставщик: | C45: ООО "Главстрой энерго" | F45: Договор | G45: №НК-398 от 30.11.2023
A46: (наименование организации) (реквизиты договора на поставку)
A47: 2. Подготовка продукции к контролю по НТД: | F47: выполнена
A48: (выполнена/не выполнена)
A49: 3. При входном контроле проведены следующие контрольные мероприятия:
A51: Количество, масса, объем проверенной продукции (в ед. изм.) | E51: Вид контроля (НТД) и дата сдачи образцов (проб) на контроль | G51: Приборы контроля | I51: № прибора и дата поверки прибора | K51: № и дата протокола контроля | L51: Заключение по контролю (годен/не годен)
A53: Визуальным осмотром | C53: Инструментальными и приборными методами
A56: 1 | C56: 2 | E56: 3 | G56: 4 | I56: 5 | K56: 6 | L56: 7
A57: =C43 -> 2,6 м | C57: - | E57: Визуальный | G57: - | I57: - | K57: - | L57: годен
A59: 4. В результате проведенного входного контроля представленной продукции установлено:
A60: а) Сопроводительные документы: | E60: соответствует
A61: (соответствуют/не соответствуют)
A62: б) Комплектность (в т.ч. ЗИП): | D62: соответствует
A63: (соответствует/не соответствует)
A64: в) Целостность и сохранность упаковки: | E64: соответствует
A65: (соответствует/не соответствует)
A66: г) Выполнение консервации: | D66: соответствует
A67: (соответствует/не соответствует)
A68: д) Наличие ЗАК/протокола КДО: | D68: ЗАК №IЗ-178/15 от 28.05.2021 г. до 28.05.2026 г.
A69: (номер ЗАК или протокола КДО и дата выдачм/отсутствует)
A70: Проверенная продукция для последующего применения признана: | H70: пригодной
A71: (пригодной/непригодной)
A72: и допущена к применению при строительно-монтажных работах на объекте____________________________________________________________
A73: (допущена/не допущена) (указать последующее действие с пригодной продукцией)
A75: Продукция признана непригодной по следующим причинам:
A76: ­
A77: (указать причины отбраковки, документальные результаты контроля, протоколы испытания и прочие документы)
A80: непригодная продукия подлежит: | D80: -
A81: (указать последующее действие с непригодной продукцией)
A82: Председатель:
A83: =C22 -> Главный энергетик ООО "Энергосистемы" Фечин А.А.
A84: (должность, организация, подпись, фамилия, имя, отчество)
A85: Члены комиссии:
A86: =C26 -> Прораб ООО "Энергосистемы" Волков М.Ю.
A87: (должность, организация, подпись, фамилия, имя, отчество)
A88: =C28 -> Инженер-электрик ООО "Энергосистемы" Высоцкий А.В.
A89: (должность, организация, подпись, фамилия, имя, отчество)
A90: Присутствующие:
A91: =C30 -> Гл. специалист ССК УКС ПАО "Россети Московский регион" Алексанян Г.Р.
A92: (должность, организация, фамилия, имя, отчество)
A93: Особые отметки:

Sheet  фунд.КТП
K1: Приложение 1
K3: Приложение 48 к приказу от 19.12.2019 № 1414
F5: ФОРМА
I6: ГОДЕН
I7: (результат контроля продукции)
A8: Объект строительства:
A9: ='Провод СИП 3'!A9:L9 -> Строительство ТП-10/0,4 кВ, ВЛЗ-10 кВ от ВЛЗ-10 кВ ф. «Кочугино» ПС №185 "Воробьево", ВЛИ-0,38 кВ, рлр, в т.ч. ПИР, МО, Солнечногорский р-н, г. Солнечногорск
A11: Заказчик строительства: Филиал ПАО «Россети Московский регион» - Северные электрические сети
A13: АКТ № 11/ | G13: ='Провод СИП 3'!G13 -> SAP - 288007
A14: входного контроля
A16: ='Данные объект'!B5 -> 141533,Российская Федерация, г.о.Солнечногорск | K16: ='Провод СИП 3'!K16:L16 -> 25.09.2024
A17: (место проведения) | K17: (дата)
A19: Нами, комиссией | C19: ='Данные объект'!B11 -> ООО "Энергосистемы" | H19: ='Данные объект'!B43 -> по приказу №05-ОТ/24 от 09 января 2023г. в составе:
C20: (организация, от которой сформирована комиссия)
A22: Председателя: . | C22: ='Данные объект'!C45 -> Главный энергетик ООО "Энергосистемы" Фечин А.А.
A23: (должность, организация, фамилия, имя, отчество)
A25: и членов комиссии:
C26: ='Данные объект'!C47 -> Прораб ООО "Энергосистемы" Волков М.Ю.
A27: (должность, организация, фамилия, имя, отчество)
C28: ='Данные объект'!C49 -> Инженер-электрик ООО "Энергосистемы" Высоцкий А.В.
A29: (должность, организация, фамилия, имя, отчество)
C30: ='Данные объект'!B32 -> Гл. специалист ССК УКС ПАО "Россети Московский регион" Алексанян Г.Р.
A31: (должность, организация, фамилия, имя, отчество)
A32: руководствуясь, | C32: ='Данные объект'!B51 -> методическими указаниями ПАО "Россети Московский регион" (утв. Приказом от 14.11.2024 г. № 1254)
A33: (документ, устанавливающий требевания по организации и проведению входного контроля продукции)
A34: составила настоящий акт о выполненном входном контроле продукции для строительства.
A36: 1. К входному контролю представлена следующая продукция:
A37: Фундаментные блоки ФБС 24.4.6-Т;
A38: (наименование продукции)
A39: 1.1. Наименование, номер документа, удостоверяющего качество и НТД на продукцию: | K39: ООО «ФОРМА ЖБИ»
K40: (изготовитель,
A41: Документ №119 от 03.03.2023г. | H41: НТД | I41: ГОСТ 13579-78
A42: № документа и дата, № партии, дата изготовления) (ГОСТ, ТУ, чертеж КМД)
A43: 1.2. Кол-во: | C43: 2 шт | E43: Кол-во партии: | G43: =C43 -> 2 шт
A44: (штуки, объем, вес в ед. изм.) (штуки, объем, вес в ед. изм.)
A45: 1.3. Поставщик: | C45: ООО "ФОРМА ЖБИ" | F45: Договор | G45: №НК-398 от 30.11.2023
A46: (наименование организации) (реквизиты договора на поставку)
A47: 2. Подготовка продукции к контролю по НТД: | F47: выполнена
A48: (выполнена/не выполнена)
A49: 3. При входном контроле проведены следующие контрольные мероприятия:
A51: Количество, масса, объем проверенной продукции (в ед. изм.) | E51: Вид контроля (НТД) и дата сдачи образцов (проб) на контроль | G51: Приборы контроля | I51: № прибора и дата поверки прибора | K51: № и дата протокола контроля | L51: Заключение по контролю (годен/не годен)
A53: Визуальным осмотром | C53: Инструментальными и приборными методами
A56: 1 | C56: 2 | E56: 3 | G56: 4 | I56: 5 | K56: 6 | L56: 7
A57: =C43 -> 2 шт | C57: - | E57: Визуальный | G57: - | I57: - | K57: - | L57: годен
A59: 4. В результате проведенного входного контроля представленной продукции установлено:
A60: а) Сопроводительные документы: | E60: соответствует
A61: (соответствуют/не соответствуют)
A62: б) Комплектность (в т.ч. ЗИП): | D62: соответствует
A63: (соответствует/не соответствует)
A64: в) Целостность и сохранность упаковки: | E64: соответствует
A65: (соответствует/не соответствует)
A66: г) Выполнение консервации: | D66: соответствует
A67: (соответствует/не соответствует)
A68: д) Наличие ЗАК/протокола КДО: | D68: -
A69: (номер ЗАК или протокола КДО и дата выдачм/отсутствует)
A70: Проверенная продукция для последующего применения признана: | H70: пригодной
A71: (пригодной/непригодной)
A72: и допущена к применению при строительно-монтажных работах на объекте____________________________________________________________
A73: (допущена/не допущена) (указать последующее действие с пригодной продукцией)
A75: Продукция признана непригодной по следующим причинам:
A76: ­
A77: (указать причины отбраковки, документальные результаты контроля, протоколы испытания и прочие документы)
A78: непригодная продукия подлежит: | D78: -
A79: (указать последующее действие с непригодной продукцией)
A80: Председатель:
A81: =C22 -> Главный энергетик ООО "Энергосистемы" Фечин А.А.
A82: (должность, организация, подпись, фамилия, имя, отчество)
A83: Члены комиссии:
A84: =C26 -> Прораб ООО "Энергосистемы" Волков М.Ю.
A85: (должность, организация, подпись, фамилия, имя, отчество)
A86: =C28 -> Инженер-электрик ООО "Энергосистемы" Высоцкий А.В.
A87: (должность, организация, подпись, фамилия, имя, отчество)
A88: Присутствующие:
A89: =C30 -> Гл. специалист ССК УКС ПАО "Россети Московский регион" Алексанян Г.Р.
A90: (должность, организация, фамилия, имя, отчество)
A91: Особые отметки:

Sheet труба
K1: Приложение 1
K3: Приложение 48 к приказу от 19.12.2019 № 1414
F5: ФОРМА
I6: ГОДЕН
I7: (результат контроля продукции)
A8: Объект строительства:
A9: ='Провод СИП 3'!A9:L9 -> Строительство ТП-10/0,4 кВ, ВЛЗ-10 кВ от ВЛЗ-10 кВ ф. «Кочугино» ПС №185 "Воробьево", ВЛИ-0,38 кВ, рлр, в т.ч. ПИР, МО, Солнечногорский р-н, г. Солнечногорск
A11: Заказчик строительства: Филиал ПАО «Россети Московский регион» - Северные электрические сети
A13: АКТ № 8/ | G13: ='Провод СИП 3'!G13 -> SAP - 288007
A14: входного контроля
A16: ='Данные объект'!B5 -> 141533,Российская Федерация, г.о.Солнечногорск | K16: ='Провод СИП 3'!K16:L16 -> 25.09.2024
A17: (место проведения) | K17: (дата)
A19: Нами, комиссией | C19: ='Провод СИП 3'!C19:G19 -> ООО "Энергосистемы" | H19: ='Данные объект'!B43 -> по приказу №05-ОТ/24 от 09 января 2023г. в составе:
C20: (организация, от которой сформирована комиссия)
A22: Председателя: . | C22: ='Данные объект'!C45 -> Главный энергетик ООО "Энергосистемы" Фечин А.А.
A23: (должность, организация, фамилия, имя, отчество)
A25: и членов комиссии:
C26: ='Данные объект'!C47 -> Прораб ООО "Энергосистемы" Волков М.Ю.
A27: (должность, организация, фамилия, имя, отчество)
C28: ='Данные объект'!C49 -> Инженер-электрик ООО "Энергосистемы" Высоцкий А.В.
A29: (должность, организация, фамилия, имя, отчество)
C30: ='Данные объект'!B32 -> Гл. специалист ССК УКС ПАО "Россети Московский регион" Алексанян Г.Р.
A31: (должность, организация, фамилия, имя, отчество)
A33: (должность, организация, фамилия, имя, отчество)
A34: руководствуясь, | C34: ='Данные объект'!B51 -> методическими указаниями ПАО "Россети Московский регион" (утв. Приказом от 14.11.2024 г. № 1254)
A35: (документ, устанавливающий требевания по организации и проведению входного контроля продукции)
A36: составила настоящий акт о выполненном входном контроле продукции для строительства.
A38: 1. К входному контролю представлена следующая продукция:
A39: Труба профильная 80х80х3
A40: (наименование продукции)
A41: 1.1. Наименование, номер документа, удостоверяющего качество и НТД на продукцию: | K41: ООО "КТЗ"
K42: (изготовитель,
A43: Сертификат качества №23515/166 | H43: НТД | I43: ГОСТ 8639-82
A44: № документа и дата, № партии, дата изготовления) (ГОСТ, ТУ, чертеж КМД)
A45: 1.2. Кол-во: | C45: 3,5 м | E45: Кол-во партии: | G45: =C45 -> 3,5 м
A46: (штуки, объем, вес в ед. изм.) (штуки, объем, вес в ед. изм.)
A47: 1.3. Поставщик: | C47: ООО "Главстройэнерго" | F47: Договор | G47: №204 от 03.10.2017г
A48: (наименование организации) (реквизиты договора на поставку)
A49: 2. Подготовка продукции к контролю по НТД: | F49: выполнена
A50: (выполнена/не выполнена)
A51: 3. При входном контроле проведены следующие контрольные мероприятия:
A53: Количество, масса, объем проверенной продукции (в ед. изм.) | E53: Вид контроля (НТД) и дата сдачи образцов (проб) на контроль | G53: Приборы контроля | I53: № прибора и дата поверки прибора | K53: № и дата протокола контроля | L53: Заключение по контролю (годен/не годен)
A55: Визуальным осмотром | C55: Инструментальными и приборными методами
A58: 1 | C58: 2 | E58: 3 | G58: 4 | I58: 5 | K58: 6 | L58: 7
A59: =C45 -> 3,5 м | C59: - | E59: Визуальный | G59: - | I59: - | K59: - | L59: годен
A61: 4. В результате проведенного входного контроля представленной продукции установлено:
A62: а) Сопроводительные документы: | E62: соответствует
A63: (соответствуют/не соответствуют)
A64: б) Комплектность (в т.ч. ЗИП): | D64: соответствует
A65: (соответствует/не соответствует)
A66: в) Целостность и сохранность упаковки: | E66: соответствует
A67: (соответствует/не соответствует)
A68: г) Выполнение консервации: | D68: соответствует
A69: (соответствует/не соответствует)
A70: д) Наличие ЗАК/протокола КДО: | D70: -
A71: (номер ЗАК или протокола КДО и дата выдачм/отсутствует)
A72: Проверенная продукция для последующего применения признана: | H72: пригодной
A73: (пригодной/непригодной)
A74: и допущена к применению при строительно-монтажных работах на объекте____________________________________________________________
A75: (допущена/не допущена) (указать последующее действие с пригодной продукцией)
A77: Продукция признана непригодной по следующим причинам:
A78: ­
A79: (указать причины отбраковки, документальные результаты контроля, протоколы испытания и прочие документы)
A82: непригодная продукия подлежит: | D82: -
A83: (указать последующее действие с непригодной продукцией)
A84: Председатель:
A85: =C22 -> Главный энергетик ООО "Энергосистемы" Фечин А.А.
A86: (должность, организация, подпись, фамилия, имя, отчество)
A87: Члены комиссии:
A88: =C26 -> Прораб ООО "Энергосистемы" Волков М.Ю.
A89: (должность, организация, подпись, фамилия, имя, отчество)
A90: =C28 -> Инженер-электрик ООО "Энергосистемы" Высоцкий А.В.
A91: (должность, организация, подпись, фамилия, имя, отчество)
A92: Присутствующие:
A93: =C30 -> Гл. специалист ССК УКС ПАО "Россети Московский регион" Алексанян Г.Р.
A94: (должность, организация, фамилия, имя, отчество)
A95: Особые отметки:

Sheet песок
K1: Приложение 1
K3: Приложение 48 к приказу от 19.12.2019 № 1414
F5: ФОРМА
I6: ГОДЕН
I7: (результат контроля продукции)
A8: Объект строительства:
A9: ='Данные объект'!B3 -> Строительство ТП-10/0,4 кВ, ВЛЗ-10 кВ от ВЛЗ-10 кВ ф. «Кочугино» ПС №185 "Воробьево", ВЛИ-0,38 кВ, рлр, в т.ч. ПИР, МО, Солнечногорский р-н, г. Солнечногорск
A11: Заказчик строительства: Филиал ПАО «Россети Московский регион» - Северные электрические сети
A13: АКТ № 8/ | G13: ='Данные объект'!B2 -> SAP - 288007
A14: входного контроля
A16: ='Данные объект'!B5 -> 141533,Российская Федерация, г.о.Солнечногорск | K16: ='Провод СИП 3'!K16:L16 -> 25.09.2024
A17: (место проведения) | K17: (дата)
A19: Нами, комиссией | C19: ='Провод СИП 3'!C19:G19 -> ООО "Энергосистемы" | H19: ='Данные объект'!B43 -> по приказу №05-ОТ/24 от 09 января 2023г. в составе:
C20: (организация, от которой сформирована комиссия)
A22: Председателя: . | C22: ='Данные объект'!C45 -> Главный энергетик ООО "Энергосистемы" Фечин А.А.
A23: (должность, организация, фамилия, имя, отчество)
A25: и членов комиссии:
C26: ='Данные объект'!C47 -> Прораб ООО "Энергосистемы" Волков М.Ю.
A27: (должность, организация, фамилия, имя, отчество)
C28: ='Данные объект'!C49 -> Инженер-электрик ООО "Энергосистемы" Высоцкий А.В.
A29: (должность, организация, фамилия, имя, отчество)
C30: ='Данные объект'!B32 -> Гл. специалист ССК УКС ПАО "Россети Московский регион" Алексанян Г.Р.
A31: (должность, организация, фамилия, имя, отчество)
A33: (должность, организация, фамилия, имя, отчество)
A34: руководствуясь, | C34: ='Данные объект'!B51 -> методическими указаниями ПАО "Россети Московский регион" (утв. Приказом от 14.11.2024 г. № 1254)
A35: (документ, устанавливающий требевания по организации и проведению входного контроля продукции)
A36: составила настоящий акт о выполненном входном контроле продукции для строительства.
A38: 1. К входному контролю представлена следующая продукция:
A39: Песок для строительных работ фракционированный, средний 1 класс
A40: (наименование продукции)
A41: 1.1. Наименование, номер документа, удостоверяющего качество и НТД на продукцию: | K41: ООО "Облнерудпром"
K42: (изготовитель,
A43: Паспорт б/н | H43: НТД | I43: ГОСТ 8639-82
A44: № документа и дата, № партии, дата изготовления) (ГОСТ, ТУ, чертеж КМД)
A45: 1.2. Кол-во: | C45: 3,5 м2 | E45: Кол-во партии: | G45: -
A46: (штуки, объем, вес в ед. изм.) (штуки, объем, вес в ед. изм.)
A47: 1.3. Поставщик: | C47: ООО "Главстройэнерго" | F47: Договор | G47: №204 от 03.10.2017г
A48: (наименование организации) (реквизиты договора на поставку)
A49: 2. Подготовка продукции к контролю по НТД: | F49: выполнена
A50: (выполнена/не выполнена)
A51: 3. При входном контроле проведены следующие контрольные мероприятия:
A53: Количество, масса, объем проверенной продукции (в ед. изм.) | E53: Вид контроля (НТД) и дата сдачи образцов (проб) на контроль | G53: Приборы контроля | I53: № прибора и дата поверки прибора | K53: № и дата протокола контроля | L53: Заключение по контролю (годен/не годен)
A55: Визуальным осмотром | C55: Инструментальными и приборными методами
A58: 1 | C58: 2 | E58: 3 | G58: 4 | I58: 5 | K58: 6 | L58: 7
A59: =C45 -> 3,5 м2 | C59: - | E59: Визуальный | G59: - | I59: - | K59: - | L59: годен
A61: 4. В результате проведенного входного контроля представленной продукции установлено:
A62: а) Сопроводительные документы: | E62: соответствует
A63: (соответствуют/не соответствуют)
A64: б) Комплектность (в т.ч. ЗИП): | D64: соответствует
A65: (соответствует/не соответствует)
A66: в) Целостность и сохранность упаковки: | E66: соответствует
A67: (соответствует/не соответствует)
A68: г) Выполнение консервации: | D68: соответствует
A69: (соответствует/не соответствует)
A70: д) Наличие ЗАК/протокола КДО: | D70: -
A71: (номер ЗАК или протокола КДО и дата выдачм/отсутствует)
A72: Проверенная продукция для последующего применения признана: | H72: пригодной
A73: (пригодной/непригодной)
A74: и допущена к применению при строительно-монтажных работах на объекте____________________________________________________________
A75: (допущена/не допущена) (указать последующее действие с пригодной продукцией)
A77: Продукция признана непригодной по следующим причинам:
A78: ­
A79: (указать причины отбраковки, документальные результаты контроля, протоколы испытания и прочие документы)
A82: непригодная продукия подлежит: | D82: -
A83: (указать последующее действие с непригодной продукцией)
A84: Председатель:
A85: =C22 -> Главный энергетик ООО "Энергосистемы" Фечин А.А.
A86: (должность, организация, подпись, фамилия, имя, отчество)
A87: Члены комиссии:
A88: =C26 -> Прораб ООО "Энергосистемы" Волков М.Ю.
A89: (должность, организация, подпись, фамилия, имя, отчество)
A90: =C28 -> Инженер-электрик ООО "Энергосистемы" Высоцкий А.В.
A91: (должность, организация, подпись, фамилия, имя, отчество)
A92: Присутствующие:
A93: =C30 -> Гл. специалист ССК УКС ПАО "Россети Московский регион" Алексанян Г.Р.
A94: (должность, организация, фамилия, имя, отчество)
A95: Особые отметки:

Sheet краска
I1: ГОДЕН
I2: (результат контроля продукции)
A3: Объект строительства:
A4: ='Данные объект'!B3 -> Строительство ТП-10/0,4 кВ, ВЛЗ-10 кВ от ВЛЗ-10 кВ ф. «Кочугино» ПС №185 "Воробьево", ВЛИ-0,38 кВ, рлр, в т.ч. ПИР, МО, Солнечногорский р-н, г. Солнечногорск
A6: Заказчик строительства: Филиал ПАО «Россети Московский регион» - Северные электрические сети
A8: АКТ № 6/ | G8: ='Данные объект'!B2 -> SAP - 288007
A9: входного контроля
A11: ='Данные объект'!B5 -> 141533,Российская Федерация, г.о.Солнечногорск | K11: ='[3]Провод СИП '!K11:L11 -> 45827
A12: (место проведения) | K12: (дата)
A14: Нами, комиссией | C14: ='Данные объект'!B11 -> ООО "Энергосистемы" | H14: ='[3]Провод СИП '!H14:L14 -> по приказу №05-ОТ/24 от "09" января 2024г. в составе:
C15: (организация, от которой сформирована комиссия)
A17: Председателя: . | C17: ='Данные объект'!C45 -> Главный энергетик ООО "Энергосистемы" Фечин А.А.
A18: (должность, организация, фамилия, имя, отчество)
A20: и членов комиссии:
C21: ='Данные объект'!C47 -> Прораб ООО "Энергосистемы" Волков М.Ю.
A22: (должность, организация, фамилия, имя, отчество)
C23: ='Данные объект'!C49 -> Инженер-электрик ООО "Энергосистемы" Высоцкий А.В.
A24: (должность, организация, фамилия, имя, отчество)
C25: И.о.зам.начальника СРЭС филиала ПАО "Россети Московский Регион" Минин А.Л.
A26: (должность, организация, фамилия, имя, отчество)
C27: ='Данные объект'!B32 -> Гл. специалист ССК УКС ПАО "Россети Московский регион" Алексанян Г.Р.
A28: (должность, организация, фамилия, имя, отчество)
A29: руководствуясь, | C29: ='Данные объект'!B51 -> методическими указаниями ПАО "Россети Московский регион" (утв. Приказом от 14.11.2024 г. № 1254)
A30: (документ, устанавливающий требевания по организации и проведению входного контроля продукции)
A31: составила настоящий акт о выполненном входном контроле продукции для строительства.
A33: 1. К входному контролю представлена следующая продукция:
A34: Краска ПФ 115
A35: (наименование продукции)
A36: 1.1. Наименование, номер документа, удостоверяющего качество и НТД на продукцию: | K36: АО "Пигмент"
K37: (изготовитель,
A38: Сертификат соответствия №РОСС RU.НЕ42.Н03935 срок действия с 05.11.2024 по 04.11.2027г | H38: НТД | I38: ГОСТ 6465-2023
A39: № документа и дата, № партии, дата изготовления) (ГОСТ, ТУ, чертеж КМД)
A40: 1.2. Кол-во: | C40: 2,8 кг | E40: Кол-во партии:
A41: (штуки, объем, вес в ед. изм.) (штуки, объем, вес в ед. изм.)
A42: 1.3. Поставщик: | C42: ООО "Метал Сталь" | F42: Договор | G42: №2911/22-1
A43: (наименование организации) (реквизиты договора на поставку)
A44: 2. Подготовка продукции к контролю по НТД: | F44: выполнена
A45: (выполнена/не выполнена)
A46: 3. При входном контроле проведены следующие контрольные мероприятия:
A48: Количество, масса, объем проверенной продукции (в ед. изм.) | E48: Вид контроля (НТД) и дата сдачи образцов (проб) на контроль | G48: Приборы контроля | I48: № прибора и дата поверки прибора | K48: № и дата протокола контроля | L48: Заключение по контролю (годен/не годен)
A50: Визуальным осмотром | C50: Инструментальными и приборными методами
A53: 1 | C53: 2 | E53: 3 | G53: 4 | I53: 5 | K53: 6 | L53: 7
A54: =C40 -> 2,8 кг | C54: - | E54: Визуальный | G54: - | I54: - | K54: - | L54: годен
A56: 4. В результате проведенного входного контроля представленной продукции установлено:
A57: а) Сопроводительные документы: | E57: соответствует
A58: (соответствуют/не соответствуют)
A59: б) Комплектность (в т.ч. ЗИП): | D59: соответствует
A60: (соответствует/не соответствует)
A61: в) Целостность и сохранность упаковки: | E61: соответствует
A62: (соответствует/не соответствует)
A63: г) Выполнение консервации: | D63: соответствует
A64: (соответствует/не соответствует)
A65: д) Наличие ЗАК/протокола КДО: | D65: -
A66: (номер ЗАК или протокола КДО и дата выдачм/отсутствует)
A67: Проверенная продукция для последующего применения признана: | H67: пригодной
A68: (пригодной/непригодной)
A69: и допущена к применению при строительно-монтажных работах на объекте____________________________________________________________
A70: (допущена/не допущена) (указать последующее действие с пригодной продукцией)
A72: Продукция признана непригодной по следующим причинам:
A73: ­
A74: (указать причины отбраковки, документальные результаты контроля, протоколы испытания и прочие документы)
A77: непригодная продукия подлежит: | D77: -
A78: (указать последующее действие с непригодной продукцией)
A79: Председатель:
A80: =C17 -> Главный энергетик ООО "Энергосистемы" Фечин А.А.
A81: (должность, организация, подпись, фамилия, имя, отчество)
A82: Члены комиссии:
A83: =C21 -> Прораб ООО "Энергосистемы" Волков М.Ю.
A84: (должность, организация, подпись, фамилия, имя, отчество)
A85: =C23 -> Инженер-электрик ООО "Энергосистемы" Высоцкий А.В.
A86: (должность, организация, подпись, фамилия, имя, отчество)
A87: И.о.зам.начальника СРЭС филиала ПАО "Россети Московский Регион" Минин А.Л.
A88: (должность, организация, подпись, фамилия, имя, отчество)
A90: (должность, организация, подпись фамилия, имя, отчество)
A91: Присутствующие:
A92: =C27 -> Гл. специалист ССК УКС ПАО "Россети Московский регион" Алексанян Г.Р.
A93: (должность, организация, фамилия, имя, отчество)
A95: (должность, организация, фамилия, имя, отчество)
A96: Особые отметки:

Sheet уголок 50
K1: Приложение 1
K3: Приложение 48 к приказу от 19.12.2019 № 1414
F5: ФОРМА
I6: ГОДЕН
I7: (результат контроля продукции)
A8: Объект строительства:
A9: ='Данные объект'!B3 -> Строительство ТП-10/0,4 кВ, ВЛЗ-10 кВ от ВЛЗ-10 кВ ф. «Кочугино» ПС №185 "Воробьево", ВЛИ-0,38 кВ, рлр, в т.ч. ПИР, МО, Солнечногорский р-н, г. Солнечногорск
A11: Заказчик строительства: Филиал ПАО «Россети Московский регион» - Северные электрические сети
A13: АКТ №12/ | G13: ='Данные объект'!B2 -> SAP - 288007
A14: входного контроля
A16: ='Данные объект'!B5 -> 141533,Российская Федерация, г.о.Солнечногорск | K16: ='Данные объект'!B6 -> 25.09.2024
A17: (место проведения) | K17: (дата)
A19: Нами, комиссией | C19: ='Провод СИП 3'!C19:G19 -> ООО "Энергосистемы" | H19: ='Данные объект'!B43 -> по приказу №05-ОТ/24 от 09 января 2023г. в составе:
C20: (организация, от которой сформирована комиссия)
A22: Председателя: . | C22: ='Данные объект'!C45 -> Главный энергетик ООО "Энергосистемы" Фечин А.А.
A23: (должность, организация, фамилия, имя, отчество)
A25: и членов комиссии:
C26: ='Данные объект'!C47 -> Прораб ООО "Энергосистемы" Волков М.Ю.
A27: (должность, организация, фамилия, имя, отчество)
C28: ='Данные объект'!C49 -> Инженер-электрик ООО "Энергосистемы" Высоцкий А.В.
A29: (должность, организация, фамилия, имя, отчество)
C30: ='Данные объект'!B32 -> Гл. специалист ССК УКС ПАО "Россети Московский регион" Алексанян Г.Р.
A31: (должность, организация, фамилия, имя, отчество)
A32: руководствуясь, | C32: ='Данные объект'!B51 -> методическими указаниями ПАО "Россети Московский регион" (утв. Приказом от 14.11.2024 г. № 1254)
A33: (документ, устанавливающий требевания по организации и проведению входного контроля продукции)
A34: составила настоящий акт о выполненном входном контроле продукции для строительства.
A36: 1. К входному контролю представлена следующая продукция:
A37: Уголок 50х50х5
A38: (наименование продукции)
A39: 1.1. Наименование, номер документа, удостоверяющего качество и НТД на продукцию: | K39: ООО «УГМК-Сталь»
K40: (изготовитель,
A41: Сертификат качества №2021644263 | H41: НТД | I41: ГОСТ 8509-93
A42: № документа и дата, № партии, дата изготовления) (ГОСТ, ТУ, чертеж КМД)
A43: 1.2. Кол-во: | C43: 41,6 м | E43: Кол-во партии: | G43: -
A44: (штуки, объем, вес в ед. изм.) (штуки, объем, вес в ед. изм.)
A45: 1.3. Поставщик: | C45: ООО "Метал Сталь" | F45: Договор | G45: №2911/22-1
A46: (наименование организации) (реквизиты договора на поставку)
A47: 2. Подготовка продукции к контролю по НТД: | F47: выполнена
A48: (выполнена/не выполнена)
A49: 3. При входном контроле проведены следующие контрольные мероприятия:
A51: Количество, масса, объем проверенной продукции (в ед. изм.) | E51: Вид контроля (НТД) и дата сдачи образцов (проб) на контроль | G51: Приборы контроля | I51: № прибора и дата поверки прибора | K51: № и дата протокола контроля | L51: Заключение по контролю (годен/не годен)
A53: Визуальным осмотром | C53: Инструментальными и приборными методами
A56: 1 | C56: 2 | E56: 3 | G56: 4 | I56: 5 | K56: 6 | L56: 7
A57: =C43 -> 41,6 м | C57: - | E57: Визуальный | G57: - | I57: - | K57: - | L57: годен
A59: 4. В результате проведенного входного контроля представленной продукции установлено:
A60: а) Сопроводительные документы: | E60: соответствует
A61: (соответствуют/не соответствуют)
A62: б) Комплектность (в т.ч. ЗИП): | D62: соответствует
A63: (соответствует/не соответствует)
A64: в) Целостность и сохранность упаковки: | E64: соответствует
A65: (соответствует/не соответствует)
A66: г) Выполнение консервации: | D66: соответствует
A67: (соответствует/не соответствует)
A68: д) Наличие ЗАК/протокола КДО: | D68: -
A69: (номер ЗАК или протокола КДО и дата выдачм/отсутствует)
A70: Проверенная продукция для последующего применения признана: | H70: пригодной
A71: (пригодной/непригодной)
A72: и допущена к применению при строительно-монтажных работах на объекте____________________________________________________________
A73: (допущена/не допущена) (указать последующее действие с пригодной продукцией)
A75: Продукция признана непригодной по следующим причинам:
A76: ­
A77: (указать причины отбраковки, документальные результаты контроля, протоколы испытания и прочие документы)
A80: непригодная продукия подлежит: | D80: -
A81: (указать последующее действие с непригодной продукцией)
A82: Председатель:
A83: =C22 -> Главный энергетик ООО "Энергосистемы" Фечин А.А.
A84: (должность, организация, подпись, фамилия, имя, отчество)
A85: Члены комиссии:
A86: =C26 -> Прораб ООО "Энергосистемы" Волков М.Ю.
A87: (должность, организация, подпись, фамилия, имя, отчество)
A88: =C28 -> Инженер-электрик ООО "Энергосистемы" Высоцкий А.В.
A89: (должность, организация, подпись, фамилия, имя, отчество)
A90: Присутствующие:
A91: =C30 -> Гл. специалист ССК УКС ПАО "Россети Московский регион" Алексанян Г.Р.
A92: (должность, организация, фамилия, имя, отчество)
A93: Особые отметки:

Sheet уголок  63
K1: Приложение 1
K3: Приложение 48 к приказу от 19.12.2019 № 1414
F5: ФОРМА
I6: ГОДЕН
I7: (результат контроля продукции)
A8: Объект строительства:
A9: ='Данные объект'!B3 -> Строительство ТП-10/0,4 кВ, ВЛЗ-10 кВ от ВЛЗ-10 кВ ф. «Кочугино» ПС №185 "Воробьево", ВЛИ-0,38 кВ, рлр, в т.ч. ПИР, МО, Солнечногорский р-н, г. Солнечногорск
A11: Заказчик строительства: Филиал ПАО «Россети Московский регион» - Северные электрические сети
A13: АКТ №13/ | G13: ='Данные объект'!B2 -> SAP - 288007
A14: входного контроля
A16: ='Данные объект'!B5 -> 141533,Российская Федерация, г.о.Солнечногорск | K16: ='Данные объект'!B6 -> 25.09.2024
A17: (место проведения) | K17: (дата)
A19: Нами, комиссией | C19: ='Провод СИП 3'!C19:G19 -> ООО "Энергосистемы" | H19: ='Данные объект'!B43 -> по приказу №05-ОТ/24 от 09 января 2023г. в составе:
C20: (организация, от которой сформирована комиссия)
A22: Председателя: . | C22: ='Данные объект'!C45 -> Главный энергетик ООО "Энергосистемы" Фечин А.А.
A23: (должность, организация, фамилия, имя, отчество)
A25: и членов комиссии:
C26: ='Данные объект'!C47 -> Прораб ООО "Энергосистемы" Волков М.Ю.
A27: (должность, организация, фамилия, имя, отчество)
C28: ='Данные объект'!C49 -> Инженер-электрик ООО "Энергосистемы" Высоцкий А.В.
A29: (должность, организация, фамилия, имя, отчество)
C30: И.о.зам.начальника СРЭС филиала ПАО "Россети Московский Регион" Минин А.Л.
A31: (должность, организация, фамилия, имя, отчество)
C32: ='Данные объект'!B32 -> Гл. специалист ССК УКС ПАО "Россети Московский регион" Алексанян Г.Р.
A33: (должность, организация, фамилия, имя, отчество)
A34: руководствуясь, | C34: ='Данные объект'!B51 -> методическими указаниями ПАО "Россети Московский регион" (утв. Приказом от 14.11.2024 г. № 1254)
A35: (документ, устанавливающий требевания по организации и проведению входного контроля продукции)
A36: составила настоящий акт о выполненном входном контроле продукции для строительства.
A38: 1. К входному контролю представлена следующая продукция:
A39: Уголок 63х63х5
A40: (наименование продукции)
A41: 1.1. Наименование, номер документа, удостоверяющего качество и НТД на продукцию: | K41: ООО «УГМК-Сталь»
K42: (изготовитель,
A43: Сертификат качества №2024647014 | H43: НТД | I43: ГОСТ 8509-93
A44: № документа и дата, № партии, дата изготовления) (ГОСТ, ТУ, чертеж КМД)
A45: 1.2. Кол-во: | C45: 30 м | E45: Кол-во партии:
A46: (штуки, объем, вес в ед. изм.) (штуки, объем, вес в ед. изм.)
A47: 1.3. Поставщик: | C47: ООО "Метал Сталь" | F47: Договор | G47: №2911/22-1
A48: (наименование организации) (реквизиты договора на поставку)
A49: 2. Подготовка продукции к контролю по НТД: | F49: выполнена
A50: (выполнена/не выполнена)
A51: 3. При входном контроле проведены следующие контрольные мероприятия:
A53: Количество, масса, объем проверенной продукции (в ед. изм.) | E53: Вид контроля (НТД) и дата сдачи образцов (проб) на контроль | G53: Приборы контроля | I53: № прибора и дата поверки прибора | K53: № и дата протокола контроля | L53: Заключение по контролю (годен/не годен)
A55: Визуальным осмотром | C55: Инструментальными и приборными методами
A58: 1 | C58: 2 | E58: 3 | G58: 4 | I58: 5 | K58: 6 | L58: 7
A59: =C45 -> 30 м | C59: - | E59: Визуальный | G59: - | I59: - | K59: - | L59: годен
A61: 4. В результате проведенного входного контроля представленной продукции установлено:
A62: а) Сопроводительные документы: | E62: соответствует
A63: (соответствуют/не соответствуют)
A64: б) Комплектность (в т.ч. ЗИП): | D64: соответствует
A65: (соответствует/не соответствует)
A66: в) Целостность и сохранность упаковки: | E66: соответствует
A67: (соответствует/не соответствует)
A68: г) Выполнение консервации: | D68: соответствует
A69: (соответствует/не соответствует)
A70: д) Наличие ЗАК/протокола КДО: | D70: -
A71: (номер ЗАК или протокола КДО и дата выдачм/отсутствует)
A72: Проверенная продукция для последующего применения признана: | H72: пригодной
A73: (пригодной/непригодной)
A74: и допущена к применению при строительно-монтажных работах на объекте____________________________________________________________
A75: (допущена/не допущена) (указать последующее действие с пригодной продукцией)
A77: Продукция признана непригодной по следующим причинам:
A78: ­
A79: (указать причины отбраковки, документальные результаты контроля, протоколы испытания и прочие документы)
A82: непригодная продукия подлежит: | D82: -
A83: (указать последующее действие с непригодной продукцией)
A84: Председатель:
A85: =C22 -> Главный энергетик ООО "Энергосистемы" Фечин А.А.
A86: (должность, организация, подпись, фамилия, имя, отчество)
A87: Члены комиссии:
A88: =C26 -> Прораб ООО "Энергосистемы" Волков М.Ю.
A89: (должность, организация, подпись, фамилия, имя, отчество)
A90: =C28 -> Инженер-электрик ООО "Энергосистемы" Высоцкий А.В.
A91: (должность, организация, подпись, фамилия, имя, отчество)
A92: Присутствующие:
A93: =C32 -> Гл. специалист ССК УКС ПАО "Россети Московский регион" Алексанян Г.Р.
A94: (должность, организация, фамилия, имя, отчество)
A96: (должность, организация, фамилия, имя, отчество)
A97: Особые отметки:

Sheet пол.40х4
K1: Приложение 1
K3: Приложение 48 к приказу от 19.12.2019 № 1414
F5: ФОРМА
I6: ГОДЕН
I7: (результат контроля продукции)
A8: Объект строительства:
A9: ='Данные объект'!B3 -> Строительство ТП-10/0,4 кВ, ВЛЗ-10 кВ от ВЛЗ-10 кВ ф. «Кочугино» ПС №185 "Воробьево", ВЛИ-0,38 кВ, рлр, в т.ч. ПИР, МО, Солнечногорский р-н, г. Солнечногорск
A11: Заказчик строительства: Филиал ПАО «Россети Московский регион» - Северные электрические сети
A13: АКТ № 14/ | G13: ='Данные объект'!B2 -> SAP - 288007
A14: входного контроля
A16: ='Данные объект'!B5 -> 141533,Российская Федерация, г.о.Солнечногорск | K16: ='Данные объект'!B6 -> 25.09.2024
A17: (место проведения) | K17: (дата)
A19: Нами, комиссией | C19: ='Провод СИП 3'!C19:G19 -> ООО "Энергосистемы" | H19: ='Данные объект'!B43 -> по приказу №05-ОТ/24 от 09 января 2023г. в составе:
C20: (организация, от которой сформирована комиссия)
A22: Председателя: . | C22: ='Данные объект'!C45 -> Главный энергетик ООО "Энергосистемы" Фечин А.А.
A23: (должность, организация, фамилия, имя, отчество)
A25: и членов комиссии:
C26: ='Данные объект'!C47 -> Прораб ООО "Энергосистемы" Волков М.Ю.
A27: (должность, организация, фамилия, имя, отчество)
C28: ='Данные объект'!C49 -> Инженер-электрик ООО "Энергосистемы" Высоцкий А.В.
A29: (должность, организация, фамилия, имя, отчество)
C30: ='Данные объект'!B32 -> Гл. специалист ССК УКС ПАО "Россети Московский регион" Алексанян Г.Р.
A31: (должность, организация, фамилия, имя, отчество)
A32: руководствуясь, | C32: ='Данные объект'!B51 -> методическими указаниями ПАО "Россети Московский регион" (утв. Приказом от 14.11.2024 г. № 1254)
A33: (документ, устанавливающий требевания по организации и проведению входного контроля продукции)
A34: составила настоящий акт о выполненном входном контроле продукции для строительства.
A36: 1. К входному контролю представлена следующая продукция:
A37: Стальная полоса 40х4
A38: (наименование продукции)
A39: 1.1. Наименование, номер документа, удостоверяющего качество и НТД на продукцию: | K39: МЗ Балаково
K40: (изготовитель,
A41: Сертификат качества №21010194 | H41: НТД | I41: ГОСТ 380-2005/ ГОСТ 535-2005/ ГОСТ 103-2006
A42: № документа и дата, № партии, дата изготовления) (ГОСТ, ТУ, чертеж КМД)
A43: 1.2. Кол-во: | C43: 37 м | E43: Кол-во партии: | G43: -
A44: (штуки, объем, вес в ед. изм.) (штуки, объем, вес в ед. изм.)
A45: 1.3. Поставщик: | C45: ООО "Метал Сталь" | F45: Договор | G45: №2911/22-1
A46: (наименование организации) (реквизиты договора на поставку)
A47: 2. Подготовка продукции к контролю по НТД: | F47: выполнена
A48: (выполнена/не выполнена)
A49: 3. При входном контроле проведены следующие контрольные мероприятия:
A51: Количество, масса, объем проверенной продукции (в ед. изм.) | E51: Вид контроля (НТД) и дата сдачи образцов (проб) на контроль | G51: Приборы контроля | I51: № прибора и дата поверки прибора | K51: № и дата протокола контроля | L51: Заключение по контролю (годен/не годен)
A53: Визуальным осмотром | C53: Инструментальными и приборными методами
A56: 1 | C56: 2 | E56: 3 | G56: 4 | I56: 5 | K56: 6 | L56: 7
A57: =C43 -> 37 м | C57: - | E57: Визуальный | G57: - | I57: - | K57: - | L57: годен
A59: 4. В результате проведенного входного контроля представленной продукции установлено:
A60: а) Сопроводительные документы: | E60: соответствует
A61: (соответствуют/не соответствуют)
A62: б) Комплектность (в т.ч. ЗИП): | D62: соответствует
A63: (соответствует/не соответствует)
A64: в) Целостность и сохранность упаковки: | E64: соответствует
A65: (соответствует/не соответствует)
A66: г) Выполнение консервации: | D66: соответствует
A67: (соответствует/не соответствует)
A68: д) Наличие ЗАК/протокола КДО: | D68: -
A69: (номер ЗАК или протокола КДО и дата выдачм/отсутствует)
A70: Проверенная продукция для последующего применения признана: | H70: пригодной
A71: (пригодной/непригодной)
A72: и допущена к применению при строительно-монтажных работах на объекте____________________________________________________________
A73: (допущена/не допущена) (указать последующее действие с пригодной продукцией)
A75: Продукция признана непригодной по следующим причинам:
A76: ­
A77: (указать причины отбраковки, документальные результаты контроля, протоколы испытания и прочие документы)
A80: непригодная продукия подлежит: | D80: -
A81: (указать последующее действие с непригодной продукцией)
A82: Председатель:
A83: =C22 -> Главный энергетик ООО "Энергосистемы" Фечин А.А.
A84: (должность, организация, подпись, фамилия, имя, отчество)
A85: Члены комиссии:
A86: =C26 -> Прораб ООО "Энергосистемы" Волков М.Ю.
A87: (должность, организация, подпись, фамилия, имя, отчество)
A88: =C28 -> Инженер-электрик ООО "Энергосистемы" Высоцкий А.В.
A89: (должность, организация, подпись, фамилия, имя, отчество)
A90: Присутствующие:
A91: =C30 -> Гл. специалист ССК УКС ПАО "Россети Московский регион" Алексанян Г.Р.
A92: (должность, организация, фамилия, имя, отчество)
A93: Особые отметки:

Sheet пол.50х4
K1: Приложение 1
K3: Приложение 48 к приказу от 19.12.2019 № 1414
F5: ФОРМА
I6: ГОДЕН
I7: (результат контроля продукции)
A8: Объект строительства:
A9: ='Данные объект'!B3 -> Строительство ТП-10/0,4 кВ, ВЛЗ-10 кВ от ВЛЗ-10 кВ ф. «Кочугино» ПС №185 "Воробьево", ВЛИ-0,38 кВ, рлр, в т.ч. ПИР, МО, Солнечногорский р-н, г. Солнечногорск
A11: Заказчик строительства: Филиал ПАО «Россети Московский регион» - Северные электрические сети
A13: АКТ № 15/ | G13: ='Данные объект'!B2 -> SAP - 288007
A14: входного контроля
A16: ='Данные объект'!B5 -> 141533,Российская Федерация, г.о.Солнечногорск | K16: ='Данные объект'!B6 -> 25.09.2024
A17: (место проведения) | K17: (дата)
A19: Нами, комиссией | C19: ='Провод СИП 3'!C19:G19 -> ООО "Энергосистемы" | H19: ='Данные объект'!B43 -> по приказу №05-ОТ/24 от 09 января 2023г. в составе:
C20: (организация, от которой сформирована комиссия)
A22: Председателя: . | C22: ='Данные объект'!C45 -> Главный энергетик ООО "Энергосистемы" Фечин А.А.
A23: (должность, организация, фамилия, имя, отчество)
A25: и членов комиссии:
C26: ='Данные объект'!C47 -> Прораб ООО "Энергосистемы" Волков М.Ю.
A27: (должность, организация, фамилия, имя, отчество)
C28: ='Данные объект'!C49 -> Инженер-электрик ООО "Энергосистемы" Высоцкий А.В.
A29: (должность, организация, фамилия, имя, отчество)
C30: ='Данные объект'!B32 -> Гл. специалист ССК УКС ПАО "Россети Московский регион" Алексанян Г.Р.
A31: (должность, организация, фамилия, имя, отчество)
A32: руководствуясь, | C32: ='Данные объект'!B51 -> методическими указаниями ПАО "Россети Московский регион" (утв. Приказом от 14.11.2024 г. № 1254)
A33: (документ, устанавливающий требевания по организации и проведению входного контроля продукции)
A34: составила настоящий акт о выполненном входном контроле продукции для строительства.
A36: 1. К входному контролю представлена следующая продукция:
A37: Стальная полоса 50х4
A38: (наименование продукции)
A39: 1.1. Наименование, номер документа, удостоверяющего качество и НТД на продукцию: | K39: ООО "Тулачермет-сталь"
K40: (изготовитель,
A41: Сертификат качества №3968968 | H41: НТД | I41: ГОСТ 380-2005/ ГОСТ 535-2005/ ГОСТ 103-2006
A42: № документа и дата, № партии, дата изготовления) (ГОСТ, ТУ, чертеж КМД)
A43: 1.2. Кол-во: | C43: 3 м | E43: Кол-во партии:
A44: (штуки, объем, вес в ед. изм.) (штуки, объем, вес в ед. изм.)
A45: 1.3. Поставщик: | C45: ООО "Метал Сталь" | F45: Договор | G45: №2911/22-1
A46: (наименование организации) (реквизиты договора на поставку)
A47: 2. Подготовка продукции к контролю по НТД: | F47: выполнена
A48: (выполнена/не выполнена)
A49: 3. При входном контроле проведены следующие контрольные мероприятия:
A51: Количество, масса, объем проверенной продукции (в ед. изм.) | E51: Вид контроля (НТД) и дата сдачи образцов (проб) на контроль | G51: Приборы контроля | I51: № прибора и дата поверки прибора | K51: № и дата протокола контроля | L51: Заключение по контролю (годен/не годен)
A53: Визуальным осмотром | C53: Инструментальными и приборными методами
A56: 1 | C56: 2 | E56: 3 | G56: 4 | I56: 5 | K56: 6 | L56: 7
A57: =C43 -> 3 м | C57: - | E57: Визуальный | G57: - | I57: - | K57: - | L57: годен
A59: 4. В результате проведенного входного контроля представленной продукции установлено:
A60: а) Сопроводительные документы: | E60: соответствует
A61: (соответствуют/не соответствуют)
A62: б) Комплектность (в т.ч. ЗИП): | D62: соответствует
A63: (соответствует/не соответствует)
A64: в) Целостность и сохранность упаковки: | E64: соответствует
A65: (соответствует/не соответствует)
A66: г) Выполнение консервации: | D66: соответствует
A67: (соответствует/не соответствует)
A68: д) Наличие ЗАК/протокола КДО: | D68: -
A69: (номер ЗАК или протокола КДО и дата выдачм/отсутствует)
A70: Проверенная продукция для последующего применения признана: | H70: пригодной
A71: (пригодной/непригодной)
A72: и допущена к применению при строительно-монтажных работах на объекте____________________________________________________________
A73: (допущена/не допущена) (указать последующее действие с пригодной продукцией)
A75: Продукция признана непригодной по следующим причинам:
A76: ­
A77: (указать причины отбраковки, документальные результаты контроля, протоколы испытания и прочие документы)
A80: непригодная продукия подлежит: | D80: -
A81: (указать последующее действие с непригодной продукцией)
A82: Председатель:
A83: =C22 -> Главный энергетик ООО "Энергосистемы" Фечин А.А.
A84: (должность, организация, подпись, фамилия, имя, отчество)
A85: Члены комиссии:
A86: =C26 -> Прораб ООО "Энергосистемы" Волков М.Ю.
A87: (должность, организация, подпись, фамилия, имя, отчество)
A88: =C28 -> Инженер-электрик ООО "Энергосистемы" Высоцкий А.В.
A89: (должность, организация, подпись, фамилия, имя, отчество)
A90: Присутствующие:
A91: =C30 -> Гл. специалист ССК УКС ПАО "Россети Московский регион" Алексанян Г.Р.
A92: (должность, организация, фамилия, имя, отчество)
A93: Особые отметки:

Sheet арм. 10
K1: Приложение 1
K3: Приложение 48 к приказу от 19.12.2019 № 1414
F5: ФОРМА
I6: ГОДЕН
I7: (результат контроля продукции)
A8: Объект строительства:
A9: ='Провод СИП 3'!A9:L9 -> Строительство ТП-10/0,4 кВ, ВЛЗ-10 кВ от ВЛЗ-10 кВ ф. «Кочугино» ПС №185 "Воробьево", ВЛИ-0,38 кВ, рлр, в т.ч. ПИР, МО, Солнечногорский р-н, г. Солнечногорск
A11: Заказчик строительства: Филиал ПАО «Россети Московский регион» - Северные электрические сети
A13: АКТ № 16/ | G13: ='Провод СИП 3'!G13 -> SAP - 288007
A14: входного контроля
A16: ='Провод СИП 3'!A16 -> 141533,Российская Федерация, г.о.Солнечногорск | K16: ='Провод СИП 3'!K16:L16 -> 25.09.2024
A17: (место проведения) | K17: (дата)
A19: Нами, комиссией | C19: ='Провод СИП 3'!C19:G19 -> ООО "Энергосистемы" | H19: ='Данные объект'!B43 -> по приказу №05-ОТ/24 от 09 января 2023г. в составе:
C20: (организация, от которой сформирована комиссия)
A22: Председателя: . | C22: ='Данные объект'!C45 -> Главный энергетик ООО "Энергосистемы" Фечин А.А.
A23: (должность, организация, фамилия, имя, отчество)
A25: и членов комиссии:
C26: ='Данные объект'!C47 -> Прораб ООО "Энергосистемы" Волков М.Ю.
A27: (должность, организация, фамилия, имя, отчество)
C28: ='Данные объект'!C49 -> Инженер-электрик ООО "Энергосистемы" Высоцкий А.В.
A29: (должность, организация, фамилия, имя, отчество)
C30: ='Данные объект'!B32 -> Гл. специалист ССК УКС ПАО "Россети Московский регион" Алексанян Г.Р.
A31: (должность, организация, фамилия, имя, отчество)
A32: руководствуясь, | C32: ='Данные объект'!B51 -> методическими указаниями ПАО "Россети Московский регион" (утв. Приказом от 14.11.2024 г. № 1254)
A33: (документ, устанавливающий требевания по организации и проведению входного контроля продукции)
A34: составила настоящий акт о выполненном входном контроле продукции для строительства.
A36: 1. К входному контролю представлена следующая продукция:
A37: Сталь круглая Ø10
A38: (наименование продукции)
A39: 1.1. Наименование, номер документа, удостоверяющего качество и НТД на продукцию: | K39: ООО "УГМК-Сталь"
K40: (изготовитель,
A41: Сертификат качества №2020647172 | H41: НТД | I41: ГОСТ 2590-88
A42: № документа и дата, № партии, дата изготовления) (ГОСТ, ТУ, чертеж КМД)
A43: 1.2. Кол-во: | C43: 18 м | E43: Кол-во партии: | G43: -
A44: (штуки, объем, вес в ед. изм.) (штуки, объем, вес в ед. изм.)
A45: 1.3. Поставщик: | C45: ООО "Метал Сталь" | F45: Договор | G45: №2911/22-1
A46: (наименование организации) (реквизиты договора на поставку)
A47: 2. Подготовка продукции к контролю по НТД: | F47: выполнена
A48: (выполнена/не выполнена)
A49: 3. При входном контроле проведены следующие контрольные мероприятия:
A51: Количество, масса, объем проверенной продукции (в ед. изм.) | E51: Вид контроля (НТД) и дата сдачи образцов (проб) на контроль | G51: Приборы контроля | I51: № прибора и дата поверки прибора | K51: № и дата протокола контроля | L51: Заключение по контролю (годен/не годен)
A53: Визуальным осмотром | C53: Инструментальными и приборными методами
A56: 1 | C56: 2 | E56: 3 | G56: 4 | I56: 5 | K56: 6 | L56: 7
A57: =C43 -> 18 м | C57: - | E57: Визуальный | G57: - | I57: - | K57: - | L57: годен
A59: 4. В результате проведенного входного контроля представленной продукции установлено:
A60: а) Сопроводительные документы: | E60: соответствует
A61: (соответствуют/не соответствуют)
A62: б) Комплектность (в т.ч. ЗИП): | D62: соответствует
A63: (соответствует/не соответствует)
A64: в) Целостность и сохранность упаковки: | E64: соответствует
A65: (соответствует/не соответствует)
A66: г) Выполнение консервации: | D66: соответствует
A67: (соответствует/не соответствует)
A68: д) Наличие ЗАК/протокола КДО: | D68: -
A69: (номер ЗАК или протокола КДО и дата выдачм/отсутствует)
A70: Проверенная продукция для последующего применения признана: | H70: пригодной
A71: (пригодной/непригодной)
A72: и допущена к применению при строительно-монтажных работах на объекте____________________________________________________________
A73: (допущена/не допущена) (указать последующее действие с пригодной продукцией)
A75: Продукция признана непригодной по следующим причинам:
A76: ­
A77: (указать причины отбраковки, документальные результаты контроля, протоколы испытания и прочие документы)
A80: непригодная продукия подлежит: | D80: -
A81: (указать последующее действие с непригодной продукцией)
A82: Председатель:
A83: =C22 -> Главный энергетик ООО "Энергосистемы" Фечин А.А.
A84: (должность, организация, подпись, фамилия, имя, отчество)
A85: Члены комиссии:
A86: =C26 -> Прораб ООО "Энергосистемы" Волков М.Ю.
A87: (должность, организация, подпись, фамилия, имя, отчество)
