Workbook
Name Print_Area: 'АОСР-1'!$A$1:$AJ$118
Name Print_Area: 'АОСР-2'!$A$1:$AJ$119
Name Print_Area: 'АОСР-3'!$A$1:$AJ$116
Name Print_Area: 'АОСР-4'!$A$1:$AJ$116
Name Print_Area: 'АОСР-5'!$A$1:$AJ$115
Name Print_Area: 'АОСР-6'!$A$1:$AJ$117
Name Print_Area: 'АОСР-7'!$A$1:$AJ$116
Name Print_Area: 'АОСР-шурф'!$A$1:$AJ$115

Sheet данные строй
A2: Стойка железобетонная | B2: Самонесущий изолированный повод | C2: Монтаж воздушной линии
A3: СВ 95-3 | B3: СИП-3 1х50 | C3: ВЛ-10кВ
A4: СВ 110-5 | B4: СИП-3 1х70 | C4: ВЛ-6кВ
B5: СИП-2 3х50+1х50 | C5: ВЛ-0,4кВ
B6: СИП-2 3х70+1х70
B7: СИП-2 3х95+1х95
B8: СИП-2 3х120+1х120
B9: СИП-2 3х95+1х120
B10: СИП-4 4х16
B11: СИП-3 1х95
B12: СИП-4 2х16
B13: СИП-2 3х35+1х35

Sheet Данные организации
A1: организация | C1: ООО "Энергосистемы" | D1: ООО «Гефест» | E1: ООО "Энком" | G1: ПАО "Россети Московский регион"
A2: реквизиты | C2: ОГРН 1135044003709 ИНН 5044089069 КПП 504401001 | D2: ОГРН 1215000057238 ИНН 5044122213 КПП 504401001 | E2: ОГРН 1077762950055 ИНН 7743668640 КПП 770801001 | G2: ОГРН 1057746555811 ИНН 5036065113 КПП 772501001
A3: адрес | C3: 141508, Московская область, г.о. Солнечногорск, г. Солнечногорск, ул. Промышленная, стр. 5, помещение 179 | D3: 141508, Московская область, г.о. Солнечногорск, г Солнечногорск, ул Промышленная, строение 29А, корпус 1, офис 11 | E3: 107140, г.Москва, ул. Краснопрудная, д. 12/1, стр. 1, помещ. 1/6 | G3: 115114, город Москва, проезд Павелецкий 2-й, дом 3, строение 2
A4: район | G4: Солнечногорский р-н | I4: Химкинский р-н
G5: СРЭС филиала | I5: ХРЭС филиала
A6: директор | C6: И.о.генерального директора | D6: Генеральный директор | E6: Генеральный директор | G6: Начальник СРЭС СЭС филиала | I6: Начальник ХРЭС СЭС филиала
A7: директор ФИО | C7: Чернявская Н.Ю. | D7: Звездов Р.Е. | E7: Дандре Г.А. | G7: Чуев А.Н. | I7: Арнаутов А.П.
A8: Строй.контроль | B8: Инженер по строительному контролю | C8: Инженер по строительному контролю | D8: Специалист по строительному контролю | E8: Специалист по строительному контролю | G8: Гл. специалист ССК УКС | H8: Гл. специалист ССК УКС | I8: Гл. специалист ССК УКС
A9: Приказ стр.контр. | B9: Приказ № 13-ОТ/25 от 05 мая 2025 (НОСТРОЙ С-50-085497) | C9: Приказ № 18-ОТ/24 от 03 июня 2024 (НОСТРОЙ С-50-188017) | D9: Приказ №01/24-ОТ от 15.01.2024 (НРС № С-61-104369) | E9: НРС № С-77-286715 | G9: Приказ № от 2026г (НРС С-31-330248) | H9: Приказ №53 от 13 марта 2025г. (НРС С-50-77-262451) | I9: Приказ №1904 от 03 июня 2026г (НРС С-50-069023)
A10: ФИО стр.контр. | B10: Русин В.А. | C10: Капитонов Д.А. | D10: Саженова Л.В. | E10: Филлипов А.Ю. | G10: Курчин М.М. | H10: Шатковский А.Н. | I10: Алексанян Г.Р.
A11: Представитель | G11: Мастер СРЭС СЭС филиала | I11: -
A12: ФИО предст. | G12: Курчин М.М. | I12: -
A18: Прораб | C18: Прораб | D18: Мастер электромонтажного участка | E18: Главный инженер
A19: Приказ прораб | C19: Приказ №05-ОТ/24 от 09 января 2024г | D19: Приказ №01/24-ОТ от 15.01.2024 | E19: Приказ № ОТ-25 от 12.01.2024
A20: ФИО прораб | C20: Волков М.Ю. | D20: Красилов К.А. | E20: Горбан Г.К.
A23: сцепленные организация | C23: =CONCATENATE(C2,",",C3) -> ОГРН 1135044003709 ИНН 5044089069 КПП 504401001,141508, Московская область, г.о. Солнечногорск, г. Солнечногорск, ул. Промышленная, стр. 5, помещение 179 | D23: =CONCATENATE(D2,",",D3) -> ОГРН 1215000057238 ИНН 5044122213 КПП 504401001,141508, Московская область, г.о. Солнечногорск, г Солнечногорск, ул Промышленная, строение 29А, корпус 1, офис 11 | G23: =CONCATENATE(G8," ",G1,"-",G10," .",G9) -> Гл. специалист ССК УКС ПАО "Россети Московский регион"-Курчин М.М. .Приказ № от 2026г (НРС С-31-330248) | H23: =CONCATENATE(H8," ",G1,"-",H10,".",H9) -> Гл. специалист ССК УКС ПАО "Россети Московский регион"-Шатковский А.Н..Приказ №53 от 13 марта 2025г. (НРС С-50-77-262451) | I23: =CONCATENATE(I8," ",G1,"-",I10," .",I9) -> Гл. специалист ССК УКС ПАО "Россети Московский регион"-Алексанян Г.Р. .Приказ №1904 от 03 июня 2026г (НРС С-50-069023)
A24: сцепленные организация | C24: =CONCATENATE(C1,",",C2,",",C3) -> ООО "Энергосистемы",ОГРН 1135044003709 ИНН 5044089069 КПП 504401001,141508, Московская область, г.о. Солнечногорск, г. Солнечногорск, ул. Промышленная, стр. 5, помещение 179 | D24: =CONCATENATE(D1,",",D2,",",D3) -> ООО «Гефест»,ОГРН 1215000057238 ИНН 5044122213 КПП 504401001,141508, Московская область, г.о. Солнечногорск, г Солнечногорск, ул Промышленная, строение 29А, корпус 1, офис 11 | G24: =CONCATENATE(G8," ",G1,"-",G10) -> Гл. специалист ССК УКС ПАО "Россети Московский регион"-Курчин М.М. | H24: =CONCATENATE(H8," ",G1,"-",H10) -> Гл. специалист ССК УКС ПАО "Россети Московский регион"-Шатковский А.Н. | I24: =CONCATENATE(I8," ",G1,"-",I10) -> Гл. специалист ССК УКС ПАО "Россети Московский регион"-Алексанян Г.Р.
C25: =CONCATENATE(C8," ",C1,"-",C10,".",C9) -> Инженер по строительному контролю ООО "Энергосистемы"-Капитонов Д.А..Приказ № 18-ОТ/24 от 03 июня 2024 (НОСТРОЙ С-50-188017) | D25: =CONCATENATE(D8," ",D1,"-",D10,".",D9) -> Специалист по строительному контролю ООО «Гефест»-Саженова Л.В..Приказ №01/24-ОТ от 15.01.2024 (НРС № С-61-104369) | G25: =CONCATENATE(G8," ",G1) -> Гл. специалист ССК УКС ПАО "Россети Московский регион" | H25: =CONCATENATE(H8," ",G1) -> Гл. специалист ССК УКС ПАО "Россети Московский регион" | I25: =CONCATENATE(I8," ",G1) -> Гл. специалист ССК УКС ПАО "Россети Московский регион"
C26: =CONCATENATE(C8," ",C1) -> Инженер по строительному контролю ООО "Энергосистемы" | D26: =CONCATENATE(D8," ",D1) -> Специалист по строительному контролю ООО «Гефест» | G26: =CONCATENATE(G6," ",G1," ",G7) -> Начальник СРЭС СЭС филиала ПАО "Россети Московский регион" Чуев А.Н. | I26: =CONCATENATE(I6," ",G1," ",I7) -> Начальник ХРЭС СЭС филиала ПАО "Россети Московский регион" Арнаутов А.П.
C27: =CONCATENATE(C18," ",C1,"-",C20,".",C19) -> Прораб ООО "Энергосистемы"-Волков М.Ю..Приказ №05-ОТ/24 от 09 января 2024г | D27: =CONCATENATE(D18," ",D1,"-",D20,".",D19) -> Мастер электромонтажного участка ООО «Гефест»-Красилов К.А..Приказ №01/24-ОТ от 15.01.2024 | G27: =CONCATENATE(G14," ",G1," ",G15) -> ПАО "Россети Московский регион" | I27: =CONCATENATE(I14," ",G1," ",I15) -> ПАО "Россети Московский регион"
C28: =CONCATENATE(C18," ",C1," ",C20) -> Прораб ООО "Энергосистемы" Волков М.Ю. | D28: =CONCATENATE(D18," ",D1,"-",D20) -> Мастер электромонтажного участка ООО «Гефест»-Красилов К.А. | G28: =CONCATENATE(G16," ",G1," ",G17) -> ПАО "Россети Московский регион"
C29: =CONCATENATE(C18," ",C1) -> Прораб ООО "Энергосистемы" | D29: =CONCATENATE(D18," ",D1) -> Мастер электромонтажного участка ООО «Гефест»

Sheet Данные объект
A1: Данные объекта
A2: № САП | B2: SAP - 331208
A3: Объект | B3: Строительство ВЛИ-0,38 кВ от ВЛИ-0,38 кВ от ТП-10/0,4кВ №2719, ПС №329 "Осиновка", в т.ч. ПИР, МО, Солнечногорский р-н, с.п. Кривцовское, в р-не д. Шапкино, СНТ "Костино", уч. 130
A4: р-н | B4: Солнечногорский р-н
A5: Адрес | B5: МО, Солнечногорский р-н, с.п. Кривцовское, в р-не д. Шапкино, СНТ "Костино", уч. 130
A6: Дата старт | B6: 45833
A7: Дата финиш | B7: 45833
A8: Наименование электроустановки
A9: ВРЩ | B9: ВЛ-0,4 кВ ф.4 от КТП-2719
A10: Монтажная организация
A11: Организация | B11: ООО «Гефест» | C11: =CONCATENATE(B11," ",B12," ",B13) -> ООО «Гефест» ОГРН 1215000057238 ИНН 5044122213 КПП 504401001 141508, Московская область, г.о. Солнечногорск, г Солнечногорск, ул Промышленная, строение 29А, корпус 1, офис 11
A12: Реквизиты | B12: ОГРН 1215000057238 ИНН 5044122213 КПП 504401001
A13: адрес | B13: 141508, Московская область, г.о. Солнечногорск, г Солнечногорск, ул Промышленная, строение 29А, корпус 1, офис 11
A14: Должность | B14: Генеральный директор
A15: ФИО | B15: Звездов Р.Е. | C15: =CONCATENATE(B14," ",B11," ",B15) -> Генеральный директор ООО «Гефест» Звездов Р.Е.
A16: Должность | B16: Инженер по строительному контролю | C16: =CONCATENATE(B16," ",B11) -> Инженер по строительному контролю ООО «Гефест»
A17: Ф.И.О. | B17: Саженова Л.В. | C17: =CONCATENATE(B16," ",B11," ",B17) -> Инженер по строительному контролю ООО «Гефест» Саженова Л.В.
A18: Приказ | B18: Приказ №01/24-ОТ от 15.01.2024 (НРС № С-61-104369) | C18: =CONCATENATE(B16," ",B11," ",B17,".",B18) -> Инженер по строительному контролю ООО «Гефест» Саженова Л.В..Приказ №01/24-ОТ от 15.01.2024 (НРС № С-61-104369)
A19: Должность | B19: Мастер электромонтажного участка | C19: =CONCATENATE(B19," ",B11) -> Мастер электромонтажного участка ООО «Гефест»
A20: Ф.И.О. | B20: Красилов К.А. | C20: =CONCATENATE(B19," ",B11," ",B20) -> Мастер электромонтажного участка ООО «Гефест» Красилов К.А.
A21: Приказ | B21: Приказ №01/24-ОТ от 15.01.2024 | C21: =CONCATENATE(B19," ",B11," ",B20,".",B21) -> Мастер электромонтажного участка ООО «Гефест» Красилов К.А..Приказ №01/24-ОТ от 15.01.2024
A22: Заказчик
A23: Организация | B23: ПАО "Россети Московский регион" | C23: =CONCATENATE(B23," ",B24,",",B25) -> ПАО "Россети Московский регион" ОГРН 1057746555811 ИНН 5036065113 КПП 772501001,115114, город Москва, проезд Павелецкий 2-й, дом 3, строение 2
A24: Реквизиты | B24: ОГРН 1057746555811 ИНН 5036065113 КПП 772501001
A25: адрес | B25: 115114, город Москва, проезд Павелецкий 2-й, дом 3, строение 2
A26: Должность | B26: Начальник СРЭС СЭС филиала | C26: =CONCATENATE(B26," ",B23) -> Начальник СРЭС СЭС филиала ПАО "Россети Московский регион"
A27: Ф.И.О. | B27: Чуев А.Н. | C27: =CONCATENATE(B26," ",B23," ",B27) -> Начальник СРЭС СЭС филиала ПАО "Россети Московский регион" Чуев А.Н.
A28: Должность | B28: Гл. спец. сектора по льготным договорам тп | C28: =CONCATENATE(B28," ",B23) -> Гл. спец. сектора по льготным договорам тп ПАО "Россети Московский регион"
A29: Ф.И.О. | B29: Ефремкин Е.И. | C29: =CONCATENATE(B28," ",B23," ",B29) -> Гл. спец. сектора по льготным договорам тп ПАО "Россети Московский регион" Ефремкин Е.И.
A30: Должность | B30: Гл. специалист ПТГ | C30: =CONCATENATE(B30," ",B23) -> Гл. специалист ПТГ ПАО "Россети Московский регион"
A31: Ф.И.О. | B31: Царькова Н.К. | C31: =CONCATENATE(B30," ",B23," ",B31) -> Гл. специалист ПТГ ПАО "Россети Московский регион" Царькова Н.К.
A32: Должность | B32: Гл. специалист ССК УКС | C32: =CONCATENATE(B32," ",B23) -> Гл. специалист ССК УКС ПАО "Россети Московский регион"
A33: Ф.И.О. | B33: Алексанян Г.Р. | C33: =CONCATENATE(B32," ",B23," ",B33) -> Гл. специалист ССК УКС ПАО "Россети Московский регион" Алексанян Г.Р.
A34: Приказ | B34: Приказ №2363 от 29 апреля 2025г. (НОСТРОЙ С-50-15922) | C34: =CONCATENATE(B32," ",B23," ",B33,", ",B34) -> Гл. специалист ССК УКС ПАО "Россети Московский регион" Алексанян Г.Р., Приказ №2363 от 29 апреля 2025г. (НОСТРОЙ С-50-15922)
A35: Должность | B35: Мастер СРЭС СЭС филиала | C35: =CONCATENATE(B35," ",B23) -> Мастер СРЭС СЭС филиала ПАО "Россети Московский регион"
A36: Ф.И.О. | B36: Курчин М.М. | C36: =CONCATENATE(B35," ",B23," ",B36) -> Мастер СРЭС СЭС филиала ПАО "Россети Московский регион" Курчин М.М.
A37: Приказ | C37: =CONCATENATE(B35," ",B23," ",B36,", ",B37) -> Мастер СРЭС СЭС филиала ПАО "Россети Московский регион" Курчин М.М.,
A38: Проект
A39: Организация | B39: ООО «Гефест»
A40: Реквизиты | B40: ОГРН 1215000057238 ИНН 5044122213 КПП 504401001
A41: адрес | B41: 141508, Московская область, г.о. Солнечногорск, г Солнечногорск, ул Промышленная, строение 29А, корпус 1, офис 11
A42: Город | B42: г. Солнечногорск
A43: № | B43: 5019-331208-292-12/24
A44: Название | B44: =B3 -> Строительство ВЛИ-0,38 кВ от ВЛИ-0,38 кВ от ТП-10/0,4кВ №2719, ПС №329 "Осиновка", в т.ч. ПИР, МО, Солнечногорский р-н, с.п. Кривцовское, в р-не д. Шапкино, СНТ "Костино", уч. 130
C45: Приказы Жижкевича и Хлебнова:
C49: №4516 от 28.12.2024
C50: №3560 от 24.10.2024
C51: №263 от 31.01.2024
C52: №2041 от 26.06.2023
C53: №1755 от 07.06.2023

Sheet АОСР-1
AJ1: Приказ Минстроя №344/пр от 16.05.2023
AJ2: приложение №3
A3: Объект капитального строительства
A4: ='Данные объект'!B3 -> Строительство ВЛИ-0,38 кВ от ВЛИ-0,38 кВ от ТП-10/0,4кВ №2719, ПС №329 "Осиновка", в т.ч. ПИР, МО, Солнечногорский р-н, с.п. Кривцовское, в р-не д. Шапкино, СНТ "Костино", уч. 130
A5: ='Данные объект'!B9 -> ВЛ-0,4 кВ ф.4 от КТП-2719
A6: (наименование объекта капитального строительства в соответствии с проектной документацией, почтовый или строительный адрес объекта капитального строительства)
A7: Застройщик, технический заказчик, лицо, ответственное за эксплуатацию здания, сооружения, или региональный оператор
A9: ='Данные объект'!B23 -> ПАО "Россети Московский регион"
A10: (фамилия, имя, отчество (последнее - при наличии), адрес места жительства, ОРГНИП, ИНН индивидуального предпринимателя, полное и (или) сокращенное наименование, ОГРН, ИНН, адрес юридического лица в пределах его нахождения, телефон или факс,
A11: ='Данные объект'!B24 -> ОГРН 1057746555811 ИНН 5036065113 КПП 772501001
A12: полное и (или) сокращенное наименование, ОГРН, ИНН саморегулируемой организации, членом которой является указанное юридическое лицо или индивидуальный предприниматель (за исключением случаев, когда членство в саморегулируемых организациях в области, строительства, реконструкции, капитального ремонта объектов капитального строительства не требуется); фамилия, имя, отчество
A13: ='Данные объект'!B25 -> 115114, город Москва, проезд Павелецкий 2-й, дом 3, строение 2
A14: (последнее - при наличии), паспортные данные, адрес места жительства, телефон или факс - для физических лиц, не являющихся индивидуальными предпринимателями)
A15: Лицо, осуществляющее строительство, реконструкцию, капитальный ремонт
A16: ='Данные объект'!B11 -> ООО «Гефест»
A17: (фамилия, имя, отчество (последнее - при наличии), адрес места жительства, ОРГНИП, ИНН индивидуального предпринимателя,
A18: ='Данные объект'!B12 -> ОГРН 1215000057238 ИНН 5044122213 КПП 504401001
A19: полное и (или) сокращенное наименование, ОГРН, ИНН, адрес юридического лица в пределах его местонахождения, телефон или факс,
A20: ='Данные объект'!B13 -> 141508, Московская область, г.о. Солнечногорск, г Солнечногорск, ул Промышленная, строение 29А, корпус 1, офис 11
A21: полное и (или) сокращенное наименование, ОГРН, ИНН саморегулируемой организации, членом которой является указанное юридическое лицо или индивидуальный предприниматель (за исключением случаев, когда членство в саморегулируемых организациях в области строительства, реконструкции, капитального ремонта объектов капитального строительства не требуется)
A22: Лицо, осуществляющее подготовку проектной документации
A23: ='Данные объект'!B39 -> ООО «Гефест»
A24: (фамилия, имя, отчество (последнее - при наличии), адрес места жительства, ОРГНИП, ИНН индивидуального предпринимателя,
A25: ='Данные объект'!B12 -> ОГРН 1215000057238 ИНН 5044122213 КПП 504401001
A26: полное и (или) сокращенное наименование, ОГРН, ИНН, адрес юридического лица в пределах его места нахождения, телефон или факс,
A27: ='Данные объект'!B13 -> 141508, Московская область, г.о. Солнечногорск, г Солнечногорск, ул Промышленная, строение 29А, корпус 1, офис 11
A28: полное и (или) сокращенное наименование, ОГРН, ИНН саморегулируемой организации, членом которой является указанное юридическое лицо или индивидуальный предприниматель (за исключением случаев, когда членство в саморегулируемых организациях в области архитектурно-строительного проектирования не требуется)
A30: АКТ
A31: освидетельствования скрытых работ
B33: № | C33: 1 | E33: /ВЛЗ | AB33: =P79 -> 45833
AC34: (дата составления акта)
A36: Представитель застройщика, технического заказчика, лица, ответственного за эксплуатацию здания, сооружения, или регионального оператора по вопросам строительного контроля
A37: ='Данные объект'!C34 -> Гл. специалист ССК УКС ПАО "Россети Московский регион" Алексанян Г.Р., Приказ №2363 от 29 апреля 2025г. (НОСТРОЙ С-50-15922)
A38: (должность (при наличии), фамилия, инициалы, идентификационный номер в национальном реестре специалистов в области строительства (за исключением случаев, когда членство в саморегулируемых организациях в области строительства, реконструкции, капитального ремонта обектов капитального строительства не требуется), реквизиты распорядительного документа, подтверждающего полномочия,
A39: ='Данные объект'!C23 -> ПАО "Россети Московский регион" ОГРН 1057746555811 ИНН 5036065113 КПП 772501001,115114, город Москва, проезд Павелецкий 2-й, дом 3, строение 2
A40: с указанием полного и (или) сокращенного наименования, ОГРН, ИНН, адреса юридического лица в пределах его места нахождения (в случае осуществления строительного контроля на основании договора с застройщиком или техническим заказчиком), фамилии, имени, отчества (последнее - при наличии), адреса места жительства, ОГРНИП, ИНН индивиуального предпринимателя (в случае осуществления строительного контроля на основании договора с застройщиком или техническим заказчиком)
A41: Представитель лица, осуществляющего строительство, реконструкцию, капитальный ремонт
A42: ='Данные объект'!C21 -> Мастер электромонтажного участка ООО «Гефест» Красилов К.А..Приказ №01/24-ОТ от 15.01.2024
A43: (должность (при наличии), фамилия, инициалы, реквизиты распорядительного документа, подтверждающего полномочия)
A44: Представитель лица, осуществляющего строительство, реконструкцию, капитальный ремонт, по вопросам строительного контроля
A45: ='Данные объект'!C18 -> Инженер по строительному контролю ООО «Гефест» Саженова Л.В..Приказ №01/24-ОТ от 15.01.2024 (НРС № С-61-104369)
A46: (должность (при наличии), фамилия, инициалы, идентификационный номер в национальном реестре специалистов в области строительства (за исключением случаев, когда членство в саморегулируемых организациях в области строительства, реконструкции, капитального ремонта обектов капитального строительства не требуется), реквизиты распоряительного документа, подтверждающего полномочия)
A47: А также иные представители лиц, участвующих в освидетельствовании:
A48: ='Данные объект'!$C$36 -> Мастер СРЭС СЭС филиала ПАО "Россети Московский регион" Курчин М.М.
A49: (должность (при наличии), фамилия, инициалы, реквизиты распорядительного документа, подтверждающего полномочия)
A50: Представитель лица, осуществляющего подготовку проектной документации (в случае привлечения застройщиком лица, осуществляющего подготовку проектной документации, для проверки соответствия выполняемых работ проектной документации согласно части 2 статьи 53 Градостроительного кодекса Российской Федерации)
A52: (должность (при наличии), фамилия, инициалы, реквизиты распорядительного документа, подтверждающего полномочия, с указанием полного и (или) сокращенного наименования, ОГРН, ИНН, адреса юридического лица в пределах его места нахождения, фамилии, имени, отчества (последнее - при наличии), адреса места жительства, ОГРНИП, ИНН индивиуального предпринимателя)
A53: Представитель лица, выполнившего работы, подлежащие освидетельствованию (в случае выполнения работ по договорам о строительстве, реконcтрукции, капитальном ремонте объектов капитального строительства, заключенным с иными лицами)
A55: (должность (при наличии), фамилия, инициалы, реквизиты распорядительного документа, подтверждающего полномочия,
A57: с указанием полного и (или) сокращенного наименования, ОГРН, ИНН, адреса юридического лица в пределах его места нахождения, фамилии, имени, отчества (последнее - при наличии), адреса места жительства, ОРГНИП, ИНН индивидуального предпринимателя)
A58: произвели осмотр работ, выполненных
A59: ='Данные объект'!B11 -> ООО «Гефест»
A60: (полное и (или) сокращенное наименование или фамилия, имя, отчество (последнее - при наличии) лица, выполнившего работы, подлежащие освидетельствованию)
A61: и составили настоящий акт о нижеследующем:
A62: 1. К освидетельствованию предъявлены следующие работы:
A63: Бурение скважины под монтаж опор | O63: =A5 -> ВЛ-0,4 кВ ф.4 от КТП-2719 | X63: оп.№
A64: (наименование скрытых работ)
A65: 2. Работы выполнены по проектной документации
A66: ='Данные объект'!B43 -> 5019-331208-292-12/24
A67: (номер, другие реквизиты чертежа, наименование проектной и/или рабочей документации, сведения о лицах, осуществляющих подготовку раздела проектной и/или рабочей документации)
A68: 3. При выполнении работ применены | P68: -
P69: (наименования строительных материалов (изделий),
A71: реквизиты сертификатов и (или) других документов, подтверждающих их качество и безопасность, в случае если необходимо указывать более 5 документов, указывается ссылка на их реестр, который является неотъемлемой частью акта)
A72: 4. Предъявлены документы, подтверждающие соответствие работ предъявляемым к ним
A73: требованиям: | G73: Исполнительная схема устройства опор
G74: (исполнительные схемы и чертежи, результаты экспертиз, обследований, лабораторных
A76: и иных испытаний выполненных работ, проведенных в процессе строительного контроля)
A78: 5. Даты: начала работ | P78: ='Данные объект'!B6 -> 45833 | X78: г.
A79: окончания работ | P79: ='Данные объект'!B7 -> 45833 | X79: г.
A81: 6. Работы выполнены в соответствии с
A82: Электромонтажные работы выполнены по проектной документации согласно требованиям СП 76.13330.2016 и ПУЭ
A83: (наименования и структурные единицы технических регламентов,
A85: иных нормативных правовых актов, разделы проектной и (или) рабочей документации)
A86: 7. Разрешается производство последующих работ
A87: Монтаж опор
A88: (наименование работ, строительных конструкций, участков сетей инженерно-технического обеспечения)
A89: Дополнительные сведения
A91: Акт составлен в | J91: экземплярах (в случае заполнения акта на бумажном носителе).
A93: Приложения:
A94: 1. | B94: =G73 -> Исполнительная схема устройства опор | R94: - | S94: 1 лист
A95: 2. | B95: =U73 -> 0 | R95: - | S95: 1 лист
A96: 3. | B96: =A75 -> 0 | R96: - | S96: 1 лист
A97: (исполнительные схемы и чертежи, результаты экспертиз, обследований, лабораторных и иных испытаний)
A99: Представитель застройщика, технического заказчика, лица, ответственного за эксплуатацию
A100: здания, сооружения, или регионального оператора по вопросам строительного контроля
A101: ='Данные объект'!B33 -> Алексанян Г.Р.
A102: (фамилия, инициалы) | AB102: (подпись)
A103: Представитель лица, осуществляющего строительство, реконструкцию, капитальный ремонт
A104: ='Данные объект'!B20 -> Красилов К.А.
A105: (фамилия, инициалы) | AB105: (подпись)
A106: Представитель лица, осуществляющего строительство, реконструкцию, капитальный ремонт,
A107: по вопросам строительного контроля
A108: ='Данные объект'!B17 -> Саженова Л.В.
A109: (фамилия, инициалы) | AB109: (подпись)
A110: Представители иных лиц:
A111: ='Данные объект'!$B$36 -> Курчин М.М.
A112: (фамилия, инициалы) | AB112: (подпись)
A113: Представитель лица, осуществляющего подготовку проектной документации (в случае привлечения застройщиком лица, осуществляющего подготовку проектной документации, для проверки соответствия выполняемых работ проектной документации согласно части 2 статьи 53 Градостроительного кодекса Российской Федерации)
A114: - | AB114: -
A115: (фамилия, инициалы) | AB115: (подпись)
...

Sheet АОСР-2
AJ1: Приказ Минстроя №344/пр от 16.05.2023
AJ2: приложение №3
A3: Объект капитального строительства
A4: ='Данные объект'!B3 -> Строительство ВЛИ-0,38 кВ от ВЛИ-0,38 кВ от ТП-10/0,4кВ №2719, ПС №329 "Осиновка", в т.ч. ПИР, МО, Солнечногорский р-н, с.п. Кривцовское, в р-не д. Шапкино, СНТ "Костино", уч. 130
A5: ='Данные объект'!B9 -> ВЛ-0,4 кВ ф.4 от КТП-2719
A6: (наименование объекта капитального строительства в соответствии с проектной документацией, почтовый или строительный адрес объекта капитального строительства)
A7: Застройщик, технический заказчик, лицо, ответственное за эксплуатацию здания, сооружения, или региональный оператор
A9: ='Данные объект'!B23 -> ПАО "Россети Московский регион"
A10: (фамилия, имя, отчество (последнее - при наличии), адрес места жительства, ОРГНИП, ИНН индивидуального предпринимателя, полное и (или) сокращенное наименование, ОГРН, ИНН, адрес юридического лица в пределах его нахождения, телефон или факс,
A11: ='Данные объект'!B24 -> ОГРН 1057746555811 ИНН 5036065113 КПП 772501001
A12: полное и (или) сокращенное наименование, ОГРН, ИНН саморегулируемой организации, членом которой является указанное юридическое лицо или индивидуальный предприниматель (за исключением случаев, когда членство в саморегулируемых организациях в области, строительства, реконструкции, капитального ремонта объектов капитального строительства не требуется); фамилия, имя, отчество
A13: ='Данные объект'!B25 -> 115114, город Москва, проезд Павелецкий 2-й, дом 3, строение 2
A14: (последнее - при наличии), паспортные данные, адрес места жительства, телефон или факс - для физических лиц, не являющихся индивидуальными предпринимателями)
A15: Лицо, осуществляющее строительство, реконструкцию, капитальный ремонт
A16: ='Данные объект'!B11 -> ООО «Гефест»
A17: (фамилия, имя, отчество (последнее - при наличии), адрес места жительства, ОРГНИП, ИНН индивидуального предпринимателя,
A18: ='Данные объект'!B12 -> ОГРН 1215000057238 ИНН 5044122213 КПП 504401001
A19: полное и (или) сокращенное наименование, ОГРН, ИНН, адрес юридического лица в пределах его местонахождения, телефон или факс,
A20: ='Данные объект'!B13 -> 141508, Московская область, г.о. Солнечногорск, г Солнечногорск, ул Промышленная, строение 29А, корпус 1, офис 11
A21: полное и (или) сокращенное наименование, ОГРН, ИНН саморегулируемой организации, членом которой является указанное юридическое лицо или индивидуальный предприниматель (за исключением случаев, когда членство в саморегулируемых организациях в области строительства, реконструкции, капитального ремонта объектов капитального строительства не требуется)
A22: Лицо, осуществляющее подготовку проектной документации
A23: ='Данные объект'!B39 -> ООО «Гефест»
A24: (фамилия, имя, отчество (последнее - при наличии), адрес места жительства, ОРГНИП, ИНН индивидуального предпринимателя,
A25: ='Данные объект'!B12 -> ОГРН 1215000057238 ИНН 5044122213 КПП 504401001
A26: полное и (или) сокращенное наименование, ОГРН, ИНН, адрес юридического лица в пределах его места нахождения, телефон или факс,
A27: ='Данные объект'!B13 -> 141508, Московская область, г.о. Солнечногорск, г Солнечногорск, ул Промышленная, строение 29А, корпус 1, офис 11
A28: полное и (или) сокращенное наименование, ОГРН, ИНН саморегулируемой организации, членом которой является указанное юридическое лицо или индивидуальный предприниматель (за исключением случаев, когда членство в саморегулируемых организациях в области архитектурно-строительного проектирования не требуется)
A30: АКТ
A31: освидетельствования скрытых работ
B33: № | C33: ='АОСР-1'!C33+1 -> 2 | E33: ='АОСР-1'!E33 -> /ВЛЗ | AB33: =P79 -> 45833
AD34: (дата составления акта)
A36: Представитель застройщика, технического заказчика, лица, ответственного за эксплуатацию здания, сооружения, или регионального оператора по вопросам строительного контроля
A37: ='Данные объект'!C34 -> Гл. специалист ССК УКС ПАО "Россети Московский регион" Алексанян Г.Р., Приказ №2363 от 29 апреля 2025г. (НОСТРОЙ С-50-15922)
A38: (должность (при наличии), фамилия, инициалы, идентификационный номер в национальном реестре специалистов в области строительства (за исключением случаев, когда членство в саморегулируемых организациях в области строительства, реконструкции, капитального ремонта обектов капитального строительства не требуется), реквизиты распорядительного документа, подтверждающего полномочия,
A39: ='Данные объект'!C23 -> ПАО "Россети Московский регион" ОГРН 1057746555811 ИНН 5036065113 КПП 772501001,115114, город Москва, проезд Павелецкий 2-й, дом 3, строение 2
A40: с указанием полного и (или) сокращенного наименования, ОГРН, ИНН, адреса юридического лица в пределах его места нахождения (в случае осуществления строительного контроля на основании договора с застройщиком или техническим заказчиком), фамилии, имени, отчества (последнее - при наличии), адреса места жительства, ОГРНИП, ИНН индивиуального предпринимателя (в случае осуществления строительного контроля на основании договора с застройщиком или техническим заказчиком)
A41: Представитель лица, осуществляющего строительство, реконструкцию, капитальный ремонт
A42: ='Данные объект'!C21 -> Мастер электромонтажного участка ООО «Гефест» Красилов К.А..Приказ №01/24-ОТ от 15.01.2024
A43: (должность (при наличии), фамилия, инициалы, реквизиты распорядительного документа, подтверждающего полномочия)
A44: Представитель лица, осуществляющего строительство, реконструкцию, капитальный ремонт, по вопросам строительного контроля
A45: ='Данные объект'!C18 -> Инженер по строительному контролю ООО «Гефест» Саженова Л.В..Приказ №01/24-ОТ от 15.01.2024 (НРС № С-61-104369)
A46: (должность (при наличии), фамилия, инициалы, идентификационный номер в национальном реестре специалистов в области строительства (за исключением случаев, когда членство в саморегулируемых организациях в области строительства, реконструкции, капитального ремонта обектов капитального строительства не требуется), реквизиты распоряительного документа, подтверждающего полномочия)
A47: А также иные представители лиц, участвующих в освидетельствовании:
A48: ='Данные объект'!$C$36 -> Мастер СРЭС СЭС филиала ПАО "Россети Московский регион" Курчин М.М.
A49: (должность (при наличии), фамилия, инициалы, реквизиты распорядительного документа, подтверждающего полномочия)
A50: Представитель лица, осуществляющего подготовку проектной документации (в случае привлечения застройщиком лица, осуществляющего подготовку проектной документации, для проверки соответствия выполняемых работ проектной документации согласно части 2 статьи 53 Градостроительного кодекса Российской Федерации)
A52: (должность (при наличии), фамилия, инициалы, реквизиты распорядительного документа, подтверждающего полномочия, с указанием полного и (или) сокращенного наименования, ОГРН, ИНН, адреса юридического лица в пределах его места нахождения, фамилии, имени, отчества (последнее - при наличии), адреса места жительства, ОГРНИП, ИНН индивиуального предпринимателя)
A53: Представитель лица, выполнившего работы, подлежащие освидетельствованию (в случае выполнения работ по договорам о строительстве, реконcтрукции, капитальном ремонте объектов капитального строительства, заключенным с иными лицами)
A55: (должность (при наличии), фамилия, инициалы, реквизиты распорядительного документа, подтверждающего полномочия,
A57: с указанием полного и (или) сокращенного наименования, ОГРН, ИНН, адреса юридического лица в пределах его места нахождения, фамилии, имени, отчества (последнее - при наличии), адреса места жительства, ОРГНИП, ИНН индивидуального предпринимателя)
A58: произвели осмотр работ, выполненных
A59: ='Данные объект'!B11 -> ООО «Гефест»
A60: (полное и (или) сокращенное наименование или фамилия, имя, отчество (последнее - при наличии) лица, выполнившего работы, подлежащие освидетельствованию)
A61: и составили настоящий акт о нижеследующем:
A62: 1. К освидетельствованию предъявлены следующие работы:
A63: Монтаж опор по линии | I63: ='АОСР-1'!O63 -> ВЛ-0,4 кВ ф.4 от КТП-2719 | L63: , в кол-ве | P63: 4 | S63: опор | U63: ( | V63: 7 | W63: стоек)
A64: (наименование скрытых работ)
A65: 2. Работы выполнены по проектной документации
A66: ='Данные объект'!B43 -> 5019-331208-292-12/24
A67: (номер, другие реквизиты чертежа, наименование проектной и/или рабочей документации, сведения о лицах, осуществляющих подготовку раздела проектной и/или рабочей документации)
A68: 3. При выполнении работ применены
P69: (наименования строительных материалов (изделий),
A70: Стойки | D70: СВ 95-3 | G70: - | H70: =V63 -> 7 | K70: шт | L70: / | M70: Паспорт №3014 от 13.02.2024г.
A71: реквизиты сертификатов и (или) других документов, подтверждающих их качество и безопасность, в случае если необходимо указывать более 5 документов, указывается ссылка на их реестр, который является неотъемлемой частью акта)
A72: 4. Предъявлены документы, подтверждающие соответствие работ предъявляемым к ним
A73: требованиям: | G73: Исполнительная поопорная схема | T73: ;
G74: (исполнительные схемы и чертежи, результаты экспертиз, обследований, лабораторных
A76: и иных испытаний выполненных работ, проведенных в процессе строительного контроля)
A78: 5. Даты: начала работ | P78: ='Данные объект'!B6 -> 45833 | X78: г.
A79: окончания работ | P79: ='Данные объект'!B7 -> 45833 | X79: г.
A81: 6. Работы выполнены в соответствии с
A82: Электромонтажные работы выполнены по проектной документации согласно требованиям СП 76.13330.2016 и ПУЭ
A83: (наименования и структурные единицы технических регламентов,
A85: иных нормативных правовых актов, разделы проектной и (или) рабочей документации)
A86: 7. Разрешается производство последующих работ
A87: Заземление ВЛ
A88: (наименование работ, строительных конструкций, участков сетей инженерно-технического обеспечения)
A89: Дополнительные сведения
A91: Акт составлен в | J91: экземплярах (в случае заполнения акта на бумажном носителе).
A93: Приложения:
A94: 1. | B94: =G73 -> Исполнительная поопорная схема | R94: - | S94: 1 лист
A95: 2. | B95: =U73 -> 0 | R95: - | S95: 1 лист
A96: 2. | B96: =M70 -> Паспорт №3014 от 13.02.2024г. | R96: - | S96: 1 лист
A97: 5. | B97: Сертификат соответствия № | R97: - | S97: 1 лист
A98: (исполнительные схемы и чертежи, результаты экспертиз, обследований, лабораторных и иных испытаний)
A100: Представитель застройщика, технического заказчика, лица, ответственного за эксплуатацию
A101: здания, сооружения, или регионального оператора по вопросам строительного контроля
A102: ='Данные объект'!B33 -> Алексанян Г.Р.
A103: (фамилия, инициалы) | AB103: (подпись)
A104: Представитель лица, осуществляющего строительство, реконструкцию, капитальный ремонт
A105: ='Данные объект'!B20 -> Красилов К.А.
A106: (фамилия, инициалы) | AB106: (подпись)
A107: Представитель лица, осуществляющего строительство, реконструкцию, капитальный ремонт,
A108: по вопросам строительного контроля
A109: ='Данные объект'!B17 -> Саженова Л.В.
A110: (фамилия, инициалы) | AB110: (подпись)
A111: Представители иных лиц:
A112: ='Данные объект'!$B$36 -> Курчин М.М.
A113: (фамилия, инициалы) | AB113: (подпись)
A114: Представитель лица, осуществляющего подготовку проектной документации (в случае привлечения застройщиком лица, осуществляющего подготовку проектной документации, для проверки соответствия выполняемых работ проектной документации согласно части 2 статьи 53 Градостроительного кодекса Российской Федерации)
...

Sheet АОСР-3
AJ1: Приказ Минстроя №344/пр от 16.05.2023
AJ2: приложение №3
A3: Объект капитального строительства
A4: ='Данные объект'!B3 -> Строительство ВЛИ-0,38 кВ от ВЛИ-0,38 кВ от ТП-10/0,4кВ №2719, ПС №329 "Осиновка", в т.ч. ПИР, МО, Солнечногорский р-н, с.п. Кривцовское, в р-не д. Шапкино, СНТ "Костино", уч. 130
A5: ='Данные объект'!B9 -> ВЛ-0,4 кВ ф.4 от КТП-2719
A6: (наименование объекта капитального строительства в соответствии с проектной документацией, почтовый или строительный адрес объекта капитального строительства)
A7: Застройщик, технический заказчик, лицо, ответственное за эксплуатацию здания, сооружения, или региональный оператор
A8: ='Данные объект'!B23 -> ПАО "Россети Московский регион"
A9: (фамилия, имя, отчество (последнее - при наличии), адрес места жительства, ОРГНИП, ИНН индивидуального предпринимателя, полное и (или) сокращенное наименование, ОГРН, ИНН, адрес юридического лица в пределах его нахождения, телефон или факс,
A10: ='Данные объект'!B24 -> ОГРН 1057746555811 ИНН 5036065113 КПП 772501001
A11: полное и (или) сокращенное наименование, ОГРН, ИНН саморегулируемой организации, членом которой является указанное юридическое лицо или индивидуальный предприниматель (за исключением случаев, когда членство в саморегулируемых организациях в области, строительства, реконструкции, капитального ремонта объектов капитального строительства не требуется); фамилия, имя, отчество
A12: ='Данные объект'!B25 -> 115114, город Москва, проезд Павелецкий 2-й, дом 3, строение 2
A13: (последнее - при наличии), паспортные данные, адрес места жительства, телефон или факс - для физических лиц, не являющихся индивидуальными предпринимателями)
A14: Лицо, осуществляющее строительство, реконструкцию, капитальный ремонт
A15: ='Данные объект'!B11 -> ООО «Гефест»
A16: (фамилия, имя, отчество (последнее - при наличии), адрес места жительства, ОРГНИП, ИНН индивидуального предпринимателя,
A17: ='Данные объект'!B12 -> ОГРН 1215000057238 ИНН 5044122213 КПП 504401001
A18: полное и (или) сокращенное наименование, ОГРН, ИНН, адрес юридического лица в пределах его местонахождения, телефон или факс,
A19: ='Данные объект'!B13 -> 141508, Московская область, г.о. Солнечногорск, г Солнечногорск, ул Промышленная, строение 29А, корпус 1, офис 11
A20: полное и (или) сокращенное наименование, ОГРН, ИНН саморегулируемой организации, членом которой является указанное юридическое лицо или индивидуальный предприниматель (за исключением случаев, когда членство в саморегулируемых организациях в области строительства, реконструкции, капитального ремонта объектов капитального строительства не требуется)
A21: Лицо, осуществляющее подготовку проектной документации
A22: ='Данные объект'!B39 -> ООО «Гефест»
A23: (фамилия, имя, отчество (последнее - при наличии), адрес места жительства, ОРГНИП, ИНН индивидуального предпринимателя,
A24: ='Данные объект'!B12 -> ОГРН 1215000057238 ИНН 5044122213 КПП 504401001
A25: полное и (или) сокращенное наименование, ОГРН, ИНН, адрес юридического лица в пределах его места нахождения, телефон или факс,
A26: ='Данные объект'!B13 -> 141508, Московская область, г.о. Солнечногорск, г Солнечногорск, ул Промышленная, строение 29А, корпус 1, офис 11
A27: полное и (или) сокращенное наименование, ОГРН, ИНН саморегулируемой организации, членом которой является указанное юридическое лицо или индивидуальный предприниматель (за исключением случаев, когда членство в саморегулируемых организациях в области архитектурно-строительного проектирования не требуется)
A29: АКТ
A30: освидетельствования скрытых работ
B32: № | C32: ='АОСР-2'!C33:D33+1 -> 3 | E32: ='АОСР-1'!E33 -> /ВЛЗ | AB32: =P78 -> 45833
AD33: (дата составления акта)
A35: Представитель застройщика, технического заказчика, лица, ответственного за эксплуатацию здания, сооружения, или регионального оператора по вопросам строительного контроля
A36: ='Данные объект'!C34 -> Гл. специалист ССК УКС ПАО "Россети Московский регион" Алексанян Г.Р., Приказ №2363 от 29 апреля 2025г. (НОСТРОЙ С-50-15922)
A37: (должность (при наличии), фамилия, инициалы, идентификационный номер в национальном реестре специалистов в области строительства (за исключением случаев, когда членство в саморегулируемых организациях в области строительства, реконструкции, капитального ремонта обектов капитального строительства не требуется), реквизиты распорядительного документа, подтверждающего полномочия,
A38: ='Данные объект'!C23 -> ПАО "Россети Московский регион" ОГРН 1057746555811 ИНН 5036065113 КПП 772501001,115114, город Москва, проезд Павелецкий 2-й, дом 3, строение 2
A39: с указанием полного и (или) сокращенного наименования, ОГРН, ИНН, адреса юридического лица в пределах его места нахождения (в случае осуществления строительного контроля на основании договора с застройщиком или техническим заказчиком), фамилии, имени, отчества (последнее - при наличии), адреса места жительства, ОГРНИП, ИНН индивиуального предпринимателя (в случае осуществления строительного контроля на основании договора с застройщиком или техническим заказчиком)
A40: Представитель лица, осуществляющего строительство, реконструкцию, капитальный ремонт
A41: ='Данные объект'!C21 -> Мастер электромонтажного участка ООО «Гефест» Красилов К.А..Приказ №01/24-ОТ от 15.01.2024
A42: (должность (при наличии), фамилия, инициалы, реквизиты распорядительного документа, подтверждающего полномочия)
A43: Представитель лица, осуществляющего строительство, реконструкцию, капитальный ремонт, по вопросам строительного контроля
A44: ='Данные объект'!C18 -> Инженер по строительному контролю ООО «Гефест» Саженова Л.В..Приказ №01/24-ОТ от 15.01.2024 (НРС № С-61-104369)
A45: (должность (при наличии), фамилия, инициалы, идентификационный номер в национальном реестре специалистов в области строительства (за исключением случаев, когда членство в саморегулируемых организациях в области строительства, реконструкции, капитального ремонта обектов капитального строительства не требуется), реквизиты распоряительного документа, подтверждающего полномочия)
A46: А также иные представители лиц, участвующих в освидетельствовании:
A47: ='Данные объект'!$C$36 -> Мастер СРЭС СЭС филиала ПАО "Россети Московский регион" Курчин М.М.
A48: (должность (при наличии), фамилия, инициалы, реквизиты распорядительного документа, подтверждающего полномочия)
A49: Представитель лица, осуществляющего подготовку проектной документации (в случае привлечения застройщиком лица, осуществляющего подготовку проектной документации, для проверки соответствия выполняемых работ проектной документации согласно части 2 статьи 53 Градостроительного кодекса Российской Федерации)
A51: (должность (при наличии), фамилия, инициалы, реквизиты распорядительного документа, подтверждающего полномочия, с указанием полного и (или) сокращенного наименования, ОГРН, ИНН, адреса юридического лица в пределах его места нахождения, фамилии, имени, отчества (последнее - при наличии), адреса места жительства, ОГРНИП, ИНН индивиуального предпринимателя)
A52: Представитель лица, выполнившего работы, подлежащие освидетельствованию (в случае выполнения работ по договорам о строительстве, реконcтрукции, капитальном ремонте объектов капитального строительства, заключенным с иными лицами)
A54: (должность (при наличии), фамилия, инициалы, реквизиты распорядительного документа, подтверждающего полномочия,
A56: с указанием полного и (или) сокращенного наименования, ОГРН, ИНН, адреса юридического лица в пределах его места нахождения, фамилии, имени, отчества (последнее - при наличии), адреса места жительства, ОРГНИП, ИНН индивидуального предпринимателя)
A57: произвели осмотр работ, выполненных
A58: ='Данные объект'!B11 -> ООО «Гефест»
A59: (полное и (или) сокращенное наименование или фамилия, имя, отчество (последнее - при наличии) лица, выполнившего работы, подлежащие освидетельствованию)
A60: и составили настоящий акт о нижеследующем:
A61: 1. К освидетельствованию предъявлены следующие работы:
A62: Выемка грунта под заземление опор | M62: ='АОСР-1'!O63 -> ВЛ-0,4 кВ ф.4 от КТП-2719 | P62: , | Q62: в кол-ве | U62: опор | W62: , | X62: 3.6 | AA62: м3
A63: (наименование скрытых работ)
A64: 2. Работы выполнены по проектной документации
A65: ='Данные объект'!B43 -> 5019-331208-292-12/24
A66: (номер, другие реквизиты чертежа, наименование проектной и/или рабочей документации, сведения о лицах, осуществляющих подготовку раздела проектной и/или рабочей документации)
A67: 3. При выполнении работ применены
P68: (наименования строительных материалов (изделий),
A70: реквизиты сертификатов и (или) других документов, подтверждающих их качество и безопасность, в случае если необходимо указывать более 5 документов, указывается ссылка на их реестр, который является неотъемлемой частью акта)
A71: 4. Предъявлены документы, подтверждающие соответствие работ предъявляемым к ним
A72: требованиям: | R72: Исполнительная схема заземления опор ВЛ
G73: (исполнительные схемы и чертежи, результаты экспертиз, обследований, лабораторных
A75: и иных испытаний выполненных работ, проведенных в процессе строительного контроля)
A77: 5. Даты: начала работ | P77: ='Данные объект'!B6 -> 45833 | X77: г.
A78: окончания работ | P78: ='Данные объект'!B7 -> 45833 | X78: г.
A80: 6. Работы выполнены в соответствии с
A81: Электромонтажные работы выполнены по проектной документации согласно требованиям СП 76.13330.2016 и ПУЭ
A82: (наименования и структурные единицы технических регламентов,
A84: иных нормативных правовых актов, разделы проектной и (или) рабочей документации)
A85: 7. Разрешается производство последующих работ
A86: Устройство заземления опор ВЛ
A87: (наименование работ, строительных конструкций, участков сетей инженерно-технического обеспечения)
A88: Дополнительные сведения
A90: Акт составлен в | J90: экземплярах (в случае заполнения акта на бумажном носителе).
A92: Приложения:
A93: 1. | B93: =G72 -> 0 | Q93: - | R93: 1 лист
A94: 1. | B94: =R72 -> Исполнительная схема заземления опор ВЛ | Q94: - | R94: 1 лист
A95: (исполнительные схемы и чертежи, результаты экспертиз, обследований, лабораторных и иных испытаний)
A97: Представитель застройщика, технического заказчика, лица, ответственного за эксплуатацию
A98: здания, сооружения, или регионального оператора по вопросам строительного контроля
A99: ='Данные объект'!B33 -> Алексанян Г.Р.
A100: (фамилия, инициалы) | AB100: (подпись)
A101: Представитель лица, осуществляющего строительство, реконструкцию, капитальный ремонт
A102: ='Данные объект'!B20 -> Красилов К.А.
A103: (фамилия, инициалы) | AB103: (подпись)
A104: Представитель лица, осуществляющего строительство, реконструкцию, капитальный ремонт,
A105: по вопросам строительного контроля
A106: ='Данные объект'!B17 -> Саженова Л.В.
A107: (фамилия, инициалы) | AB107: (подпись)
A108: Представители иных лиц:
A109: ='Данные объект'!$B$36 -> Курчин М.М.
A110: (фамилия, инициалы) | AB110: (подпись)
A111: Представитель лица, осуществляющего подготовку проектной документации (в случае привлечения застройщиком лица, осуществляющего подготовку проектной документации, для проверки соответствия выполняемых работ проектной документации согласно части 2 статьи 53 Градостроительного кодекса Российской Федерации)
A112: - | AB112: -
A113: (фамилия, инициалы) | AB113: (подпись)
A114: Представитель лица, выполнившего работы, подлежащие освидетельствованию (в случае выполнения работ по договорам о строительстве, реконcтрукции, капитальном ремонте объектов капитального строительства, заключенным с иными лицами)
...

Sheet АОСР-4
AJ1: Приказ Минстроя №344/пр от 16.05.2023
AJ2: приложение №3
A3: Объект капитального строительства
A4: ='Данные объект'!B3 -> Строительство ВЛИ-0,38 кВ от ВЛИ-0,38 кВ от ТП-10/0,4кВ №2719, ПС №329 "Осиновка", в т.ч. ПИР, МО, Солнечногорский р-н, с.п. Кривцовское, в р-не д. Шапкино, СНТ "Костино", уч. 130
A5: ='Данные объект'!B9 -> ВЛ-0,4 кВ ф.4 от КТП-2719
A6: (наименование объекта капитального строительства в соответствии с проектной документацией, почтовый или строительный адрес объекта капитального строительства)
A7: Застройщик, технический заказчик, лицо, ответственное за эксплуатацию здания, сооружения, или региональный оператор
A8: ='Данные объект'!B23 -> ПАО "Россети Московский регион"
A9: (фамилия, имя, отчество (последнее - при наличии), адрес места жительства, ОРГНИП, ИНН индивидуального предпринимателя, полное и (или) сокращенное наименование, ОГРН, ИНН, адрес юридического лица в пределах его нахождения, телефон или факс,
A10: ='Данные объект'!B24 -> ОГРН 1057746555811 ИНН 5036065113 КПП 772501001
A11: полное и (или) сокращенное наименование, ОГРН, ИНН саморегулируемой организации, членом которой является указанное юридическое лицо или индивидуальный предприниматель (за исключением случаев, когда членство в саморегулируемых организациях в области, строительства, реконструкции, капитального ремонта объектов капитального строительства не требуется); фамилия, имя, отчество
A12: ='Данные объект'!B25 -> 115114, город Москва, проезд Павелецкий 2-й, дом 3, строение 2
A13: (последнее - при наличии), паспортные данные, адрес места жительства, телефон или факс - для физических лиц, не являющихся индивидуальными предпринимателями)
A14: Лицо, осуществляющее строительство, реконструкцию, капитальный ремонт
A15: ='Данные объект'!B11 -> ООО «Гефест»
A16: (фамилия, имя, отчество (последнее - при наличии), адрес места жительства, ОРГНИП, ИНН индивидуального предпринимателя,
A17: ='Данные объект'!B12 -> ОГРН 1215000057238 ИНН 5044122213 КПП 504401001
A18: полное и (или) сокращенное наименование, ОГРН, ИНН, адрес юридического лица в пределах его местонахождения, телефон или факс,
A19: ='Данные объект'!B13 -> 141508, Московская область, г.о. Солнечногорск, г Солнечногорск, ул Промышленная, строение 29А, корпус 1, офис 11
A20: полное и (или) сокращенное наименование, ОГРН, ИНН саморегулируемой организации, членом которой является указанное юридическое лицо или индивидуальный предприниматель (за исключением случаев, когда членство в саморегулируемых организациях в области строительства, реконструкции, капитального ремонта объектов капитального строительства не требуется)
A21: Лицо, осуществляющее подготовку проектной документации
A22: ='Данные объект'!B39 -> ООО «Гефест»
A23: (фамилия, имя, отчество (последнее - при наличии), адрес места жительства, ОРГНИП, ИНН индивидуального предпринимателя,
A24: ='Данные объект'!B12 -> ОГРН 1215000057238 ИНН 5044122213 КПП 504401001
A25: полное и (или) сокращенное наименование, ОГРН, ИНН, адрес юридического лица в пределах его места нахождения, телефон или факс,
A26: ='Данные объект'!B13 -> 141508, Московская область, г.о. Солнечногорск, г Солнечногорск, ул Промышленная, строение 29А, корпус 1, офис 11
A27: полное и (или) сокращенное наименование, ОГРН, ИНН саморегулируемой организации, членом которой является указанное юридическое лицо или индивидуальный предприниматель (за исключением случаев, когда членство в саморегулируемых организациях в области архитектурно-строительного проектирования не требуется)
A29: АКТ
A30: освидетельствования скрытых работ
B32: № | C32: ='АОСР-3'!C32:D32+1 -> 4 | E32: ='АОСР-1'!E33 -> /ВЛЗ | AB32: =P80 -> 45833
AD33: (дата составления акта)
A35: Представитель застройщика, технического заказчика, лица, ответственного за эксплуатацию здания, сооружения, или регионального оператора по вопросам строительного контроля
A36: ='Данные объект'!C34 -> Гл. специалист ССК УКС ПАО "Россети Московский регион" Алексанян Г.Р., Приказ №2363 от 29 апреля 2025г. (НОСТРОЙ С-50-15922)
A37: (должность (при наличии), фамилия, инициалы, идентификационный номер в национальном реестре специалистов в области строительства (за исключением случаев, когда членство в саморегулируемых организациях в области строительства, реконструкции, капитального ремонта обектов капитального строительства не требуется), реквизиты распорядительного документа, подтверждающего полномочия,
A38: ='Данные объект'!C23 -> ПАО "Россети Московский регион" ОГРН 1057746555811 ИНН 5036065113 КПП 772501001,115114, город Москва, проезд Павелецкий 2-й, дом 3, строение 2
A39: с указанием полного и (или) сокращенного наименования, ОГРН, ИНН, адреса юридического лица в пределах его места нахождения (в случае осуществления строительного контроля на основании договора с застройщиком или техническим заказчиком), фамилии, имени, отчества (последнее - при наличии), адреса места жительства, ОГРНИП, ИНН индивиуального предпринимателя (в случае осуществления строительного контроля на основании договора с застройщиком или техническим заказчиком)
A40: Представитель лица, осуществляющего строительство, реконструкцию, капитальный ремонт
A41: ='Данные объект'!C21 -> Мастер электромонтажного участка ООО «Гефест» Красилов К.А..Приказ №01/24-ОТ от 15.01.2024
A42: (должность (при наличии), фамилия, инициалы, реквизиты распорядительного документа, подтверждающего полномочия)
A43: Представитель лица, осуществляющего строительство, реконструкцию, капитальный ремонт, по вопросам строительного контроля
A44: ='Данные объект'!C18 -> Инженер по строительному контролю ООО «Гефест» Саженова Л.В..Приказ №01/24-ОТ от 15.01.2024 (НРС № С-61-104369)
A45: (должность (при наличии), фамилия, инициалы, идентификационный номер в национальном реестре специалистов в области строительства (за исключением случаев, когда членство в саморегулируемых организациях в области строительства, реконструкции, капитального ремонта обектов капитального строительства не требуется), реквизиты распоряительного документа, подтверждающего полномочия)
A46: А также иные представители лиц, участвующих в освидетельствовании:
A47: ='Данные объект'!$C$36 -> Мастер СРЭС СЭС филиала ПАО "Россети Московский регион" Курчин М.М.
A48: (должность (при наличии), фамилия, инициалы, реквизиты распорядительного документа, подтверждающего полномочия)
A49: Представитель лица, осуществляющего подготовку проектной документации (в случае привлечения застройщиком лица, осуществляющего подготовку проектной документации, для проверки соответствия выполняемых работ проектной документации согласно части 2 статьи 53 Градостроительного кодекса Российской Федерации)
A51: (должность (при наличии), фамилия, инициалы, реквизиты распорядительного документа, подтверждающего полномочия, с указанием полного и (или) сокращенного наименования, ОГРН, ИНН, адреса юридического лица в пределах его места нахождения, фамилии, имени, отчества (последнее - при наличии), адреса места жительства, ОГРНИП, ИНН индивиуального предпринимателя)
A52: Представитель лица, выполнившего работы, подлежащие освидетельствованию (в случае выполнения работ по договорам о строительстве, реконcтрукции, капитальном ремонте объектов капитального строительства, заключенным с иными лицами)
A54: (должность (при наличии), фамилия, инициалы, реквизиты распорядительного документа, подтверждающего полномочия,
A56: с указанием полного и (или) сокращенного наименования, ОГРН, ИНН, адреса юридического лица в пределах его места нахождения, фамилии, имени, отчества (последнее - при наличии), адреса места жительства, ОРГНИП, ИНН индивидуального предпринимателя)
A57: произвели осмотр работ, выполненных
A58: ='Данные объект'!B11 -> ООО «Гефест»
A59: (полное и (или) сокращенное наименование или фамилия, имя, отчество (последнее - при наличии) лица, выполнившего работы, подлежащие освидетельствованию)
A60: и составили настоящий акт о нижеследующем:
A61: 1. К освидетельствованию предъявлены следующие работы:
A62: Устройство заземления | I62: ='АОСР-1'!O63 -> ВЛ-0,4 кВ ф.4 от КТП-2719 | L62: , в кол-ве | P62: ='АОСР-3'!T62 -> 0 | S62: опор
A63: (наименование скрытых работ)
A64: 2. Работы выполнены по проектной документации
A65: ='Данные объект'!B43 -> 5019-331208-292-12/24
A66: (номер, другие реквизиты чертежа, наименование проектной и/или рабочей документации, сведения о лицах, осуществляющих подготовку раздела проектной и/или рабочей документации)
A67: 3. При выполнении работ применены
P68: (наименования строительных материалов (изделий),
A69: Уголок - 50х50х5 | G69: - | H69: 12 | J69: м | K69: / | L69: Сертификат №4421644223
A70: Арматура Ø 8 | G70: - | H70: 32 | J70: м | K70: / | L70: Сертификат №8683-2722
A71: Полоса 40х4мм | G71: - | H71: 6 | J71: м | K71: / | L71: Сертификат №93583
A72: реквизиты сертификатов и (или) других документов, подтверждающих их качество и безопасность, в случае если необходимо указывать более 5 документов, указывается ссылка на их реестр, который является неотъемлемой частью акта)
A73: 4. Предъявлены документы, подтверждающие соответствие работ предъявляемым к ним
A74: требованиям: | R74: Исполнительная схема заземления опор ВЛ
G75: (исполнительные схемы и чертежи, результаты экспертиз, обследований, лабораторных
A77: и иных испытаний выполненных работ, проведенных в процессе строительного контроля)
A79: 5. Даты: начала работ | P79: ='Данные объект'!B6 -> 45833 | X79: г.
A80: окончания работ | P80: ='Данные объект'!B7 -> 45833 | X80: г.
A82: 6. Работы выполнены в соответствии с
A83: Электромонтажные работы выполнены по проектной документации согласно требованиям СП 76.13330.2016 и ПУЭ
A84: (наименования и структурные единицы технических регламентов, иных нормативных правовых актов, разделы проектной и (или) рабочей документации)
A85: 7. Разрешается производство последующих работ
A86: Обратная засыпка заземления опор ВЛ
A87: (наименование работ, строительных конструкций, участков сетей инженерно-технического обеспечения)
A88: Дополнительные сведения
A90: Акт составлен в | J90: экземплярах (в случае заполнения акта на бумажном носителе).
A92: Приложения:
A93: 1. | B93: =G74 -> 0 | Q93: - | R93: 1 лист
A95: 1. | B95: =R74 -> Исполнительная схема заземления опор ВЛ | Q95: - | R95: 1 лист
A96: 2. | B96: =L69 -> Сертификат №4421644223 | Q96: - | R96: 1 лист
A97: 3. | B97: =L70 -> Сертификат №8683-2722 | Q97: - | R97: 1 лист
A98: 4. | B98: =L71 -> Сертификат №93583 | Q98: - | R98: 1 лист
A99: (исполнительные схемы и чертежи, результаты экспертиз, обследований, лабораторных и иных испытаний)
A100: Представитель застройщика, технического заказчика, лица, ответственного за эксплуатацию
A101: здания, сооружения, или регионального оператора по вопросам строительного контроля
A102: ='Данные объект'!B33 -> Алексанян Г.Р.
A103: (фамилия, инициалы) | AB103: (подпись)
A104: Представитель лица, осуществляющего строительство, реконструкцию, капитальный ремонт
A105: ='Данные объект'!B20 -> Красилов К.А.
A106: (фамилия, инициалы) | AB106: (подпись)
A107: Представитель лица, осуществляющего строительство, реконструкцию, капитальный ремонт,
A108: по вопросам строительного контроля
A109: ='Данные объект'!B17 -> Саженова Л.В.
A110: (фамилия, инициалы) | AB110: (подпись)
A111: Представители иных лиц:
A112: ='Данные объект'!$B$36 -> Курчин М.М.
...

Sheet АОСР-5
AJ1: Приказ Минстроя №344/пр от 16.05.2023
AJ2: приложение №3
A3: Объект капитального строительства
A4: ='Данные объект'!B3 -> Строительство ВЛИ-0,38 кВ от ВЛИ-0,38 кВ от ТП-10/0,4кВ №2719, ПС №329 "Осиновка", в т.ч. ПИР, МО, Солнечногорский р-н, с.п. Кривцовское, в р-не д. Шапкино, СНТ "Костино", уч. 130
A5: ='Данные объект'!B9 -> ВЛ-0,4 кВ ф.4 от КТП-2719
A6: (наименование объекта капитального строительства в соответствии с проектной документацией, почтовый или строительный адрес объекта капитального строительства)
A7: Застройщик, технический заказчик, лицо, ответственное за эксплуатацию здания, сооружения, или региональный оператор
A8: ='Данные объект'!B23 -> ПАО "Россети Московский регион"
A9: (фамилия, имя, отчество (последнее - при наличии), адрес места жительства, ОРГНИП, ИНН индивидуального предпринимателя, полное и (или) сокращенное наименование, ОГРН, ИНН, адрес юридического лица в пределах его нахождения, телефон или факс,
A10: ='Данные объект'!B24 -> ОГРН 1057746555811 ИНН 5036065113 КПП 772501001
A11: полное и (или) сокращенное наименование, ОГРН, ИНН саморегулируемой организации, членом которой является указанное юридическое лицо или индивидуальный предприниматель (за исключением случаев, когда членство в саморегулируемых организациях в области, строительства, реконструкции, капитального ремонта объектов капитального строительства не требуется); фамилия, имя, отчество
A12: ='Данные объект'!B25 -> 115114, город Москва, проезд Павелецкий 2-й, дом 3, строение 2
A13: (последнее - при наличии), паспортные данные, адрес места жительства, телефон или факс - для физических лиц, не являющихся индивидуальными предпринимателями)
A14: Лицо, осуществляющее строительство, реконструкцию, капитальный ремонт
A15: ='Данные объект'!B11 -> ООО «Гефест»
A16: (фамилия, имя, отчество (последнее - при наличии), адрес места жительства, ОРГНИП, ИНН индивидуального предпринимателя,
A17: ='Данные объект'!B12 -> ОГРН 1215000057238 ИНН 5044122213 КПП 504401001
A18: полное и (или) сокращенное наименование, ОГРН, ИНН, адрес юридического лица в пределах его местонахождения, телефон или факс,
A19: ='Данные объект'!B13 -> 141508, Московская область, г.о. Солнечногорск, г Солнечногорск, ул Промышленная, строение 29А, корпус 1, офис 11
A20: полное и (или) сокращенное наименование, ОГРН, ИНН саморегулируемой организации, членом которой является указанное юридическое лицо или индивидуальный предприниматель (за исключением случаев, когда членство в саморегулируемых организациях в области строительства, реконструкции, капитального ремонта объектов капитального строительства не требуется)
A21: Лицо, осуществляющее подготовку проектной документации
A22: ='Данные объект'!B39 -> ООО «Гефест»
A23: (фамилия, имя, отчество (последнее - при наличии), адрес места жительства, ОРГНИП, ИНН индивидуального предпринимателя,
A24: ='Данные объект'!B12 -> ОГРН 1215000057238 ИНН 5044122213 КПП 504401001
A25: полное и (или) сокращенное наименование, ОГРН, ИНН, адрес юридического лица в пределах его места нахождения, телефон или факс,
A26: ='Данные объект'!B13 -> 141508, Московская область, г.о. Солнечногорск, г Солнечногорск, ул Промышленная, строение 29А, корпус 1, офис 11
A27: полное и (или) сокращенное наименование, ОГРН, ИНН саморегулируемой организации, членом которой является указанное юридическое лицо или индивидуальный предприниматель (за исключением случаев, когда членство в саморегулируемых организациях в области архитектурно-строительного проектирования не требуется)
A29: АКТ
A30: освидетельствования скрытых работ
B32: № | C32: ='АОСР-4'!C32:D32+1 -> 5 | E32: ='АОСР-1'!E33 -> /ВЛЗ | AB32: =P78 -> 45833
AD33: (дата составления акта)
A35: Представитель застройщика, технического заказчика, лица, ответственного за эксплуатацию здания, сооружения, или регионального оператора по вопросам строительного контроля
A36: ='Данные объект'!C34 -> Гл. специалист ССК УКС ПАО "Россети Московский регион" Алексанян Г.Р., Приказ №2363 от 29 апреля 2025г. (НОСТРОЙ С-50-15922)
A37: (должность (при наличии), фамилия, инициалы, идентификационный номер в национальном реестре специалистов в области строительства (за исключением случаев, когда членство в саморегулируемых организациях в области строительства, реконструкции, капитального ремонта обектов капитального строительства не требуется), реквизиты распорядительного документа, подтверждающего полномочия,
A38: ='Данные объект'!C23 -> ПАО "Россети Московский регион" ОГРН 1057746555811 ИНН 5036065113 КПП 772501001,115114, город Москва, проезд Павелецкий 2-й, дом 3, строение 2
A39: с указанием полного и (или) сокращенного наименования, ОГРН, ИНН, адреса юридического лица в пределах его места нахождения (в случае осуществления строительного контроля на основании договора с застройщиком или техническим заказчиком), фамилии, имени, отчества (последнее - при наличии), адреса места жительства, ОГРНИП, ИНН индивиуального предпринимателя (в случае осуществления строительного контроля на основании договора с застройщиком или техническим заказчиком)
A40: Представитель лица, осуществляющего строительство, реконструкцию, капитальный ремонт
A41: ='Данные объект'!C21 -> Мастер электромонтажного участка ООО «Гефест» Красилов К.А..Приказ №01/24-ОТ от 15.01.2024
A42: (должность (при наличии), фамилия, инициалы, реквизиты распорядительного документа, подтверждающего полномочия)
A43: Представитель лица, осуществляющего строительство, реконструкцию, капитальный ремонт, по вопросам строительного контроля
A44: ='Данные объект'!C18 -> Инженер по строительному контролю ООО «Гефест» Саженова Л.В..Приказ №01/24-ОТ от 15.01.2024 (НРС № С-61-104369)
A45: (должность (при наличии), фамилия, инициалы, идентификационный номер в национальном реестре специалистов в области строительства (за исключением случаев, когда членство в саморегулируемых организациях в области строительства, реконструкции, капитального ремонта обектов капитального строительства не требуется), реквизиты распоряительного документа, подтверждающего полномочия)
A46: А также иные представители лиц, участвующих в освидетельствовании:
A47: ='Данные объект'!$C$36 -> Мастер СРЭС СЭС филиала ПАО "Россети Московский регион" Курчин М.М.
A48: (должность (при наличии), фамилия, инициалы, реквизиты распорядительного документа, подтверждающего полномочия)
A49: Представитель лица, осуществляющего подготовку проектной документации (в случае привлечения застройщиком лица, осуществляющего подготовку проектной документации, для проверки соответствия выполняемых работ проектной документации согласно части 2 статьи 53 Градостроительного кодекса Российской Федерации)
A51: (должность (при наличии), фамилия, инициалы, реквизиты распорядительного документа, подтверждающего полномочия, с указанием полного и (или) сокращенного наименования, ОГРН, ИНН, адреса юридического лица в пределах его места нахождения, фамилии, имени, отчества (последнее - при наличии), адреса места жительства, ОГРНИП, ИНН индивиуального предпринимателя)
A52: Представитель лица, выполнившего работы, подлежащие освидетельствованию (в случае выполнения работ по договорам о строительстве, реконcтрукции, капитальном ремонте объектов капитального строительства, заключенным с иными лицами)
A54: (должность (при наличии), фамилия, инициалы, реквизиты распорядительного документа, подтверждающего полномочия,
A56: с указанием полного и (или) сокращенного наименования, ОГРН, ИНН, адреса юридического лица в пределах его места нахождения, фамилии, имени, отчества (последнее - при наличии), адреса места жительства, ОРГНИП, ИНН индивидуального предпринимателя)
A57: произвели осмотр работ, выполненных
A58: ='Данные объект'!B11 -> ООО «Гефест»
A59: (полное и (или) сокращенное наименование или фамилия, имя, отчество (последнее - при наличии) лица, выполнившего работы, подлежащие освидетельствованию)
A60: и составили настоящий акт о нижеследующем:
A61: 1. К освидетельствованию предъявлены следующие работы:
A62: Обратная засыпка грунта заземления опор | N62: ='АОСР-1'!O63 -> ВЛ-0,4 кВ ф.4 от КТП-2719 | Q62: , в кол-ве | U62: ='АОСР-3'!T62 -> 0 | X62: опор | Z62: ='АОСР-3'!X62 -> 3.6 | AC62: м3
A63: (наименование скрытых работ)
A64: 2. Работы выполнены по проектной документации
A65: ='Данные объект'!B43 -> 5019-331208-292-12/24
A66: (номер, другие реквизиты чертежа, наименование проектной и/или рабочей документации, сведения о лицах, осуществляющих подготовку раздела проектной и/или рабочей документации)
A67: 3. При выполнении работ применены | P67: Местный грунт
P68: (наименования строительных материалов (изделий),
A70: реквизиты сертификатов и (или) других документов, подтверждающих их качество и безопасность, в случае если необходимо указывать более 5 документов, указывается ссылка на их реестр, который является неотъемлемой частью акта)
A71: 4. Предъявлены документы, подтверждающие соответствие работ предъявляемым к ним
A72: требованиям: | R72: Исполнительная схема заземления опор ВЛ
G73: (исполнительные схемы и чертежи, результаты экспертиз, обследований, лабораторных
A75: и иных испытаний выполненных работ, проведенных в процессе строительного контроля)
A77: 5. Даты: начала работ | P77: ='Данные объект'!B6 -> 45833 | X77: г.
A78: окончания работ | P78: ='Данные объект'!B7 -> 45833 | X78: г.
A80: 6. Работы выполнены в соответствии с
A81: Электромонтажные работы выполнены по проектной документации согласно требованиям СП 76.13330.2016 и ПУЭ
A82: (наименования и структурные единицы технических регламентов,
A84: иных нормативных правовых актов, разделы проектной и (или) рабочей документации)
A85: 7. Разрешается производство последующих работ
A86: Монтаж провода СИП и линейной арматуры
A87: (наименование работ, строительных конструкций, участков сетей инженерно-технического обеспечения)
A88: Дополнительные сведения
A90: Акт составлен в | J90: экземплярах (в случае заполнения акта на бумажном носителе).
A92: Приложения:
A93: 1. | B93: =R72 -> Исполнительная схема заземления опор ВЛ | Q93: - | R93: 1 лист
A94: (исполнительные схемы и чертежи, результаты экспертиз, обследований, лабораторных и иных испытаний)
A96: Представитель застройщика, технического заказчика, лица, ответственного за эксплуатацию
A97: здания, сооружения, или регионального оператора по вопросам строительного контроля
A98: ='Данные объект'!B33 -> Алексанян Г.Р.
A99: (фамилия, инициалы) | AB99: (подпись)
A100: Представитель лица, осуществляющего строительство, реконструкцию, капитальный ремонт
A101: ='Данные объект'!B20 -> Красилов К.А.
A102: (фамилия, инициалы) | AB102: (подпись)
A103: Представитель лица, осуществляющего строительство, реконструкцию, капитальный ремонт,
A104: по вопросам строительного контроля
A105: ='Данные объект'!B17 -> Саженова Л.В.
A106: (фамилия, инициалы) | AB106: (подпись)
A107: Представители иных лиц:
A108: ='Данные объект'!$B$36 -> Курчин М.М.
A109: (фамилия, инициалы) | AB109: (подпись)
A110: Представитель лица, осуществляющего подготовку проектной документации (в случае привлечения застройщиком лица, осуществляющего подготовку проектной документации, для проверки соответствия выполняемых работ проектной документации согласно части 2 статьи 53 Градостроительного кодекса Российской Федерации)
A111: - | AB111: -
A112: (фамилия, инициалы) | AB112: (подпись)
A113: Представитель лица, выполнившего работы, подлежащие освидетельствованию (в случае выполнения работ по договорам о строительстве, реконcтрукции, капитальном ремонте объектов капитального строительства, заключенным с иными лицами)
A114: =#REF! -> #REF!
...

Sheet АОСР-6
AJ1: Приказ Минстроя №344/пр от 16.05.2023
AJ2: приложение №3
A3: Объект капитального строительства
A4: ='Данные объект'!B3 -> Строительство ВЛИ-0,38 кВ от ВЛИ-0,38 кВ от ТП-10/0,4кВ №2719, ПС №329 "Осиновка", в т.ч. ПИР, МО, Солнечногорский р-н, с.п. Кривцовское, в р-не д. Шапкино, СНТ "Костино", уч. 130
A5: ='Данные объект'!B9 -> ВЛ-0,4 кВ ф.4 от КТП-2719
A6: (наименование объекта капитального строительства в соответствии с проектной документацией, почтовый или строительный адрес объекта капитального строительства)
A7: Застройщик, технический заказчик, лицо, ответственное за эксплуатацию здания, сооружения, или региональный оператор
A8: ='Данные объект'!B23 -> ПАО "Россети Московский регион"
A9: (фамилия, имя, отчество (последнее - при наличии), адрес места жительства, ОРГНИП, ИНН индивидуального предпринимателя, полное и (или) сокращенное наименование, ОГРН, ИНН, адрес юридического лица в пределах его нахождения, телефон или факс,
A10: ='Данные объект'!B24 -> ОГРН 1057746555811 ИНН 5036065113 КПП 772501001
A11: полное и (или) сокращенное наименование, ОГРН, ИНН саморегулируемой организации, членом которой является указанное юридическое лицо или индивидуальный предприниматель (за исключением случаев, когда членство в саморегулируемых организациях в области, строительства, реконструкции, капитального ремонта объектов капитального строительства не требуется); фамилия, имя, отчество
A12: ='Данные объект'!B25 -> 115114, город Москва, проезд Павелецкий 2-й, дом 3, строение 2
A13: (последнее - при наличии), паспортные данные, адрес места жительства, телефон или факс - для физических лиц, не являющихся индивидуальными предпринимателями)
A14: Лицо, осуществляющее строительство, реконструкцию, капитальный ремонт
A15: ='Данные объект'!B11 -> ООО «Гефест»
A16: (фамилия, имя, отчество (последнее - при наличии), адрес места жительства, ОРГНИП, ИНН индивидуального предпринимателя,
A17: ='Данные объект'!B12 -> ОГРН 1215000057238 ИНН 5044122213 КПП 504401001
A18: полное и (или) сокращенное наименование, ОГРН, ИНН, адрес юридического лица в пределах его местонахождения, телефон или факс,
A19: ='Данные объект'!B13 -> 141508, Московская область, г.о. Солнечногорск, г Солнечногорск, ул Промышленная, строение 29А, корпус 1, офис 11
A20: полное и (или) сокращенное наименование, ОГРН, ИНН саморегулируемой организации, членом которой является указанное юридическое лицо или индивидуальный предприниматель (за исключением случаев, когда членство в саморегулируемых организациях в области строительства, реконструкции, капитального ремонта объектов капитального строительства не требуется)
A21: Лицо, осуществляющее подготовку проектной документации
A22: ='Данные объект'!B39 -> ООО «Гефест»
A23: (фамилия, имя, отчество (последнее - при наличии), адрес места жительства, ОРГНИП, ИНН индивидуального предпринимателя,
A24: ='Данные объект'!B12 -> ОГРН 1215000057238 ИНН 5044122213 КПП 504401001
A25: полное и (или) сокращенное наименование, ОГРН, ИНН, адрес юридического лица в пределах его места нахождения, телефон или факс,
A26: ='Данные объект'!B13 -> 141508, Московская область, г.о. Солнечногорск, г Солнечногорск, ул Промышленная, строение 29А, корпус 1, офис 11
A27: полное и (или) сокращенное наименование, ОГРН, ИНН саморегулируемой организации, членом которой является указанное юридическое лицо или индивидуальный предприниматель (за исключением случаев, когда членство в саморегулируемых организациях в области архитектурно-строительного проектирования не требуется)
A29: АКТ
A30: освидетельствования скрытых работ
B32: № | C32: ='АОСР-5'!C32:D32+1 -> 6 | E32: ='АОСР-1'!E33 -> /ВЛЗ | AB32: =P78 -> 45833
AD33: (дата составления акта)
A35: Представитель застройщика, технического заказчика, лица, ответственного за эксплуатацию здания, сооружения, или регионального оператора по вопросам строительного контроля
A36: ='Данные объект'!C34 -> Гл. специалист ССК УКС ПАО "Россети Московский регион" Алексанян Г.Р., Приказ №2363 от 29 апреля 2025г. (НОСТРОЙ С-50-15922)
A37: (должность (при наличии), фамилия, инициалы, идентификационный номер в национальном реестре специалистов в области строительства (за исключением случаев, когда членство в саморегулируемых организациях в области строительства, реконструкции, капитального ремонта обектов капитального строительства не требуется), реквизиты распорядительного документа, подтверждающего полномочия,
A38: ='Данные объект'!C23 -> ПАО "Россети Московский регион" ОГРН 1057746555811 ИНН 5036065113 КПП 772501001,115114, город Москва, проезд Павелецкий 2-й, дом 3, строение 2
A39: с указанием полного и (или) сокращенного наименования, ОГРН, ИНН, адреса юридического лица в пределах его места нахождения (в случае осуществления строительного контроля на основании договора с застройщиком или техническим заказчиком), фамилии, имени, отчества (последнее - при наличии), адреса места жительства, ОГРНИП, ИНН индивиуального предпринимателя (в случае осуществления строительного контроля на основании договора с застройщиком или техническим заказчиком)
A40: Представитель лица, осуществляющего строительство, реконструкцию, капитальный ремонт
A41: ='Данные объект'!C21 -> Мастер электромонтажного участка ООО «Гефест» Красилов К.А..Приказ №01/24-ОТ от 15.01.2024
A42: (должность (при наличии), фамилия, инициалы, реквизиты распорядительного документа, подтверждающего полномочия)
A43: Представитель лица, осуществляющего строительство, реконструкцию, капитальный ремонт, по вопросам строительного контроля
A44: ='Данные объект'!C18 -> Инженер по строительному контролю ООО «Гефест» Саженова Л.В..Приказ №01/24-ОТ от 15.01.2024 (НРС № С-61-104369)
A45: (должность (при наличии), фамилия, инициалы, идентификационный номер в национальном реестре специалистов в области строительства (за исключением случаев, когда членство в саморегулируемых организациях в области строительства, реконструкции, капитального ремонта обектов капитального строительства не требуется), реквизиты распоряительного документа, подтверждающего полномочия)
A46: А также иные представители лиц, участвующих в освидетельствовании:
A47: ='Данные объект'!$C$36 -> Мастер СРЭС СЭС филиала ПАО "Россети Московский регион" Курчин М.М.
A48: (должность (при наличии), фамилия, инициалы, реквизиты распорядительного документа, подтверждающего полномочия)
A49: Представитель лица, осуществляющего подготовку проектной документации (в случае привлечения застройщиком лица, осуществляющего подготовку проектной документации, для проверки соответствия выполняемых работ проектной документации согласно части 2 статьи 53 Градостроительного кодекса Российской Федерации)
A51: (должность (при наличии), фамилия, инициалы, реквизиты распорядительного документа, подтверждающего полномочия, с указанием полного и (или) сокращенного наименования, ОГРН, ИНН, адреса юридического лица в пределах его места нахождения, фамилии, имени, отчества (последнее - при наличии), адреса места жительства, ОГРНИП, ИНН индивиуального предпринимателя)
A52: Представитель лица, выполнившего работы, подлежащие освидетельствованию (в случае выполнения работ по договорам о строительстве, реконcтрукции, капитальном ремонте объектов капитального строительства, заключенным с иными лицами)
A54: (должность (при наличии), фамилия, инициалы, реквизиты распорядительного документа, подтверждающего полномочия,
A56: с указанием полного и (или) сокращенного наименования, ОГРН, ИНН, адреса юридического лица в пределах его места нахождения, фамилии, имени, отчества (последнее - при наличии), адреса места жительства, ОРГНИП, ИНН индивидуального предпринимателя)
A57: произвели осмотр работ, выполненных
A58: ='Данные объект'!B11 -> ООО «Гефест»
A59: (полное и (или) сокращенное наименование или фамилия, имя, отчество (последнее - при наличии) лица, выполнившего работы, подлежащие освидетельствованию)
A60: и составили настоящий акт о нижеследующем:
A61: 1. К освидетельствованию предъявлены следующие работы:
A62: ='АОСР-5'!A86:AJ86 -> Монтаж провода СИП и линейной арматуры | Q62: ='АОСР-1'!O63 -> ВЛ-0,4 кВ ф.4 от КТП-2719
A63: (наименование скрытых работ)
A64: 2. Работы выполнены по проектной документации
A65: ='Данные объект'!B43 -> 5019-331208-292-12/24
A66: (номер, другие реквизиты чертежа, наименование проектной и/или рабочей документации, сведения о лицах, осуществляющих подготовку раздела проектной и/или рабочей документации)
A67: 3. При выполнении работ применены
P68: (наименования строительных материалов (изделий),
A69: СИП | G69: - | H69: 12 | J69: м | K69: / | L69: Паспорт качества
A70: Линейная арматура | G70: - | J70: шт. | K70: / | L70: Сертификат соответствия № РОСС RU.МЛ10.Н10783
A71: 4. Предъявлены документы, подтверждающие соответствие работ предъявляемым к ним
A72: требованиям: | R72: Исполнительная схема монтажа СИП
G73: (исполнительные схемы и чертежи, результаты экспертиз, обследований, лабораторных
A75: и иных испытаний выполненных работ, проведенных в процессе строительного контроля)
A77: 5. Даты: начала работ | P77: ='Данные объект'!B6 -> 45833 | X77: г.
A78: окончания работ | P78: ='Данные объект'!B7 -> 45833 | X78: г.
A80: 6. Работы выполнены в соответствии с
A81: Электромонтажные работы выполнены по проектной документации согласно требованиям СП 76.13330.2016 и ПУЭ
A82: (наименования и структурные единицы технических регламентов,
A84: иных нормативных правовых актов, разделы проектной и (или) рабочей документации)
A85: 7. Разрешается производство последующих работ
A86: Окраска опор по линии
A87: (наименование работ, строительных конструкций, участков сетей инженерно-технического обеспечения)
A88: Дополнительные сведения
A90: Акт составлен в | J90: экземплярах (в случае заполнения акта на бумажном носителе).
A92: Приложения:
A93: 1. | B93: =R72 -> Исполнительная схема монтажа СИП | Q93: - | R93: 1 лист
A94: 2. | B94: =L69 -> Паспорт качества | Q94: - | R94: 1 лист
A95: 3. | B95: =L70 -> Сертификат соответствия № РОСС RU.МЛ10.Н10783 | Q95: - | R95: 1 лист
A96: (исполнительные схемы и чертежи, результаты экспертиз, обследований, лабораторных и иных испытаний)
A98: Представитель застройщика, технического заказчика, лица, ответственного за эксплуатацию
A99: здания, сооружения, или регионального оператора по вопросам строительного контроля
A100: ='Данные объект'!B33 -> Алексанян Г.Р.
A101: (фамилия, инициалы) | AB101: (подпись)
A102: Представитель лица, осуществляющего строительство, реконструкцию, капитальный ремонт
A103: ='Данные объект'!B20 -> Красилов К.А.
A104: (фамилия, инициалы) | AB104: (подпись)
A105: Представитель лица, осуществляющего строительство, реконструкцию, капитальный ремонт,
A106: по вопросам строительного контроля
A107: ='Данные объект'!B17 -> Саженова Л.В.
A108: (фамилия, инициалы) | AB108: (подпись)
A109: Представители иных лиц:
A110: ='Данные объект'!$B$36 -> Курчин М.М.
A111: (фамилия, инициалы) | AB111: (подпись)
A112: Представитель лица, осуществляющего подготовку проектной документации (в случае привлечения застройщиком лица, осуществляющего подготовку проектной документации, для проверки соответствия выполняемых работ проектной документации согласно части 2 статьи 53 Градостроительного кодекса Российской Федерации)
A113: - | AB113: -
...

Sheet АОСР-7
AJ1: Приказ Минстроя №344/пр от 16.05.2023
AJ2: приложение №3
A3: Объект капитального строительства
A4: ='Данные объект'!B3 -> Строительство ВЛИ-0,38 кВ от ВЛИ-0,38 кВ от ТП-10/0,4кВ №2719, ПС №329 "Осиновка", в т.ч. ПИР, МО, Солнечногорский р-н, с.п. Кривцовское, в р-не д. Шапкино, СНТ "Костино", уч. 130
A5: ='Данные объект'!B9 -> ВЛ-0,4 кВ ф.4 от КТП-2719
A6: (наименование объекта капитального строительства в соответствии с проектной документацией, почтовый или строительный адрес объекта капитального строительства)
A7: Застройщик, технический заказчик, лицо, ответственное за эксплуатацию здания, сооружения, или региональный оператор
A8: ='Данные объект'!B23 -> ПАО "Россети Московский регион"
A9: (фамилия, имя, отчество (последнее - при наличии), адрес места жительства, ОРГНИП, ИНН индивидуального предпринимателя, полное и (или) сокращенное наименование, ОГРН, ИНН, адрес юридического лица в пределах его нахождения, телефон или факс,
A10: ='Данные объект'!B24 -> ОГРН 1057746555811 ИНН 5036065113 КПП 772501001
A11: полное и (или) сокращенное наименование, ОГРН, ИНН саморегулируемой организации, членом которой является указанное юридическое лицо или индивидуальный предприниматель (за исключением случаев, когда членство в саморегулируемых организациях в области, строительства, реконструкции, капитального ремонта объектов капитального строительства не требуется); фамилия, имя, отчество
A12: ='Данные объект'!B25 -> 115114, город Москва, проезд Павелецкий 2-й, дом 3, строение 2
A13: (последнее - при наличии), паспортные данные, адрес места жительства, телефон или факс - для физических лиц, не являющихся индивидуальными предпринимателями)
A14: Лицо, осуществляющее строительство, реконструкцию, капитальный ремонт
A15: ='Данные объект'!B11 -> ООО «Гефест»
A16: (фамилия, имя, отчество (последнее - при наличии), адрес места жительства, ОРГНИП, ИНН индивидуального предпринимателя,
A17: ='Данные объект'!B12 -> ОГРН 1215000057238 ИНН 5044122213 КПП 504401001
A18: полное и (или) сокращенное наименование, ОГРН, ИНН, адрес юридического лица в пределах его местонахождения, телефон или факс,
A19: ='Данные объект'!B13 -> 141508, Московская область, г.о. Солнечногорск, г Солнечногорск, ул Промышленная, строение 29А, корпус 1, офис 11
A20: полное и (или) сокращенное наименование, ОГРН, ИНН саморегулируемой организации, членом которой является указанное юридическое лицо или индивидуальный предприниматель (за исключением случаев, когда членство в саморегулируемых организациях в области строительства, реконструкции, капитального ремонта объектов капитального строительства не требуется)
A21: Лицо, осуществляющее подготовку проектной документации
A22: ='Данные объект'!B39 -> ООО «Гефест»
A23: (фамилия, имя, отчество (последнее - при наличии), адрес места жительства, ОРГНИП, ИНН индивидуального предпринимателя,
A24: ='Данные объект'!B12 -> ОГРН 1215000057238 ИНН 5044122213 КПП 504401001
A25: полное и (или) сокращенное наименование, ОГРН, ИНН, адрес юридического лица в пределах его места нахождения, телефон или факс,
A26: ='Данные объект'!B13 -> 141508, Московская область, г.о. Солнечногорск, г Солнечногорск, ул Промышленная, строение 29А, корпус 1, офис 11
A27: полное и (или) сокращенное наименование, ОГРН, ИНН саморегулируемой организации, членом которой является указанное юридическое лицо или индивидуальный предприниматель (за исключением случаев, когда членство в саморегулируемых организациях в области архитектурно-строительного проектирования не требуется)
A29: АКТ
A30: освидетельствования скрытых работ
B32: № | C32: ='АОСР-6'!C32:D32+1 -> 7 | E32: ='АОСР-1'!E33 -> /ВЛЗ | AB32: =P78 -> 45833
AD33: (дата составления акта)
A35: Представитель застройщика, технического заказчика, лица, ответственного за эксплуатацию здания, сооружения, или регионального оператора по вопросам строительного контроля
A36: ='Данные объект'!C34 -> Гл. специалист ССК УКС ПАО "Россети Московский регион" Алексанян Г.Р., Приказ №2363 от 29 апреля 2025г. (НОСТРОЙ С-50-15922)
A37: (должность (при наличии), фамилия, инициалы, идентификационный номер в национальном реестре специалистов в области строительства (за исключением случаев, когда членство в саморегулируемых организациях в области строительства, реконструкции, капитального ремонта обектов капитального строительства не требуется), реквизиты распорядительного документа, подтверждающего полномочия,
A38: ='Данные объект'!C23 -> ПАО "Россети Московский регион" ОГРН 1057746555811 ИНН 5036065113 КПП 772501001,115114, город Москва, проезд Павелецкий 2-й, дом 3, строение 2
A39: с указанием полного и (или) сокращенного наименования, ОГРН, ИНН, адреса юридического лица в пределах его места нахождения (в случае осуществления строительного контроля на основании договора с застройщиком или техническим заказчиком), фамилии, имени, отчества (последнее - при наличии), адреса места жительства, ОГРНИП, ИНН индивиуального предпринимателя (в случае осуществления строительного контроля на основании договора с застройщиком или техническим заказчиком)
A40: Представитель лица, осуществляющего строительство, реконструкцию, капитальный ремонт
A41: ='Данные объект'!C21 -> Мастер электромонтажного участка ООО «Гефест» Красилов К.А..Приказ №01/24-ОТ от 15.01.2024
A42: (должность (при наличии), фамилия, инициалы, реквизиты распорядительного документа, подтверждающего полномочия)
A43: Представитель лица, осуществляющего строительство, реконструкцию, капитальный ремонт, по вопросам строительного контроля
A44: ='Данные объект'!C18 -> Инженер по строительному контролю ООО «Гефест» Саженова Л.В..Приказ №01/24-ОТ от 15.01.2024 (НРС № С-61-104369)
A45: (должность (при наличии), фамилия, инициалы, идентификационный номер в национальном реестре специалистов в области строительства (за исключением случаев, когда членство в саморегулируемых организациях в области строительства, реконструкции, капитального ремонта обектов капитального строительства не требуется), реквизиты распоряительного документа, подтверждающего полномочия)
A46: А также иные представители лиц, участвующих в освидетельствовании:
A47: ='Данные объект'!$C$36 -> Мастер СРЭС СЭС филиала ПАО "Россети Московский регион" Курчин М.М.
A48: (должность (при наличии), фамилия, инициалы, реквизиты распорядительного документа, подтверждающего полномочия)
A49: Представитель лица, осуществляющего подготовку проектной документации (в случае привлечения застройщиком лица, осуществляющего подготовку проектной документации, для проверки соответствия выполняемых работ проектной документации согласно части 2 статьи 53 Градостроительного кодекса Российской Федерации)
A51: (должность (при наличии), фамилия, инициалы, реквизиты распорядительного документа, подтверждающего полномочия, с указанием полного и (или) сокращенного наименования, ОГРН, ИНН, адреса юридического лица в пределах его места нахождения, фамилии, имени, отчества (последнее - при наличии), адреса места жительства, ОГРНИП, ИНН индивиуального предпринимателя)
A52: Представитель лица, выполнившего работы, подлежащие освидетельствованию (в случае выполнения работ по договорам о строительстве, реконcтрукции, капитальном ремонте объектов капитального строительства, заключенным с иными лицами)
A54: (должность (при наличии), фамилия, инициалы, реквизиты распорядительного документа, подтверждающего полномочия,
A56: с указанием полного и (или) сокращенного наименования, ОГРН, ИНН, адреса юридического лица в пределах его места нахождения, фамилии, имени, отчества (последнее - при наличии), адреса места жительства, ОРГНИП, ИНН индивидуального предпринимателя)
A57: произвели осмотр работ, выполненных
A58: ='Данные объект'!B11 -> ООО «Гефест»
A59: (полное и (или) сокращенное наименование или фамилия, имя, отчество (последнее - при наличии) лица, выполнившего работы, подлежащие освидетельствованию)
A60: и составили настоящий акт о нижеследующем:
A61: 1. К освидетельствованию предъявлены следующие работы:
A62: ='АОСР-6'!A86:AJ86 -> Окраска опор по линии | I62: ='АОСР-1'!O63 -> ВЛ-0,4 кВ ф.4 от КТП-2719 | R62: от оп.№ | V62: до оп.№
A63: (наименование скрытых работ)
A64: 2. Работы выполнены по проектной документации
A65: ='Данные объект'!B43 -> 5019-331208-292-12/24
A66: (номер, другие реквизиты чертежа, наименование проектной и/или рабочей документации, сведения о лицах, осуществляющих подготовку раздела проектной и/или рабочей документации)
A67: 3. При выполнении работ применены
P68: (наименования строительных материалов (изделий),
A69: Краска | G69: - | H69: 12 | J69: кг | K69: / | L69: Сертификат соответствия № РОСС RU.НE42.H03935
A70: Линейная арматура | G70: - | J70: шт. | K70: / | L70: Сертификат соответствия № РОСС RU.МЛ10.Н10783
A71: 4. Предъявлены документы, подтверждающие соответствие работ предъявляемым к ним
A72: требованиям: | R72: Исполнительная схема окраски опор
G73: (исполнительные схемы и чертежи, результаты экспертиз, обследований, лабораторных
A75: и иных испытаний выполненных работ, проведенных в процессе строительного контроля)
A77: 5. Даты: начала работ | P77: ='Данные объект'!B6 -> 45833 | X77: г.
A78: окончания работ | P78: ='Данные объект'!B7 -> 45833 | X78: г.
A80: 6. Работы выполнены в соответствии с
A81: Электромонтажные работы выполнены по проектной документации согласно требованиям СП 76.13330.2016 и ПУЭ
A82: (наименования и структурные единицы технических регламентов,
A84: иных нормативных правовых актов, разделы проектной и (или) рабочей документации)
A85: 7. Разрешается производство последующих работ
A86: _
A87: (наименование работ, строительных конструкций, участков сетей инженерно-технического обеспечения)
A88: Дополнительные сведения
A90: Акт составлен в | J90: экземплярах (в случае заполнения акта на бумажном носителе).
A92: Приложения:
A93: 1. | B93: =R72 -> Исполнительная схема окраски опор | Q93: - | R93: 1 лист
A94: 2. | B94: =L69 -> Сертификат соответствия № РОСС RU.НE42.H03935 | Q94: - | R94: 1 лист
A95: (исполнительные схемы и чертежи, результаты экспертиз, обследований, лабораторных и иных испытаний)
A97: Представитель застройщика, технического заказчика, лица, ответственного за эксплуатацию
A98: здания, сооружения, или регионального оператора по вопросам строительного контроля
A99: ='Данные объект'!B33 -> Алексанян Г.Р.
A100: (фамилия, инициалы) | AB100: (подпись)
A101: Представитель лица, осуществляющего строительство, реконструкцию, капитальный ремонт
A102: ='Данные объект'!B20 -> Красилов К.А.
A103: (фамилия, инициалы) | AB103: (подпись)
A104: Представитель лица, осуществляющего строительство, реконструкцию, капитальный ремонт,
A105: по вопросам строительного контроля
A106: ='Данные объект'!B17 -> Саженова Л.В.
A107: (фамилия, инициалы) | AB107: (подпись)
A108: Представители иных лиц:
A109: ='Данные объект'!$B$36 -> Курчин М.М.
A110: (фамилия, инициалы) | AB110: (подпись)
A111: Представитель лица, осуществляющего подготовку проектной документации (в случае привлечения застройщиком лица, осуществляющего подготовку проектной документации, для проверки соответствия выполняемых работ проектной документации согласно части 2 статьи 53 Градостроительного кодекса Российской Федерации)
A112: - | AB112: -
A113: (фамилия, инициалы) | AB113: (подпись)
...

Sheet АОСР-шурф
AJ1: Приказ Минстроя №344/пр от 16.05.2023
AJ2: приложение №3
A3: Объект капитального строительства
A4: ='Данные объект'!B3 -> Строительство ВЛИ-0,38 кВ от ВЛИ-0,38 кВ от ТП-10/0,4кВ №2719, ПС №329 "Осиновка", в т.ч. ПИР, МО, Солнечногорский р-н, с.п. Кривцовское, в р-не д. Шапкино, СНТ "Костино", уч. 130
A5: ='Данные объект'!B9 -> ВЛ-0,4 кВ ф.4 от КТП-2719
A6: (наименование объекта капитального строительства в соответствии с проектной документацией, почтовый или строительный адрес объекта капитального строительства)
A7: Застройщик, технический заказчик, лицо, ответственное за эксплуатацию здания, сооружения, или региональный оператор
A8: ='Данные объект'!B23 -> ПАО "Россети Московский регион"
A9: (фамилия, имя, отчество (последнее - при наличии), адрес места жительства, ОРГНИП, ИНН индивидуального предпринимателя, полное и (или) сокращенное наименование, ОГРН, ИНН, адрес юридического лица в пределах его нахождения, телефон или факс,
A10: ='Данные объект'!B24 -> ОГРН 1057746555811 ИНН 5036065113 КПП 772501001
A11: полное и (или) сокращенное наименование, ОГРН, ИНН саморегулируемой организации, членом которой является указанное юридическое лицо или индивидуальный предприниматель (за исключением случаев, когда членство в саморегулируемых организациях в области, строительства, реконструкции, капитального ремонта объектов капитального строительства не требуется); фамилия, имя, отчество
A12: ='Данные объект'!B25 -> 115114, город Москва, проезд Павелецкий 2-й, дом 3, строение 2
A13: (последнее - при наличии), паспортные данные, адрес места жительства, телефон или факс - для физических лиц, не являющихся индивидуальными предпринимателями)
A14: Лицо, осуществляющее строительство, реконструкцию, капитальный ремонт
A15: ='Данные объект'!B11 -> ООО «Гефест»
A16: (фамилия, имя, отчество (последнее - при наличии), адрес места жительства, ОРГНИП, ИНН индивидуального предпринимателя,
A17: ='Данные объект'!B12 -> ОГРН 1215000057238 ИНН 5044122213 КПП 504401001
A18: полное и (или) сокращенное наименование, ОГРН, ИНН, адрес юридического лица в пределах его местонахождения, телефон или факс,
A19: ='Данные объект'!B13 -> 141508, Московская область, г.о. Солнечногорск, г Солнечногорск, ул Промышленная, строение 29А, корпус 1, офис 11
A20: полное и (или) сокращенное наименование, ОГРН, ИНН саморегулируемой организации, членом которой является указанное юридическое лицо или индивидуальный предприниматель (за исключением случаев, когда членство в саморегулируемых организациях в области строительства, реконструкции, капитального ремонта объектов капитального строительства не требуется)
A21: Лицо, осуществляющее подготовку проектной документации
A22: ='Данные объект'!B39 -> ООО «Гефест»
A23: (фамилия, имя, отчество (последнее - при наличии), адрес места жительства, ОРГНИП, ИНН индивидуального предпринимателя,
A24: ='Данные объект'!B12 -> ОГРН 1215000057238 ИНН 5044122213 КПП 504401001
A25: полное и (или) сокращенное наименование, ОГРН, ИНН, адрес юридического лица в пределах его места нахождения, телефон или факс,
A26: ='Данные объект'!B13 -> 141508, Московская область, г.о. Солнечногорск, г Солнечногорск, ул Промышленная, строение 29А, корпус 1, офис 11
A27: полное и (или) сокращенное наименование, ОГРН, ИНН саморегулируемой организации, членом которой является указанное юридическое лицо или индивидуальный предприниматель (за исключением случаев, когда членство в саморегулируемых организациях в области архитектурно-строительного проектирования не требуется)
A29: АКТ
A30: освидетельствования скрытых работ
B32: № | C32: 1шурф | E32: ='АОСР-1'!E33 -> /ВЛЗ | AB32: ='Данные объект'!B7 -> 45833
AB33: (дата составления акта)
A35: Представитель застройщика, технического заказчика, лица, ответственного за эксплуатацию здания, сооружения, или регионального оператора по вопросам строительного контроля
A36: ='Данные объект'!C34 -> Гл. специалист ССК УКС ПАО "Россети Московский регион" Алексанян Г.Р., Приказ №2363 от 29 апреля 2025г. (НОСТРОЙ С-50-15922)
A37: (должность (при наличии), фамилия, инициалы, идентификационный номер в национальном реестре специалистов в области строительства (за исключением случаев, когда членство в саморегулируемых организациях в области строительства, реконструкции, капитального ремонта обектов капитального строительства не требуется), реквизиты распорядительного документа, подтверждающего полномочия,
A38: ='Данные объект'!C23 -> ПАО "Россети Московский регион" ОГРН 1057746555811 ИНН 5036065113 КПП 772501001,115114, город Москва, проезд Павелецкий 2-й, дом 3, строение 2
A39: с указанием полного и (или) сокращенного наименования, ОГРН, ИНН, адреса юридического лица в пределах его места нахождения (в случае осуществления строительного контроля на основании договора с застройщиком или техническим заказчиком), фамилии, имени, отчества (последнее - при наличии), адреса места жительства, ОГРНИП, ИНН индивиуального предпринимателя (в случае осуществления строительного контроля на основании договора с застройщиком или техническим заказчиком)
A40: Представитель лица, осуществляющего строительство, реконструкцию, капитальный ремонт
A41: ='Данные объект'!C21 -> Мастер электромонтажного участка ООО «Гефест» Красилов К.А..Приказ №01/24-ОТ от 15.01.2024
A42: (должность (при наличии), фамилия, инициалы, реквизиты распорядительного документа, подтверждающего полномочия)
A43: Представитель лица, осуществляющего строительство, реконструкцию, капитальный ремонт, по вопросам строительного контроля
A44: ='Данные объект'!C18 -> Инженер по строительному контролю ООО «Гефест» Саженова Л.В..Приказ №01/24-ОТ от 15.01.2024 (НРС № С-61-104369)
A45: (должность (при наличии), фамилия, инициалы, идентификационный номер в национальном реестре специалистов в области строительства (за исключением случаев, когда членство в саморегулируемых организациях в области строительства, реконструкции, капитального ремонта обектов капитального строительства не требуется), реквизиты распоряительного документа, подтверждающего полномочия)
A46: А также иные представители лиц, участвующих в освидетельствовании:
A47: ='Данные объект'!$C$36 -> Мастер СРЭС СЭС филиала ПАО "Россети Московский регион" Курчин М.М.
A48: (должность (при наличии), фамилия, инициалы, реквизиты распорядительного документа, подтверждающего полномочия)
A49: Представитель лица, осуществляющего подготовку проектной документации (в случае привлечения застройщиком лица, осуществляющего подготовку проектной документации, для проверки соответствия выполняемых работ проектной документации согласно части 2 статьи 53 Градостроительного кодекса Российской Федерации)
A51: (должность (при наличии), фамилия, инициалы, реквизиты распорядительного документа, подтверждающего полномочия, с указанием полного и (или) сокращенного наименования, ОГРН, ИНН, адреса юридического лица в пределах его места нахождения, фамилии, имени, отчества (последнее - при наличии), адреса места жительства, ОГРНИП, ИНН индивиуального предпринимателя)
A52: Представитель лица, выполнившего работы, подлежащие освидетельствованию (в случае выполнения работ по договорам о строительстве, реконcтрукции, капитальном ремонте объектов капитального строительства, заключенным с иными лицами)
A54: (должность (при наличии), фамилия, инициалы, реквизиты распорядительного документа, подтверждающего полномочия,
A56: с указанием полного и (или) сокращенного наименования, ОГРН, ИНН, адреса юридического лица в пределах его места нахождения, фамилии, имени, отчества (последнее - при наличии), адреса места жительства, ОРГНИП, ИНН индивидуального предпринимателя)
A57: произвели осмотр работ, выполненных
A58: ='Данные объект'!B11 -> ООО «Гефест»
A59: (полное и (или) сокращенное наименование или фамилия, имя, отчество (последнее - при наличии) лица, выполнившего работы, подлежащие освидетельствованию)
A60: и составили настоящий акт о нижеследующем:
A61: 1. К освидетельствованию предъявлены следующие работы:
A62: Разработка шурфа под опору | J62: № | N62: (1 стойка | R62: СВ 95-3 | V62: ) | X62: м3
A63: (наименование скрытых работ)
A64: 2. Работы выполнены по проектной документации
A65: ='Данные объект'!B43 -> 5019-331208-292-12/24
A66: (номер, другие реквизиты чертежа, наименование проектной и/или рабочей документации, сведения о лицах, осуществляющих подготовку раздела проектной и/или рабочей документации)
A67: 3. При выполнении работ применены:
L68: (наименования строительных материалов (изделий),
A70: реквизиты сертификатов и (или) других документов, подтверждающих их качество и безопасность, в случае если необходимо указывать более 5 документов, указывается ссылка на их реестр, который является неотъемлемой частью акта)
A71: 4. Предъявлены документы, подтверждающие соответствие работ предъявляемым к ним
A72: требованиям: | F72: Исполнительная схема шурфления под опоры
G73: (исполнительные схемы и чертежи, результаты экспертиз, обследований, лабораторных
A75: и иных испытаний выполненных работ, проведенных в процессе строительного контроля)
A77: 5. Даты: начала работ | P77: ='Данные объект'!B6 -> 45833 | X77: г.
A78: окончания работ | P78: ='Данные объект'!B7 -> 45833 | X78: г.
A80: 6. Работы выполнены в соответствии с
A81: Электромонтажные работы выполнены по проектной документации согласно требованиям СП 76.13330.2016 и ПУЭ
A82: (наименования и структурные единицы технических регламентов,
A84: иных нормативных правовых актов, разделы проектной и (или) рабочей документации)
A85: 7. Разрешается производство последующих работ
A86: Бурение скважины под монтаж опоры
A87: (наименование работ, строительных конструкций, участков сетей инженерно-технического обеспечения)
A88: Дополнительные сведения
A90: Акт составлен в | J90: экземплярах (в случае заполнения акта на бумажном носителе).
A92: Приложения:
A93: 1. | B93: =F72 -> Исполнительная схема шурфления под опоры | S93: - | T93: 1 лист
A94: (исполнительные схемы и чертежи, результаты экспертиз, обследований, лабораторных и иных испытаний)
A96: Представитель застройщика, технического заказчика, лица, ответственного за эксплуатацию
A97: здания, сооружения, или регионального оператора по вопросам строительного контроля
A98: ='Данные объект'!B33 -> Алексанян Г.Р.
A99: (фамилия, инициалы) | AB99: (подпись)
A100: Представитель лица, осуществляющего строительство, реконструкцию, капитальный ремонт
A101: ='Данные объект'!B20 -> Красилов К.А.
A102: (фамилия, инициалы) | AB102: (подпись)
A103: Представитель лица, осуществляющего строительство, реконструкцию, капитальный ремонт,
A104: по вопросам строительного контроля
A105: ='Данные объект'!B17 -> Саженова Л.В.
A106: (фамилия, инициалы) | AB106: (подпись)
A107: Представители иных лиц:
A108: ='Данные объект'!$B$36 -> Курчин М.М.
A109: (фамилия, инициалы) | AB109: (подпись)
A110: Представитель лица, осуществляющего подготовку проектной документации (в случае привлечения застройщиком лица, осуществляющего подготовку проектной документации, для проверки соответствия выполняемых работ проектной документации согласно части 2 статьи 53 Градостроительного кодекса Российской Федерации)
A112: (фамилия, инициалы) | AB112: (подпись)
A113: Представитель лица, выполнившего работы, подлежащие освидетельствованию (в случае выполнения работ по договорам о строительстве, реконcтрукции, капитальном ремонте объектов капитального строительства, заключенным с иными лицами)
A114: =[1]Данные!B17 -> Красилов К.А.
A115: (фамилия, инициалы) | AB115: (подпись)
