Workbook
Name _Toc27724337: Пр.6А!$J$1
Name aaaa: '[1]связ.данные(оборудование)'!$L$17:$L$23
Name №диспет: [2]Значения!$CY$15:$CY$18
Name авпвапп: [3]ВыгрузкаОС!$1:$1048576
Name вл04: [2]ОКОФ!$B$2
Name габариты2: [2]Значения!$DF$15:$DF$16
Name Группы_НУ: '[4]Группы НУ'!$A$4:$A$13
Name дис: '[5]3-кв.2016г'!$BW$6
Name кабель: 'связ.данные (Работы)'!$B$85:$B$86
Name кабель: 'связ.данные(оборудование)'!$B$85:$B$86
Name КЛ: 'связ.данные(оборудование)'!$H$64:$H$66
Name кл04: [2]ОКОФ!$E$2
Name кл6: [2]ОКОФ!$D$2
Name ктп2: [2]ОКОФ!$H$2
Name КТП3: [2]Значения!$DE$15:$DE$17
Name мастера2: [2]Значения!$DV$15:$DV$17
Name мурэс: [2]УРЭС!$A$7
Name начи: '[6]Для заполнения'!$L$1:$L$2
Name Оборудование: 'связ.данные(оборудование)'!$H$70:$H$93
Name ОС: [2]Значения!$AL$22:$AL$23
Name ПОДРЯДЧИК: #N/A
Name провод: 'связ.данные (Работы)'!$B$75:$B$82
Name провод: 'связ.данные(оборудование)'!$B$75:$B$82
Name работысмр: 'связ.данные (Работы)'!$B$58:$B$68
Name работысмр: 'связ.данные(оборудование)'!$B$58:$B$68
Name район2: [2]Значения!$DU$15:$DU$16
Name сер: [2]УРЭС!$A$5
Name СПИСКА: [2]КС14!$A$158:$A$162
Name СПИСОК2: '[2]Протокол-старый'!$A$35:$A$40
Name список3: [2]КС14_ХС!$A$154:$A$158
Name стойка: 'связ.данные (Работы)'!$B$71:$B$72
Name стойка: 'связ.данные(оборудование)'!$B$71:$B$72
Name ТМГ: [2]ОКОФ!$F$2
Name ТП: 'связ.данные(оборудование)'!$H$50:$H$60
Name уровень: [2]Значения!$AK$22:$AK$23
Name цецуекуе: [7]Лист10!$1:$1048576

Sheet Главная 
B4: Титульный лист
A5: ОБЩИЕ ФОРМЫ ПРИЕМОСДАТОЧНОЙ ДОКУМЕНТАЦИИ
A6: 1 | B6: Ведомость технической документации (форма 1)
A7: 2 | B7: Акт технической готовности электромонтажных работ (форма 2)
A8: 3 | B8: Ведомость изменений и отступлений от проекта (форма 3)
A9: 4 | B9: Ведомость электромонтажных недоделок, не препятствующих комплексному опробованию (форма 4)
A10: 5 | B10: Акт приемки-передачи оборудования в монтаж (форма ОС-15)
A11: 6 | B11: Акт о выявленных дефектах оборудования (форма ОС-16)
A12: 7 | B12: Ведомость смонтированного электрооборудования (форма 5)
A13: 8 | B13: Акт готовности строительной части помещений (сооружений) к производству электромонтажных работ (форма 6)
A14: 9 | B14: Справка о ликвидации недоделок (форма 6а)
A15: 10 | B15: Акт передачи смонтированного оборудования для производства пусконаладочных работ(форма 6б)
A16: ФОРМЫ ДОКУМЕНТОВ ПО ЭЛЕКТРООБОРУДОВАНИЮ РАСПРЕДЕЛИТЕЛЬНЫХ УСТРОЙСТВ И ЭЛЕКТРИЧЕСКИХ ПОДСТАНЦИЙ НАПРЯЖЕНИЕМ ДО 220 кВ ВКЛЮЧИТЕЛЬНО
A17: 11 | B17: Акт о приемке и монтаже силового трансформатора
A18: ФОРМЫ ДОКУМЕНТОВ ПО АККУМУЛЯТОРНЫМ БАТАРЕЯМ
A19: 12 | B19: Протокол осмотра и проверки технической готовности электромонтажных работ по аккумуляторной батарее
A20: 13 | B20: Ведомость замеров при контрольном разряде аккумуляторной батареи
A21: ФОРМА ДОКУМЕНТОВ ПО ЭЛЕКТРОПРОВОДКАМ
A22: 14 | B22: Акт осмотра канализации из труб перед закрытием
A23: 15 | B23: Протокол испытаний давлением локальных разделительных уплотнений или стальных труб для проводок во взрывоопасных зонах классов В-1 и В-1а.
A24: ФОРМЫ ДОКУМЕНТОВ ПО КАБЕЛЬНЫМ ЛИНИЯМ
A25: 16 | B25: Акт приемки траншей, каналов, туннелей и блоков под монтаж кабелей (форма 14 а);
A26: 17 | B26: Протокол осмотра и проверки изоляции кабелей, на барабане перед прокладкой (форма 15);
A27: 18 | B27: Протокол прогрева кабелей на барабане перед прокладкой при низких температурах (форма 16);
A28: 19 | B28: Акт осмотра кабельной канализации в траншее и каналах перед закрытием (форма 17);
A29: 20 | B29: Журнал прокладки кабелей (форма 18);
A30: 21 | B30: Журнал разделки кабельных муфт напряжением выше 1000 В (форма 19).
A31: ФОРМЫ ДОКУМЕНТОВ ПО ВОЗДУШНЫМ ЛИНИЯМ ЭЛЕКТРОПЕРЕДАЧИ НАПРЯЖЕНИЕМ ДО 220 кВ ВКЛЮЧИТЕЛЬНО
A32: 22 | B32: Акт готовности монолитного фундамента под опору ВЛ (форма 20);
A33: 23 | B33: Акт готовности сборных железобетонных фундаментов под опоры (форма 21);
A34: 24 | B34: Паспорт воздушной линии электропередачи (форма 22);
A35: 25 | B35: Акт замеров в натуре габаритов от проводов ВЛ до пересекаемого объекта (форма 23).
A36: ФОРМЫ ДОКУМЕНТОВ ПО ЗАЗЕМЛЯЮЩИМ УСТРОЙСТВАМ
A37: 26 | B37: Паспорт заземляющего устройства (форма 24).

Sheet связ.данные (Работы)
A1: ТП | B1: ТМГ | C1: КЛ | D1: КЛ | E1: ВЛ | F1: ВРЩ | G1: КСО | H1: КРН
A2: Монтаж ТП | B2: Монтаж ТМГ | C2: Прокладка кабельной линии | D2: Устройство ГНБ кабельной линии | E2: Монтаж воздушной линии | F2: Монтаж ВРЩ-0,4кВ | G2: Монтаж ячеек | H2: Монтаж АСП
A3: КТП-1000/10/0,4кВ | B3: ТМГ-1000/10/0,4кВ | C3: КЛ-10кВ | D3: КЛ-10кВ | E3: ВЛ-10кВ | F3: ВРЩ-0,4кВ | G3: КСО-298 | H3: КРН-10
A4: КТП-630/10/0,4кВ | B4: ТМГ-630/10/0,4кВ | C4: КЛ-6кВ | D4: КЛ-6кВ | E4: ВЛ-6кВ | H4: КРН-6
A5: КТП-400/10/0,4кВ | B5: ТМГ-400/10/0,4кВ | C5: КЛ-0,4кВ | D5: КЛ-0,4кВ | E5: ВЛ-0,4кВ | H5: КРУН-10
A6: КТП-250/10/0,4кВ | B6: ТМГ-250/10/0,4кВ | H6: КРУН-6 | K6: работы | N6: категория
A7: КТП-630/6/0,4кВ | B7: ТМГ-160/10/0,4кВ | K7: Монтаж ТП | L7: КТП-1000/10/0,4кВ
A8: КТП-400/6/0,4кВ | B8: ТМГ-630/6/0,4кВ | K8: Устройство ГНБ кабельной линии | L8: КЛ-0,4кВ
A9: КТП-250/6/0,4кВ | B9: ТМГ-400/6/0,4кВ | K9: Монтаж ВРЩ-0,4кВ
A10: МТП-250/10/0,4кВ | B10: ТМГ-250/6/0,4кВ | K10: Прокладка кабельной линии | L10: КЛ-6кВ
A11: МТП-160/10/0,4кВ | B11: ТМГ-160/6/0,4кВ | K11: Монтаж ВРЩ-0,4кВ | L11: ВРЩ-0,4кВ
A12: МТП-250/6/0,4кВ | K12: Устройство ГНБ кабельной линии | L12: КЛ-10кВ
A13: МТП-160/6/0,4кВ
K14: Монтаж ТП | L14: КТП-630/10/0,4кВ
K19: Прокладка кабельной линии | L19: =OFFSET($A$2,1,MATCH(K19,$A$2:$H$2,0)-1,10,1)

Sheet связ.данные(оборудование)
A2: Подстанция трансформаторная | B2: Трансформатор силовой герметичный | C2: Стойка железобетонная | D2: Самонесущий изолированный повод | E2: Кабель | F2: Трансформаторы тока | G2: Счетчик электрической энергии | H2: Автоматический выключатель | I2: Выключатель нагрузки | J2: Предохранитель высоковольтный | K2: Ограничители перенапряжений высоковольтные | L2: Муфта концевая термоусаживаемая | M2: Муфта соединительная термоусаживаемая | N2: Разъединитель трехполюсный | O2: Длинно-искровой разрядник | P2: Ограничитель перенапряжения нелинейный | Q2: Провод | R2: ВРЩ | S2: КРН | T2: Вакуумный включатель | U2: Микропроцессорное устройство защиты | V2: Копмлектное распределительное устройство наружной установки | W2: Предохранители-разъединители выхлопного типа | X2: Индикатор короткого замыкания | Y2: Блок питания | Z2: Камеры дугогасительные | AA2: Выключатель-разъединитель нагрузки
A3: КТП-1000/10/0,4кВ | B3: ТМГ-1000/10/0,4кВ | C3: СВ 95-3 | D3: СИП-3 1х50 | E3: АСБл 3х120 | F3: Т-0,66 100/5 | G3: СТЭМ-300.153GSU | H3: ВА 57-35 100 А | I3: ВНАП-10/630 | K3: ОПН-П-10/13,7/10/650 | L3: 3КВНТп-10-70/120-Б | M3: 3СТп-10-70/120-Б | N3: РЛК-1-10.IV/400 | O3: РМК-20 | P3: ОР600/28 | Q3: ПуГВ 1х240 | R3: Щит ЩМП | S3: КРУН-10 К/К | T3: ВВТ-10 | U3: Сириус-2-Л-БПТ | V3: яч.КСО-298 | W3: ПРВТ-10-80А | X3: ИКЗ-В34Л УЗ | Y3: Орион-БП-5 | Z3: КДВ-СЭЩ-10 | AA3: CSCS400K3CO 400А
A4: КТП-630/10/0,4кВ | B4: ТМГ-630/10/0,4кВ | C4: СВ 110-5 | D4: СИП-3 1х70 | E4: АСБл 3х240 | F4: Т-0,66 150/5 | H4: ВА 57-35 160 А | J4: ПКТ 101-10-20-20 У1 | L4: 3КВНТп-10-150/240 | M4: 3СТп-10-150/240 | N4: РВЗ-10/630 | Q4: ПуГВ 1х185 | S4: КРУН-10 В/К | T4: ВВУ-СЭЩ-ПЗ-10 | U4: Орион-РТЗ-3 | AA4: CSCS630K3CO 630А
A5: КТП-400/10/0,4кВ | B5: ТМГ-400/10/0,4кВ | D5: СИП-3 1х95 | E5: АВБШв 4х120 | F5: Т-0,66 200/5 | H5: ВА 57-35 200 А | J5: ПКТ 102-10-20-31,5У1 | L5: 4КВтп-1-150/240 | M5: 4СТП-1 16-25 | N5: РВЗФз-10/1000 | Q5: ПуГВ 1х150 | S5: КРУН-6 К/К | T5: Коммутационный модуль серии ISM | AA5: CSCS1250K3CO 1000А
A6: КТП-250/10/0,4кВ | B6: ТМГ-250/10/0,4кВ | D6: СИП-2 3х35+1х35 | E6: АВБШв 4х150 | F6: Т-0,66 250/5 | H6: ВА 57-35 250 А | J6: ПКТ-101-10-31,5-31,5У3 | K6: ОПН-П-6/7,2/10/550 | L6: 4КВНТп-1-70/120 | M6: 4СТП-1 25/50 | N6: РВФЗ-10/630 | Q6: ПуГВ 1х120 | S6: КРУН-6 В/К | T6: Модуль упраления серии СМ
A7: КТП-630/6/0,4кВ | B7: ТМГ-160/10/0,4кВ | D7: СИП-2 3х50+1х50 | E7: АВБШв 4х185 | F7: Т-0,66 300/5 | H7: ВА 57-35 400 А | J7: ПКТ-102-10-40А-31,5У1 | K7: ОПН 6/7,2/5/250 | L7: 4КНТП-1 16-25 | M7: 4СТП-1 70/120 | Q7: ПуГВ 1х95
A8: КТП-400/6/0,4кВ | B8: ТМГ-630/6/0,4кВ | D8: СИП-2 3х70+1х70 | E8: АВБШв 4х240 | F8: Т-0,66 400/5 | H8: ВА 57-35 600 А | J8: ПКТ-102-10-50-31,5У3 | L8: 4КВНТп-1 25/50 | M8: 4СТП-1 150/240 | Q8: Пугв 1х70
A9: КТП-250/6/0,4кВ | B9: ТМГ-400/6/0,4кВ | D9: СИП-2 3х95+1х95 | E9: АВБШв 4х95 | F9: Т-0,66 600/5 | H9: ВА 57-35 63 А | J9: ПКТ 102-10-80-31,5 УХЛ3 | Q9: ПуГВ 1х50
A10: МТП-250/10/0,4кВ | B10: ТМГ-250/6/0,4кВ | D10: СИП-2 3х120+1х95 | E10: АПвВнг(А)-LS 1х95/35 | F10: Т-0,66 1000/5 | H10: ВА 57-35 125 А | J10: ПКТ 102-6-31,5-31,5 У3 | Q10: ПуГВ 1х35
A11: МТП-160/10/0,4кВ | B11: ТМГ-160/6/0,4кВ | D11: СИП-2 3х95+1х120 | E11: АСБл 3х150 | F11: ТОЛ-6 300/5 | H11: ВА 57-35 80 А | Q11: ПуГВ 1х25
A12: МТП-250/6/0,4кВ | B12: ОЛС-СЭЩ-1.25/10 | D12: СИП-2 3х120+1х120 | E12: АСБл 3х185 | F12: ТОЛ-6 400/5 | H12: ВА 47-60М 25 А | Q12: ПуГВ 1х16
A13: МТП-160/6/0,4кВ | B13: ОЛС-СТ-1,25/6П | D13: СИП-4 2х16 | F13: ТОЛ-6 600/5 | Q13: ПуГВ 1х10
D14: СИП-4 4х16 | F14: ТОЛ-6 800/5 | Q14: ПВС 3х2,5
D15: СИП-4 4х25 | F15: ТОЛ-10 300/5 | Q15: КВВГнг 10х2,5
F16: ТОЛ-10 400/5
F17: ТОЛ-10 600/5
F18: ТОЛ-10 800/5
F20: 3хЗНОЛ-СВЭЛ-10М
F21: ТЗЛК-СЭЩ-0,66
F22: ТЗЛЭ-125
F23: ОЛС-П2,5/10

Sheet Данные организации
A1: организация
A2: реквизиты
A3: адрес
A4: район
A6: директор
A7: директор ФИО
A8: Строй.контроль
A9: Приказ стр.контр.
A10: ФИО стр.контр.
A11: Представитель
A12: ФИО предст.
A13: Геодезист
... A20: ФИО прораб
A23: сцепленные организация | C23: =IF(AND(C2="",C3=""),"",CONCATENATE(IF(C2="","",C2),",",IF(C3="","",C3))) | D23: =IF(AND(D2="",D3=""),"",CONCATENATE(IF(D2="","",D2),",",IF(D3="","",D3)))
A24: сцепленные организация | C24: =IF(AND(C1="",C2="",C3=""),"",CONCATENATE(IF(C1="","",C1),",",IF(C2="","",C2),",",IF(C3="","",C3))) | D24: =IF(AND(D1="",D2="",D3=""),"",CONCATENATE(IF(D1="","",D1),",",IF(D2="","",D2),",",IF(D3="","",D3))) | G24: =IF(AND(G9="",G1="",G11="",G10=""),"",CONCATENATE(IF(G9="","",G9)," ",IF(G1="","",G1),"-",IF(G11="","",G11)," .",IF(G10="","",G10))) | H24: =IF(AND(H9="",G1="",H10="",H11=""),"",CONCATENATE(IF(H9="","",H9)," ",IF(G1="","",G1),"-",IF(H10="","",H10),".",IF(H11="","",H11))) | I24: =IF(AND(I9="",G1="",I11="",I10=""),"",CONCATENATE(IF(I9="","",I9)," ",IF(G1="","",G1),"-",IF(I11="","",I11)," .",IF(I10="","",I10)))
C25: =IF(AND(C8="",C1="",C10="",C9=""),"",CONCATENATE(IF(C8="","",C8)," ",IF(C1="","",C1),"-",IF(C10="","",C10),".",IF(C9="","",C9))) | D25: =IF(AND(D8="",D1="",D10="",D9=""),"",CONCATENATE(IF(D8="","",D8)," ",IF(D1="","",D1),"-",IF(D10="","",D10),".",IF(D9="","",D9))) | G25: =IF(AND(G9="",G1="",G11=""),"",CONCATENATE(IF(G9="","",G9)," ",IF(G1="","",G1)," ",IF(G11="","",G11))) | H25: =IF(AND(H9="",G1="",H11=""),"",CONCATENATE(IF(H9="","",H9)," ",IF(G1="","",G1)," ",IF(H11="","",H11))) | I25: =IF(AND(I9="",G1="",I11=""),"",CONCATENATE(IF(I9="","",I9)," ",IF(G1="","",G1),"-",IF(I11="","",I11)))
C26: =IF(AND(C8="",C1=""),"",CONCATENATE(IF(C8="","",C8)," ",IF(C1="","",C1))) | D26: =IF(AND(D8="",D1=""),"",CONCATENATE(IF(D8="","",D8)," ",IF(D1="","",D1))) | G26: =IF(AND(G9="",G1=""),"",CONCATENATE(IF(G9="","",G9)," ",IF(G1="","",G1))) | H26: =IF(AND(H9="",G1=""),"",CONCATENATE(IF(H9="","",H9)," ",IF(G1="","",G1))) | I26: =IF(AND(I9="",G1=""),"",CONCATENATE(IF(I9="","",I9)," ",IF(G1="","",G1)))
C27: =IF(AND(C18="",C1="",C20="",C19=""),"",CONCATENATE(IF(C18="","",C18)," ",IF(C1="","",C1),"-",IF(C20="","",C20),".",IF(C19="","",C19))) | D27: =IF(AND(D18="",D1="",D20="",D19=""),"",CONCATENATE(IF(D18="","",D18)," ",IF(D1="","",D1),"-",IF(D20="","",D20),".",IF(D19="","",D19))) | G27: =IF(AND(G6="",G1="",G7=""),"",CONCATENATE(IF(G6="","",G6)," ",IF(G1="","",G1)," ",IF(G7="","",G7))) | I27: =IF(AND(I6="",G1="",I7=""),"",CONCATENATE(IF(I6="","",I6)," ",IF(G1="","",G1)," ",IF(I7="","",I7)))
C28: =IF(AND(C18="",C1="",C20=""),"",CONCATENATE(IF(C18="","",C18)," ",IF(C1="","",C1)," ",IF(C20="","",C20))) | D28: =IF(AND(D18="",D1="",D20=""),"",CONCATENATE(IF(D18="","",D18)," ",IF(D1="","",D1),"-",IF(D20="","",D20))) | G28: =IF(AND(G15="",G1="",G16=""),"",CONCATENATE(IF(G15="","",G15)," ",IF(G1="","",G1)," ",IF(G16="","",G16))) | I28: =IF(AND(I15="",G1="",I16=""),"",CONCATENATE(IF(I15="","",I15)," ",IF(G1="","",G1)," ",IF(I16="","",I16)))
C29: =IF(AND(C18="",C1=""),"",CONCATENATE(IF(C18="","",C18)," ",IF(C1="","",C1))) | D29: =IF(AND(D18="",D1=""),"",CONCATENATE(IF(D18="","",D18)," ",IF(D1="","",D1))) | G29: =IF(AND(G17="",G1="",G18=""),"",CONCATENATE(IF(G17="","",G17)," ",IF(G1="","",G1)," ",IF(G18="","",G18)))
A31: ДЛЯ АРК (актов раб.комиссии)
A36: Начальник СРЭС
A48: Гл.специалист ССК УКС

Sheet Данные объект
A1: Данные объекта
A2: № САП
A3: Объект
A4: р-н
A5: Адрес
A6: Дата разбивки
A7: Дата старт
A8: Дата финиш
A9: год
A10: Наименование электроустановки
A11: Общий | B11: =_xlfn.CONCAT(B12, ", ",B13, ", ", B14, ", ",B15, ", ",B16, ", ", B17)
A12: ТП
A13: АСП
A14: ВЛ-10
A15: ВЛ-0,4
A16: КЛ
A17: ВРЩ
A18: Монтажная организация
A19: Организация | C19: =IF(AND(B19="",B20="",B21=""),"",CONCATENATE(IF(B19="","",B19)," ",IF(B20="","",B20)," ",IF(B21="","",B21)))
A20: Реквизиты
A21: адрес
A22: Должность
A23: ФИО | C23: =IF(AND(B22="",B19="",B23=""),"",CONCATENATE(IF(B22="","",B22)," ",IF(B19="","",B19)," ",IF(B23="","",B23)))
A24: Должность | C24: =IF(AND(B24="",B19=""),"",CONCATENATE(IF(B24="","",B24)," ",IF(B19="","",B19)))
A25: Ф.И.О. | C25: =IF(AND(B24="",B19="",B25=""),"",CONCATENATE(IF(B24="","",B24)," ",IF(B19="","",B19)," ",IF(B25="","",B25)))
A26: Приказ | C26: =IF(AND(B24="",B19="",B25="",B26=""),"",CONCATENATE(IF(B24="","",B24)," ",IF(B19="","",B19)," ",IF(B25="","",B25),", ",IF(B26="","",B26)))
A27: Должность | C27: =IF(AND(B27="",B19=""),"",CONCATENATE(IF(B27="","",B27)," ",IF(B19="","",B19)))
A28: Ф.И.О. | C28: =IF(AND(B27="",B19="",B28=""),"",CONCATENATE(IF(B27="","",B27)," ",IF(B19="","",B19)," ",IF(B28="","",B28)))
A29: Приказ | C29: =IF(AND(B27="",B19="",B28="",B29=""),"",CONCATENATE(IF(B27="","",B27)," ",IF(B19="","",B19)," ",IF(B28="","",B28),", ",IF(B29="","",B29)))
A30: Должность | C30: =IF(AND(B30="",B19=""),"",CONCATENATE(IF(B30="","",B30)," ",IF(B19="","",B19)))
A31: Ф.И.О. | C31: =IF(AND(B30="",B19="",B31=""),"",CONCATENATE(IF(B30="","",B30)," ",IF(B19="","",B19)," ",IF(B31="","",B31)))
A32: Заказчик
A33: Организация
A34: Реквизиты | B34: =IF('Данные организации'!G2="","",'Данные организации'!G2)
A35: адрес | B35: =IF('Данные организации'!G3="","",'Данные организации'!G3)
A36: Должность | C36: =IF(AND(B36="",B33=""),"",CONCATENATE(IF(B36="","",B36)," ",IF(B33="","",B33)))
A37: Ф.И.О. | C37: =IF(AND(B36="",B33="",B37=""),"",CONCATENATE(IF(B36="","",B36)," ",IF(B33="","",B33)," ",IF(B37="","",B37)))
A38: Должность
A39: Ф.И.О. | C39: =IF(AND(B39="",B33=""),"",CONCATENATE(IF(B39="","",B39)," ",IF(B33="","",B33)))
A40: Должность
A41: Ф.И.О.
A42: Должность | C42: =IF(AND(B39="",B33="",B42=""),"",CONCATENATE(IF(B39="","",B39)," ",IF(B33="","",B33)," ",IF(B42="","",B42)))
A43: Ф.И.О. | C43: =IF(AND(B39="",B33="",B42="",B43=""),"",CONCATENATE(IF(B39="","",B39)," ",IF(B33="","",B33)," ",IF(B42="","",B42)," ",IF(B43="","",B43)))
A44: Приказ | C44: =IF(AND(B44="",B33=""),"",CONCATENATE(IF(B44="","",B44)," ",IF(B33="","",B33)))
A45: Должность | C45: =IF(AND(B44="",B33="",B45=""),"",CONCATENATE(IF(B44="","",B44)," ",IF(B33="","",B33)," ",IF(B45="","",B45)))
A46: Ф.И.О.
A47: Приказ
A48: Должность
A49: Ф.И.О.
A50: Проект
A51: Организация
A52: Реквизиты
A53: адрес
A54: Город
A55: №
A56: Название
A57: Пусконаладочная организация | B57: =IF(B3="","",B3)
A59: Организация | C59: =IF(AND(B64="",B60="",B65=""),"",CONCATENATE(IF(B64="","",B64)," ",IF(B60="","",B60)," ",IF(B65="","",B65)))
A60: Реквизиты
A61: адрес
A62: номер свидетельства
A63: Должность
A64: Ф.И.О.

Sheet Титульный ЭС
A1: ЭЛЕКТРОМОНТАЖНАЯ КОМПАНИЯ ОБЩЕСТВО С ОГРАНИЧЕННОЙ ОТВЕТСТВЕННОСТЬЮ
A4: (Электромонтажная организация)
A6: =IF('Данные организации'!G1="","",'Данные организации'!G1)
A7: (Заказчик)
A10: ИСПОЛНИТЕЛЬНАЯ ДОКУМЕНТАЦИЯ
A11: ПО СДАЧЕ-ПРИЕМКЕ ЭЛЕКТРОМОНТАЖНЫХ РАБОТ
A13: на объекте:
A14: =IF('Данные объект'!B12="","",'Данные объект'!B12)
A15: =IF('Данные объект'!B13="","",'Данные объект'!B13)
A16: =IF('Данные объект'!B14="","",'Данные объект'!B14)
A17: =IF('Данные объект'!B15="","",'Данные объект'!B15)
A18: =IF('Данные объект'!B16="","",'Данные объект'!B16)
A20: по титулу:
A21: =IF('Данные объект'!B2="","",'Данные объект'!B2)
A23: =IF('Данные объект'!B3="","",'Данные объект'!B3)
A25: (объект)
A28: шифр проекта:
A29: =IF('Данные объект'!B56="","",'Данные объект'!B56)
A48: =IF('Данные объект'!B4="","",'Данные объект'!B4)
A49: =IF('Данные объект'!B9="","",'Данные объект'!B9)

Sheet Титульный подрядчик
A1: ОБЩЕСТВО С ОГРАНИЧЕННОЙ ОТВЕТСТВЕННОСТЬЮ
A4: (Электромонтажная организация)
A6: =IF('Данные объект'!B30="","",'Данные объект'!B30)
A7: (Заказчик)
A10: ИСПОЛНИТЕЛЬНАЯ ДОКУМЕНТАЦИЯ
A11: ПО СДАЧЕ-ПРИЕМКЕ ЭЛЕКТРОМОНТАЖНЫХ РАБОТ
A16: на объекте:
A17: =IF('Данные объект'!B12="","",'Данные объект'!B12)
A18: =IF('Данные объект'!B13="","",'Данные объект'!B13)
A19: =IF('Данные объект'!B14="","",'Данные объект'!B14)
A20: =IF('Данные объект'!B15="","",'Данные объект'!B15)
A21: =IF('Данные объект'!B16="","",'Данные объект'!B16)
A23: по титулу:
A24: =IF('Данные объект'!B2="","",'Данные объект'!B2)
A26: =IF('Данные объект'!B3="","",'Данные объект'!B3)
A28: (объект)
A34: шифр проекта:
A35: =IF('Данные объект'!B56="","",'Данные объект'!B56)
A55: =IF('Данные объект'!B4="","",'Данные объект'!B4)
A56: =IF('Данные объект'!B9="","",'Данные объект'!B9)

Sheet Акт опробования
N4: АКТ № | P4: =IF('Данные объект'!B2="","",'Данные объект'!B2)
A5: рабочей комиссии о приёмке оборудования после комплексного опробования
A7: г. | Y7: =IF('Данные объект'!B8="","",'Данные объект'!B8)
A9: Комиссия, назначенная
A13: {наименование организации-Заказчика (застройщика), назначившей комиссию}
A15: приказом СЭС | S15: от | T15: " | U15: 27 | W15: " | X15: января | AE15: 20 | AF15: 26
A17: № | B17: 197
A19: в составе:
A21: председателя-представителя Заказчика (застройщика)
A24: (фамилия, имя, отчество, должность)
A26: членов комиссии — представителей:
A27: генерального подрядчика
A29: (фамилия, имя, отчество, должность)
A31: (фамилия, имя, отчество, должность)
A33: пусконаладочной организации
A34: =IF('Данные организации'!A40="","",'Данные организации'!A40)
A35: (фамилия, имя, отчество, должность)
A37: субподрядных (монтажных) организаций
A38: нет
A40: (фамилия, имя, отчество, должность)
A42: эксплуатационной организации
A45: (фамилия, имя, отчество, должность)
A47: генерального проектировщика
A50: (фамилия, имя, отчество, должность)
A53: органов технического надзора
A54: -
A55: -
A56: (фамилия, имя, отчество, должность)
... A72: смонтированное в
A73: =IF('Данные объект'!B5="","",'Данные объект'!B5)
A74: (наименование предприятия, его очереди, пускового этапа)
A76: входящего в состав титула:
A77: =IF('Данные объект'!B3="","",'Данные объект'!B3)
A78: (наименование предприятия, его очереди, пускового этапа)
A80: прошло (не прошло) комплексное опробование, включая необходимые
A82: пусконаладочные работы, совместно с коммуникациями с | Y82: =IF('Данные объект'!B8="","",'Данные объект'!B8)
A84: по | C84: =IF(Y82="","",Y82+3) | P84: В течение | T84: 72 | Y84: часов, дней в соответствии с
A86: утверждённой Заказчиком Программой.
A88: 2. Комплексное опробование, включая необъодимые пусконаладочные работы, выполнены (не выполнено)
A90: (наименование организации - заказчика пусконаладочной организации)
A92: 3. Дефекты проектирования, изготовления и монтажа оборудования, выявленные в процессе комплексного
A93: опробования, а также недоделки:
A94: нет
AD95: устранены.
A96: 4. В процессе комплексного опробования выполнены дополнительные работы
A97: нет
A101: 5. Наличие разрешения надзорного органа на проведение комплексного опробования включая
A102: пуско-наладочные работы
A103: от | L103: № | X103: ( Разрешение Ростехнадзора или иного
A104: надзорного органа, для энергоустановки разрешение Ростехнадзора на допуск энергоустановки в эксплуатацию).
A105: РЕШЕНИЕ РАБОЧЕЙ КОМИССИИ:
A106: Оборудование, прошедшее (не прошедшее) комплексное опробование в соответсвие с требованиями
A107: регламентов Общества, считать готовым (не готовым) к эксплуатации и выпуску продукции (оказанию услуг),
A108: предусмотренной проектом в объёме, соответсвующем нормам освоения проектных мощностей в начальный
A109: период и принятым (не принятым) с | M109: =IF('Данные объект'!B8="","",'Данные объект'!B8) | AC109: для предъявления
A110: приёмочной комиссии к приёмке в эксплуатацию
A111: Председатель комиссии:
A113: Заместитель директора - главный инженер
Q114: (подпись)
A116: Члены рабочей комиссии:
A118: Начальник СРЭС
Q119: (подпись)
A121: Гл.специалист ССК УКС
Q122: (подпись)
Q125: (подпись)
Q128: (подпись)

Sheet Приложение_№_2
A4: АКТ № | Q4: =IF('Данные объект'!B2="","",'Данные объект'!B2)
A5: рабочей комиссии о приемке оборудования после индивидуального испытания для комплексного опробования
A7: г. | B7: ='Акт опробования'!B7:H7 | X7: =IF('Данные объект'!B8="","",'Данные объект'!B8)
A9: Комиссия, назначенная
A13: {наименование организации-Заказчика (застройщика), назначившей комиссию}
A15: приказом СЭС | S15: от | T15: " | U15: 27 | W15: " | X15: января | AE15: 20 | AF15: 26
A17: № | B17: 197
A19: в составе:
A21: председателя-представителя Заказчика (застройщика)
A24: (фамилия, имя, отчество, должность)
A26: членов комиссии — представителей:
A27: генерального подрядчика
A28: ='Акт опробования'!A28:AF28
A29: (фамилия, имя, отчество, должность)
A31: (фамилия, имя, отчество, должность)
A33: пусконаладочной организации
A34: ='Акт опробования'!A34:AF34
A35: (фамилия, имя, отчество, должность)
A37: субподрядных (монтажных) организаций
A38: нет
A40: (фамилия, имя, отчество, должность)
A42: эксплуатационной организации
A43: ='Акт опробования'!A43:AF43
A45: (фамилия, имя, отчество, должность)
A47: генерального проектировщика
A48: ='Акт опробования'!A48:AF48
A50: (фамилия, имя, отчество, должность)
A53: органов технического надзора
A54: -
A55: -
A56: (фамилия, имя, отчество, должность)
A58: других заинтересованных органов надзора и организаций (при необходимости)
A59: -
A60: (фамилия, имя, отчество, должность)
A62: УСТАНОВИЛА:
A64: 1. Генеральным подядчиком
A65: ='Акт опробования'!A28:AF28
A69: (фамилия, имя, отчество, должность)
A71: предъявлено к приемке следующее оборудование:
A72: СИП-2 3х70+1х95, протяженностью 0,028 км
A74: (перечень оборудования и его краткая техническая характеристика)
A76: (при необходимости перечень указывается в приложении)
A78: смонтированное в
A79: =IF('Данные объект'!B5="","",'Данные объект'!B5)
A81: (наименование здания, сооружения, цеха)
A83: входящего в состав
A84: =IF('Данные объект'!B3="","",'Данные объект'!B3)
A86: (наименование предприятия, его очереди, пускового этапа)
A88: 2. Монтажные работы выполнены
A89: =IF('Данные объект'!B19="","",'Данные объект'!B19)
A91: (наименование предприятия, его очереди, пускового этапа)
A93: 3. Проектная документация разработана
A94: =IF(A89="","",A89)
A98: (наименование монтажных организация, их ведомственная подчиненность, номера чертежей и даты их составления)
A100: 4. Дата начала монтажных работ
A102: (месяц и год)
A104: Дата окончания монтажных работ
A106: (месяц и год)
A108: РЕШЕНИЕ КОМИССИИ:
A109: Предъявленое к приёмке оборудование, прошедшее индивидуальные испытания считать принятым с
A110: =IF('Данные объект'!B8="","",'Данные объект'!B8) | M110: г. | N110: для комплексного опробования
A111: =IF(A84="","",A84)
A117: Председатель комиссии:
A119: И.о. заметителя директора - главного инженера
Q120: (подпись)
A122: Члены комиссии:
A124: ='Акт опробования'!A118:F118 | Y124: ='Акт опробования'!Y118:AF118
Q125: (подпись)
A127: Гл.специалист ССК УКС
Q128: (подпись)
A130: ='Акт опробования'!A124:N124 | Y130: ='Акт опробования'!Y124:AF124
Q131: (подпись)
A133: =IF('Акт опробования'!A126="","",'Акт опробования'!A126) | Y133: ='Акт опробования'!Y127:AF127
Q134: (подпись)
A135: Сдали: | X135: Приняли:
A136: представители генерального подрядчика и субподрядных организаций: | X136: представители заказчика:
A137: =IF(A130="","",A130) | X137: =IF(A124="","",A124)
A138: =IF(Y130="","",Y130) | X138: =IF(Y124="","",Y124)
A140: (подписи) | X140: (подписи)

Sheet Приложение_№_4
A4: =IF(Приложение_№_2!A4="","",Приложение_№_2!A4) | R4: =IF('Акт опробования'!P4="","",'Акт опробования'!P4)
A5: РАБОЧЕЙ КОМИССИИ О ГОТОВНОСТИ ОБОРУДОВАНИЯ ДЛЯ ПРЕДЪЯВЛЕНИЯ ПРИЕМОЧНОЙ КОМИССИИ
A7: г. | B7: ='Акт опробования'!B7:H7 | X7: =IF('Данные объект'!B8="","",'Данные объект'!B8)
A9: Комиссия, назначенная
A11: =IF(Приложение_№_2!A11="","",Приложение_№_2!A11)
A13: {наименование организации-Заказчика (застройщика), назначившей комиссию}
A15: приказом ЗЭС | S15: от | T15: " | U15: =IF(Приложение_№_2!U15="","",Приложение_№_2!U15) | W15: " | X15: =IF(Приложение_№_2!X15="","",Приложение_№_2!X15) | AE15: 20 | AF15: =IF(Приложение_№_2!AF15="","",Приложение_№_2!AF15)
A17: № | B17: =IF(Приложение_№_2!B17="","",Приложение_№_2!B17)
A19: в составе:
A21: председателя-представителя Заказчика (застройщика)
A22: =IF(Приложение_№_2!A22="","",Приложение_№_2!A22)
A24: (фамилия, имя, отчество, должность)
A26: членов комиссии — представителей:
A27: генерального подрядчика
A28: =IF(Приложение_№_2!A28="","",Приложение_№_2!A28)
A29: (фамилия, имя, отчество, должность)
A31: (фамилия, имя, отчество, должность)
A33: пусконаладочной организации
A34: =IF(Приложение_№_2!A34="","",Приложение_№_2!A34)
A35: (фамилия, имя, отчество, должность)
A37: субподрядных (монтажных) организаций
A38: нет
A40: (фамилия, имя, отчество, должность)
A42: эксплуатационной организации
A43: =IF(Приложение_№_2!A43="","",Приложение_№_2!A43)
A45: (фамилия, имя, отчество, должность)
A47: генерального проектировщика
A48: =IF(Приложение_№_2!A48="","",Приложение_№_2!A48)
A50: (фамилия, имя, отчество, должность)
A53: органов технического надзора
A54: -
A55: -
A56: (фамилия, имя, отчество, должность)
A58: других заинтересованных органов надзора и организаций (при необходимости)
A59: -
A60: (фамилия, имя, отчество, должность)
A62: УСТАНОВИЛА:
A64: 1. Генеральным подядчиком
A65: =IF(Приложение_№_2!A65="","",Приложение_№_2!A65)
A69: (наименование организации и ее ведомственная подчиненность)
A71: предъявлено к приемке в эксплуотацию законченное(ые) строительством
A72: =IF(Приложение_№_2!A72="","",Приложение_№_2!A72)
A74: (наименование здания, сооружения, оборудование или номер приложения к акту)
A76: (при необходимости перечень указывается в приложении)
A78: смонтированное в
A79: МО, Наро-Фоминский р-н, с.о.Симбуховский, д.Субботино
A81: (наименование здания, сооружения, цеха)
A83: входящего в состав титула:
A84: =IF(Приложение_№_2!A84="","",Приложение_№_2!A84)
A86: (наименование объекта (титула))
A88: 2. Строительство осуществлялось генеральным подрядчиком, выполнившим
A89: СМР, ПНР, ПИР
A91: (ввиды работ)
A93: и его субподрядными организациями
A94: -
A98: (наименование монтажных организация, их ведомственная подчиненность)
A100: выполнившими
A101: -
A102: (виды работ)
A104: 3. Проектная документация на строительство разработана проектными организациями
A105: =IF(Приложение_№_2!A94="","",Приложение_№_2!A94)
A106: (наименование монтажных организация, их ведомственная подчиненность)
A108: 4. Строительство осуществлялось по проекту
A109: №
A111: (номер проекта, номер серии (по типовым проектам))
A113: 5. Проектная документация утверждена
A115: (наименование органа, утвердившего документацию на объект в целом)
A116: " | E116: " | K116: 20 | O116: г. | P116: №
A118: 6. Строительно-монтажные работы осуществлены в сроки:
A119: начало работ | F119: =IF(Приложение_№_2!A101="","",Приложение_№_2!A101) | P119: окончания работ | U119: =IF(Приложение_№_2!A105="","",Приложение_№_2!A105)
F120: (месяц и год) | U120: (месяц и год)
A122: 7. Рабочей комиссии представлена следующая документация:
A125: Указаннын документы являются обязательным приложением к настоящему акту.
A127: 8. Здания, сооружения и оборудование имеет следующие показатели:
A128: =IF(A72="","",A72)
A130: (мощность, производительность, производственная площадь, протяженность, вместимость и т.п. или номер приложения к акту)
A132: 9. Технологические и архитектурно-строительные решения по зданию, сооружению характеризуются следующими данными:
A133: -
A134: (краткие технические характеристики по планировке, этажности, основным материалам и конструкциям,
A135: -
A136: инженерному и технологическому оборудованию или номер приложения к акту)
A138: 10. Оборудование установлено согласно актам о его приемке после индивидуального испытания и комплексного опробования рабочими комиссиями (перечень актов приведен в приложении _____ к настоящему акту) в количестве:
A139: по проекту: | N139: единиц;
A140: фактически: | N140: единиц;
A142: 11. Мероприятия по охране труда, обеспечению взрывобезопасности, пожаробезопасности, охране окружающей природной среды и антисейсмические мероприятия, предусмотренные проектом
A143: -
A144: (сведения о выполнении)
A145: Характеристика мероприятий приведена в приложении ______ к акту.
A147: 12. Выявленные дефекты и недоделки должны быть устранены в сроки, указанные в приложении _____к акту.
A149: 13. Сметная стоимость по утвержденной проектной документации:
A150: всего _________________ тыс. руб., в том числе строительно-монтажных работ:
A151: ____________тыс. руб., оборудования, инструмента и инвентаря ___________ тыс. руб.
A152: РЕШЕНИЕ КОМИССИИ:
A153: =IF(A84="","",A84)
A154: (наименование здания, сооружения)
A157: СЧИТАТЬ ПРИНЯТЫМ от генеравльного подрядчика и готовым для предъявления приемочной комиссии.
A162: Председатель комиссии:
A164: =IF(Приложение_№_2!A119="","",Приложение_№_2!A119) | Y164: =IF(Приложение_№_2!Y119="","",Приложение_№_2!Y119)
Q165: (подпись)
A167: Члены комиссии:
...

Sheet Пр.6А
J1: Приложение 6А
A2: ЗАКЛЮЧЕНИЕ
A3: о контролепригодности рабочей документации
A4: =IF('Данные объект'!B2="","",'Данные объект'!B2)
A5: =IF('Данные объект'!B4="","",'Данные объект'!B4) | I5: ='Данные объект'!B6-3
A7: =IF('Данные объект'!B3="","",'Данные объект'!B3)
A8: =IF('Данные объект'!B56="","",'Данные объект'!B56)
A9: (полное наименование документации, шифр, реквизиты приказа об утверждении (при наличии)
A10: Мною, специалистом строительного контроля
A11: =IF('Данные объект'!B33="","",'Данные объект'!B33)
A12: (организация)
A13: =IF(AND('Данные объект'!B39="",'Данные объект'!B42=""),"",CONCATENATE(IF('Данные объект'!B39="","",'Данные объект'!B39)," ",IF('Данные объект'!B42="","",'Данные объект'!B42)))
A14: (Фамилия И.О.)
A15: назначенным приказом | C15: =IF('Данные объект'!B43="","",'Данные объект'!B43)
A16: за осуществление строительного контроля на объекте строительства:
A17: =IF('Данные объект'!B3="","",'Данные объект'!B3)
A18: (наименование объекта строительства)
A19: в период с | B19: =I5-3 | D19: по | E19: =IF(I5="","",I5) | G19: проведен анализ и оценка возможности
A21: № | B21: Оценка | J21: Результат
A22: 1 | B22: Комплектность рабочей документации в объеме необходимом и достаточном для контроля качества работ | J22: ⅴДа □Нет
A23: 2 | B23: Взаимная увязка размеров, координат и отметок (высот), соответствующих проектным осевым размерам и геодезической основе | J23: ⅴДа □Нет
A24: 3 | B24: Наличие ссылок на нормативные документы на материалы и изделия (технические условия и ГОСТ) | J24: ⅴДа □Нет
A25: 4 | B25: Наличие требований к фактической точности контролируемых параметров, оценка возможности ее контроля | J25: ⅴДа □Нет
A26: 5 | B26: Условия определения с необходимой точностью предлагаемых допусков на размеры изделий и конструкций, а также обеспечение выполнения контроля указанных в проектной документации параметров при установке изделий и конструкций в проектное положение, наличие указаний о методах и оборудовании для выполнения необходимых испытаний и измерений со ссылкой на нормативные документы | J26: ⅴДа □Нет
A27: 6 | B27: Техническая оснащенность и технологические возможности выполнения контроля качества в соответствии с нормативной документацией | J27: ⅴДа □Нет
A28: 7 | B28: Достаточность перечня скрытых работ, перечня ответственных конструкций, участков сетей, по которым требуется производить освидетельствование | J28: ⅴДа □Нет
A29: 8 | B29: Достаточность перечня работ и конструкций, показатели качества которых подлежат оценке соответствия в процессе строительства | J29: ⅴДа □Нет
A30: 9 | B30: Наличие предельных значений контролируемых параметров, допускаемых уровней несоответствия по каждому из них | J30: ⅴДа □Нет
A31: 10 | B31: Наличие и соответствие разделов рабочей документации требованиям законодательных и нормативных актов РФ в части организации и обеспечения качества строительства со стороны строительного подрядчика и Заказчика | J31: ⅴДа □Нет
A32: 11 | B32: Наличие указаний о применяемых инструментах, приборах, методах контроля и объемах, в том числе в виде ссылок на соответствующие нормативные документы | J32: ⅴДа □Нет
A33: В результате анализа и оценки на контролепригодность:
A34: рабочей документации по титулу
A35: =IF('Данные объект'!B3="","",'Данные объект'!B3)
A36: 1. | B36: -
A37: 2. | B37: -
A38: Выводы:
A39: На основании выполненного анализа и оценки организационно-технологической документации, Исполнитель СК удостоверяет о возможности/невозможности (нужное подчеркнуть) осуществления по ней контроля качества строительных процессов и материалов, изделий, оборудования установленным нормативным требованиям.
A40: Исполнитель СК: | F40: / | J40: =IF('Данные объект'!B42="","",'Данные объект'!B42)
F41: (подпись)/(дата) | J41: (Ф.И.О.)

Sheet Пр.6Б
J1: Приложение 6Б
A2: ЗАКЛЮЧЕНИЕ
A3: о контролепригодности организационно-технологической документации
A4: =IF('Данные объект'!B2="","",'Данные объект'!B2)
A5: =IF('Данные объект'!B4="","",'Данные объект'!B4) | I5: ='Данные объект'!B6-3
A7: =IF('Данные объект'!B3="","",'Данные объект'!B3)
A8: =IF('Данные объект'!B56="","",'Данные объект'!B56)
A9: (полное наименование документации, шифр, реквизиты приказа об утверждении (при наличии)
A10: Мною, специалистом строительного контроля
A11: =IF('Данные объект'!B33="","",'Данные объект'!B33)
A12: (организация)
A13: =IF(AND('Данные объект'!B39="",'Данные объект'!B42=""),"",CONCATENATE(IF('Данные объект'!B39="","",'Данные объект'!B39)," ",IF('Данные объект'!B42="","",'Данные объект'!B42)))
A14: (Фамилия И.О.)
A15: назначенным приказом | C15: =IF('Данные объект'!B43="","",'Данные объект'!B43)
A16: за осуществление строительного контроля на объекте строительства:
A17: =IF('Данные объект'!B3="","",'Данные объект'!B3)
A18: (наименование объекта строительства)
A19: в период с | B19: =I5-3 | D19: по | E19: =IF(I5="","",I5) | G19: проведен анализ и оценка возможности
A21: № | B21: Оценка | J21: Результат
A22: 1 | B22: Комплектность, полнота и качество разработки операционно-технологических карт, схем операционного контроля по видам работ и контроля в соответствии с требованиями утвержденной проектной документации и выданной в производство работ рабочей документации, в том числе входного контроля материалов, изделий и оборудования; операционного и приемочного контроля | J22: ⅴДа □Нет
A23: 2 | B23: Наличие и соответствие разделов требованиям законодательных и нормативных документов в части организации и обеспечения качества строительства со стороны строительного подрядчика и Заказчика | J23: ⅴДа □Нет
A24: 3 | B24: Наличие перечня работ и конструкций, показатели качества которых подлежат оценке соответствия в процессе строительства | J24: ⅴДа □Нет
A25: 4 | B25: Наличие перечня актов, оформляемых на скрытые работы и ответственные конструкции, оказывающие влияние на безопасность объекта или сооружения, подлежащие освидетельствованию | J25: ⅴДа □Нет
A26: 5 | B26: Наличие предельных значений контролируемых параметров, допускаемых уровней несоответствия по каждому из них | J26: ⅴДа □Нет
A27: 6 | B27: Наличие указаний о применяемых инструментах, приборах, объемах и методах контроля, в том числе в виде ссылок на соответствующие нормативные документы | J27: ⅴДа □Нет
A28: В результате анализа и оценки на контролепригодность:
A29: организационно-технологической документации по титулу
A30: =IF('Данные объект'!B3="","",'Данные объект'!B3)
A31: 1. | B31: -
A32: 2. | B32: -
A33: Выводы:
A34: На основании выполненного анализа и оценки организационно-технологической документации, Исполнитель СК удостоверяет о возможности/невозможности (нужное подчеркнуть) осуществления по ней контроля качества строительных процессов и материалов, изделий, оборудования установленным нормативным требованиям.
A35: Исполнитель СК: | F35: / | J35: =IF('Данные объект'!B42="","",'Данные объект'!B42)
F36: (подпись)/(дата) | J36: (Ф.И.О.)

Sheet Пр.7
A1: Приложение 7
A2: Форма заключения по проверке готовности строительной подрядной организации к выполнению работ по строительству, реконструкции, техперевооружению на объектах электросетевого комплекса
A3: ЗАКЛЮЧЕНИЕ
A4: =IF('Данные объект'!B2="","",'Данные объект'!B2)
A5: по проверке готовности строительной подрядной организации к выполнению работ
A6: по строительству, реконструкции, техперевооружению на объектах электросетевого комплекса
A8: ='Данные объект'!B6-3 | L8: =IF('Данные объект'!B4="","",'Данные объект'!B4)
L9: (место составления)
A10: Мною, специалистом строительного контроля
A11: =IF('Данные объект'!B33="","",'Данные объект'!B33)
A12: (организация)
A13: =IF('Данные объект'!C42="","",'Данные объект'!C42)
A14: (Фамилия И.О.)
A15: назначенным приказом : | D15: =IF('Данные объект'!B43="","",'Данные объект'!B43) | I15: за осуществление строительного контроля на объекте строительства:
A16: =IF('Данные объект'!B3="","",'Данные объект'!B3)
A17: (наименование объекта строительства)
A19: проведена проверка готовности | E19: =IF('Данные объект'!B19="","",'Данные объект'!B19)
A20: (наименование подрядной организации)
A22: В присутствии:
A24: полномочного представителя подрядной организации:
A25: =IF('Данные объект'!C28="","",'Данные объект'!C28)
A26: (должность, Ф.И.О.)
A28: к проведению работ:
A29: =IF('1 '!G41="","",'1 '!G41)
A30: =IF('1 '!G42="","",'1 '!G42)
A31: =IF('1 '!G43="","",'1 '!G43)
A32: =IF('1 '!G44="","",'1 '!G44)
A33: =IF('1 '!G45="","",'1 '!G45)
A34: =IF('1 '!G46="","",'1 '!G46)
A35: =IF('1 '!G47="","",'1 '!G47)
A36: =IF('1 '!G48="","",'1 '!G48)
A37: (наименование работ)
A39: № п/п | B39: Наименование проверяемого документа и его наличие | J39: Отметка о соответствии требованиям и нормативу * | L39: Параметры несоответствия нормативу, подлежащие к устранению до начала работ (наименование НТД)
A40: 1 | B40: ГОТОВНОСТЬ РАЗРЕШИТЕЛЬНОЙ ДОКУМЕНТАЦИИ НЕОБХОДИМОЙ ДЛЯ НАЧАЛА СТРОИТЕЛЬСТВА
A41: 1.1 | B41: Договор на выполнение СМР, договор на осуществление авторского надзора в случае разработки проекта подрядчиком (проверка на наличие). | J41: +
A42: 1.2 | B42: Согласование Заказчика, выдаваемое Строительному подрядчику на привлечение субподрядной организации (для проверки готовности субподрядной организации). | J42: +
A43: 1.3 | B43: Подтверждение членства в саморегулируемых организациях - актуальная выписка из реестра членов саморегулируемой организации (СРО). | J43: +
A44: 1.4 | B44: Лицензия, выдаваемая МЧС на монтаж средств обеспечения пожарной безопасности зданий и сооружений (при необходимости). | J44: не требуется
A45: 1.5 | B45: Разрешение на вырубку леса (при необходимости). | J45: не требуется
A46: 1.6 | B46: Разрешение на право производства работ в охранной зоне инженерных коммуникаций (при необходимости). | J46: +
A47: 1.7 | B47: Ордер на производство земляных и буровых работ (при необходимости). | J47: не требуется
A48: 2 | B48: ПРОЕКТНАЯ ДОКУМЕНТАЦИЯ
A49: 2.1 | B49: Комплект утвержденной проектной документации. | J49: +
A50: 2.2 | B50: Комплект рабочей документации со штампом «В производство работ» Заказчика (В случае поэтапной выдачи разделов РД указать конкретные разделы РД). | J50: не требуется
A51: 3 | B51: ГОТОВНОСТЬ ОРГАНИЗАЦИОННО – ТЕХНОЛОГИЧЕСКОЙ ДОКУМЕНТАЦИИ
A52: 3.1 | B52: ПРОЕКТ ПРОИЗВОДСТВА РАБОТ (ППР) | J52: +
A53: 3.1.1 | B53: Наличие ППР, утвержденного Главным инженером (техническим руководителем) подрядной строительной организации, согласованного заказчиком. | J53: +
A54: 3.1.2 | B54: Производственные инструкции и технологические карты на основные виды работ, предусмотренные проектом, в т.ч. на строительный контроль качества работ, выполняемый лицом, осуществляющим строительство. | J54: +
A55: 3.2 | B55: ПРОЕКТ ПРОИЗВОДСТВА РАБОТ КРАНАМИ (ППРк) (при необходимости). | J55: не требуется
A56: 3.2.1 | B56: Наличие ППРк, согласованный с владельцем ГПМ, осуществляющим надзор, руководителем организации, разработавшей ППРк и утверждённый руководителем генподрядной строительно-монтажной организации (заказчиком ГПМ). | J56: не требуется
A57: 3.2.2 | B57: Перечень технологического инвентаря и монтажной оснастки, схемы строповки грузов с приложением разрешительной документации (паспортов, сертификатов). | J57: не требуется
A58: 3.3 | B58: Наличие подтверждения ознакомления персонала, назначенного для производства работ, с ППР, ППРк и ОТК. | J58: +
A59: 4 | B59: ГОТОВНОСТЬ РАСПОРЯДИТЕЛЬНЫХ ДОКУМЕНТОВ
A60: 4.1 | B60: О назначении ответственного производителя СМР, имеющего соответствующую квалификацию по видам работ. | J60: +
A61: 4.2 | B61: О закреплении за объектом персонала подрядной организации. | J61: +
A62: 4.3 | B62: О назначении ИТР, ответственных за подготовку объекта, безопасность и качество проведения работ со стороны подрядчика. | J62: +
A63: 4.4 | B63: Наличие разрешительных документов на работы в действующих электроустановка (письма, удостоверения, наличие инструктажей). | J63: +
A64: 5 | B64: ГОТОВНОСТЬ ЛАБОРАТОРИЙ
A65: 5.1 | B65: Заключение о проверке готовности лаборатории неразрушающего контроля (Приложение 8 к Регламенту по осуществлению строительного контроля) | J65: не требуется
A66: 5.2 | B66: Заключение о проверке готовности строительной испытательной лаборатории (Приложение 9 к Регламенту по осуществлению строительного контроля) | J66: не требуется
A67: 5.3 | B67: Заключение о проверке готовности электротехнической (испытательной) лаборатории (Приложение 10 к Регламенту по осуществлению строительного контроля) | J67: +
A68: 6 | B68: ГОТОВНОСТЬ ПРОИЗВОДСТВЕННО-ТЕХНИЧЕСКИХ РЕСУРСОВ
A69: 6.1 | B69: Наличие требуемой численности и квалификации персонала согласно ПОС (ППР), графика движения рабочих кадров: | J69: +
A70: 6.2 | B70: Инженерно-технических работников (в т.ч. ПТО и службы производственного (строительного) контроля). | J70: +
A71: 6.3 | B71: Квалифицированных рабочих по профессиям. | J71: +
A72: 6.4 | B72: Наличие требуемого количества соответствующей строительной и специальной техники согласно ППР (ПОС), графика движения строительной техники: | J72: +
A73: 6.5 | B73: Строительной и специальной техники (технологического инвентаря, монтажной оснастки) | J73: +
A74: 6.6 | B74: Вспомогательного автотранспорта для доставки персонала к месту производства работ. | J74: +
A75: 6.7 | B75: Наличие в полном объеме требуемого проектом на дату начала выполнения работ количества основных материалов, конструкций и оборудования с подтверждающими документами их качества (сертификатами, паспортами) завода - изготовителя в рамках поставки строительного подрядчика в соответствии с графиком. | J75: +
A76: 7 | B76: ГОТОВНОСТЬ ПРОИЗВОДСТВЕННО-ТЕХНИЧЕСКИХ ЗДАНИЙ И СООРУЖЕНИЙ
A77: 7.1 | B77: Готовность и размещение временных титульных зданий и сооружений, возводимых до начала строительства, в соответствии с ПОС (ППР) (жилые городки, склады, РБУ и другие сооружения подсобно – хозяйственного назначения). Договора аренды соответствующих зданий и сооружений, приспосабливаемых для подсобно-хозяйственного назначения. | J77: не требуется
A78: 7.2 | B78: Готовность в соответствии с графиком поставки оборудования открытых площадок, полузакрытых (закрытых) складов, в соответствии с ПОС (ППР). Договора аренды площадей и помещений (при необходимости). | J78: не требуется
A79: 7.3 | B79: Готовность в соответствии с ПОС (ППР) временных сетей водо- (холодной, горячей воды), газоснабжения, теплоснабжения, а также канализационных бытовых и промышленных стоков. Наличие соответствующих договоров на утилизацию отходов, стоков (при необходимости). | J79: не требуется
A80: 7.4 | B80: Готовность в соответствии с ПОС (ППР) временных устройств системы электроснабжения подрядчика, осуществляемая от внешних электрических сетей (ТСО), либо энергоснабжения строительной площадки от автономных источников электроснабжения с соблюдением всех технических требований с согласия Заказчика. | J80: не требуется
A81: 7.5 | B81: Готовность в соответствии с ПОС (ППР) объектов и сооружений обеспечения безопасности и охраны, пропускного и внутриобъектового режима, антитеррористической защищенности объекта строительства, складов, площадок складирования и хранения оборудования, материалов. | J81: не требуется
A82: 7.6 | B82: Готовность в соответствии с ПОС (ППР) временных подъездных, эвакуационных и внутриплощадочных дорог, создаваемых на период строительства. | J82: не требуется
A83: 8. | B83: ГОТОВНОСТЬ ОБЕСПЕЧЕНИЯ ТРЕБОВАНИЙ ПО ОХРАНЕ ТРУДА
A84: 8.1 | B84: Утвержденная программа вводного инструктажа и журнал регистрации вводного инструктажа. | J84: +
A85: 8.2 | B85: Утвержденная программа проведения первичного инструктажа на рабочем месте и журнал регистрации первичного инструктажа на рабочем месте. | J85: +
A86: 8.3 | B86: Перечень инструкций по охране труда. | J86: +
A87: 8.4 | B87: Журнал регистрации первичного инструктажа на рабочем месте. | J87: +
A88: 8.5 | B88: Журнал учета и выдачи инструкций по охране труда. | J88: +
A89: 8.6 | B89: Инструкции по охране труда по профессиям и видам работ в соответствии с Перечнем инструкций по охране труда, содержащие достаточные и актуальные требования охраны труда. | J89: +
A90: 8.7 | B90: Приказ о назначении ИТР по надзору за безопасной эксплуатацией грузоподъёмных кранов и подъемников (вышек), съёмных грузозахватных приспособлений, тары. | J90: не требуется
A91: 8.8 | B91: Приказ о назначении ИТР, ответственных за содержание грузоподъемных кранов и подъемников (вышек) в исправном состоянии. | J91: не требуется
A92: 8.9 | B92: Приказ о назначении лица, ответственного за безопасное производство работ грузоподъемными кранами, подъемниками (вышками). | J92: не требуется
A93: 8.10 | B93: Приказ о назначении ответственных за исправное состояние и безопасную эксплуатацию сосудов, работающих под давлением. | J93: не требуется
A94: 8.11 | B94: Приказ о назначении ответственных лиц за безопасное проведение работ в электроустановках. | J94: +
A95: 8.12 | B95: Приказ о назначении лиц ответственных за электрохозяйство. | J95: +
... A101: 8.18 | B101: Наличие отметок о допусках к специальным работам в квалификационных удостоверениях по профессиям у ИТР и рабочего персонала, в соответствии с приказом. | J101: +
A102: 8.19 | J102: +
A103: 8.20 | B103: Наличие удостоверений, копий протоколов аттестации по проверке знаний норм и правил работы в электроустановках. | J103: +
A104: 8.21 | B104: Журнал приемки и осмотра лесов и подмостей. | J104: не требуется
A105: 9. | B105: ГОТОВНОСТЬ ОБЕСПЕЧЕНИЯ ПОЖАРНОЙ БЕЗОПАСНОСТИ
A106: 9.1 | B106: Наличие приказа о назначении лица ответственного за пожарную безопасность. | J106: +
A107: 9.2 | B107: Наличие инструкции по пожарной безопасности при проведении огневых работ. | J107: +
A108: 9.3 | B108: Наличие и готовность к применению первичных средств пожаротушения согласно расчету. | J108: +
A109: 9.4 | B109: Документы, подтверждающие прохождение работниками обучения мерам пожарной безопасности | J109: +
A110: 10. | B110: ГОТОВНОСТЬ ОБЕСПЕЧЕНИЯ ОХРАНЫ ОКРУЖАЮЩЕЙ СРЕДЫ И ЭКОЛОГИЧЕСКОЙ БЕЗОПАСНОСТИ
A111: 10.1 | B111: Наличие ОРД о назначении лица ответственного за охрану окружающей среды и обеспечение экологической безопасности на строительной площадке. | J111: +
...

Sheet Пр.10
A1: Приложение 10
A2: ЗАКЛЮЧЕНИЕ
A3: =IF('Данные объект'!B2="","",'Данные объект'!B2)
A4: о проверке готовности электротехнической (испытательной) лаборатории
A5: строительной подрядной организации к проведению работ по строительству, реконструкции, техническому перевооружению на объектах электросетевого комплекса
K7: =IF('Данные объект'!B4="","",'Данные объект'!B4)
K8: (место составления)
A9: Мною, специалистом строительного контроля
A10: =IF('Данные объект'!B33="","",'Данные объект'!B33)
A11: (организация)
A12: =IF('Данные объект'!C42="","",'Данные объект'!C42)
A13: (Фамилия И.О.)
A14: назначенным приказом : | C14: =IF('Данные объект'!B43="","",'Данные объект'!B43) | H14: за осуществление строительного контроля на объекте строительства:
A15: =IF('Данные объект'!B3="","",'Данные объект'!B3)
A16: (Наименование объекта строительства)
A18: проведена проверка готовности | D18: =IF('Данные объект'!B19="","",'Данные объект'!B19)
A19: (наименование подрядной организации)
A20: В присутствии:
A21: полномочного представителя подрядной организации:
A22: =IF('Данные объект'!C28="","",'Данные объект'!C28)
A23: (должность, Ф.И.О.)
A24: к проведению работ:
A25: Проверки (испытаний) электроустановки
A26: (наименование работ)
A28: № п/п | B28: Наименование документа | J28: Отметка о соотв. нормативу * | L28: Параметры несоответствия нормативу, подлежащие к устранению до начала работ (наименование нормативного документа).
A29: 1 | B29: 2 | J29: 3 | L29: 4
A30: 1 | B30: Свидетельство о регистрации ЭЛ. | J30: +
A31: 2 | B31: Аттестованный персонал на IV-V группы электробезопасности с правом испытания оборудования повышенным напряжением. | J31: +
A32: 3 | B32: Прохождение персоналом ЭЛ подготовки и проверки знаний по требованиям ПБ. | J32: +
A33: 4 | B33: Паспорт ЭЛ. | J33: +
A34: 5 | B34: Руководство по качеству ЭЛ. | J34: +
A35: 6 | B35: Положение ЭЛ. | J35: +
A36: 7 | B36: Должностные инструкции. | J36: +
A37: 8 | B37: Приказ о создании ЭЛ. | J37: +
A38: 9 | B38: Приказ о назначении ответственных лиц. | J38: +
A39: 10 | B39: Методики по электроиспытаниям в соответствии с разрешенными видами испытаний. | J39: +
A40: 11 | B40: Инструкции по охране труда. | J40: +
A41: 12 | B41: Наличие нормативно-технической документации. | J41: +
... A43: 14 | B43: Паспорта, руководство по эксплуатации на применяемое оборудование и средства измерения. | J43: +
A45: * Если документ не требуется, указать «не треб.»
A47: ЗАКЛЮЧЕНИЕ:
A48: электротехническая (испытательная) лаборатория подрядчика (субподрядчика)
A49: =IF('Данные объект'!B19="","",'Данные объект'!B19)
A50: (наименование подрядной организации, лаборатории)
A51: к реализации проектных решений и проведению работ на объекте:
A52: =IF('Данные объект'!B2="","",'Данные объект'!B2)
A53: (наименование объекта)
A54: готова
A55: (заключение о готовности)
A56: Подписи:
A57: Исполнитель СК: | C57: =IF('Данные объект'!B39="","",'Данные объект'!B39) | K57: =IF('Данные объект'!B42="","",'Данные объект'!B42)
C58: (должность) | G58: (подпись) | K58: (Ф.И.О.)
A60: Представитель подрядной организации:
C61: =IF('Данные объект'!C27="","",'Данные объект'!C27) | K61: =IF('Данные объект'!B28="","",'Данные объект'!B28)
C62: (должность) | G62: (подпись) | K62: (Ф.И.О.)

Sheet Пр.11
A1: Приложение 11
A3: ЗАКЛЮЧЕНИЕ
A4: об оценке соответствия законченного строительством объекта и его готовности к предъявлению рабочей комиссии
A5: =IF('Данные объект'!B3="","",'Данные объект'!B3)
A7: =IF('Данные объект'!B2="","",'Данные объект'!B2)
A8: (наименование объекта (титула)
A9: =IF('Данные объект'!B4="","",'Данные объект'!B4) | K9: =IF('Данные объект'!B8="","",'Данные объект'!B8)
A10: (место составления)
A12: Нами:
A13: =IF('Данные объект'!B33="","",'Данные объект'!B33)
A14: (наименование структурного подразделения Заказчика, проводившего оценку соответствия)
A15: =IF('Данные объект'!B19="","",'Данные объект'!B19)
A16: (наименование организации генерального подрядчика, осуществившего строительство объекта)
A17: в лице:
A18: представителя Исполнителя СК:
A19: =IF('Данные объект'!C42="","",'Данные объект'!C42)
A20: (фамилия, имя, отчество, должность, идентификационный номер в НРС)
A21: _____________________________________________________________________________________________
A22: назначенным приказом : | C22: =IF('Данные объект'!B43="","",'Данные объект'!B43) | H22: за осуществление строительного контроля на объекте строительства:
A24: представителя организации Генерального подрядчика:
A25: =IF('Данные объект'!C28="","",'Данные объект'!C28)
A26: (фамилия, имя, отчество, должность, идентификационный номер в НРС)
A27: _____________________________________________________________________________________________
A28: назначенного ответственным лицом в соответствии с приказом:
A29: =IF('Данные объект'!B29="","",'Данные объект'!B29)
A31: в присутствии:
A32: представителя Проектировщика (авторского надзора):
A33: -
A34: (наименование организации Проектировщика, осуществившего авторский надзор за строительством объекта, фамилия, имя, отчество, должность, идентификационный номер в НРС)
A35: назначенного ответственным лицом в соответствии с приказом
A36: от «___» _________20___ г. № _____
A37: представителей субподрядных (монтажных) организации:
A38: -
A39: (фамилия, имя, отчество, должность)
A40: представителя эксплуатационной организации:
A41: =IF('Данные объект'!C37="","",'Данные объект'!C37)
A42: (фамилия, имя, отчество, должность)
A43: и представителей других заинтересованных организаций:
A44: -
A45: (фамилия, имя, отчество, должность)
A49: в период с | B49: =IF('Данные объект'!B6="","",'Данные объект'!B6) | D49: по | E49: =IF('Данные объект'!B8="","",'Данные объект'!B8) | G49: проведена проверка соответствия
A51: УСТАНОВЛЕНО:
A52: 1. Генеральным подрядчиком | D52: =IF('Данные объект'!B19="","",'Данные объект'!B19)
A53: (наименование организации)
A54: согласно извещению о готовности объекта для предъявления рабочей комиссии к приемке в эксплуатацию от «___» ___________20___ г. предъявлен для оценки соответствия:
A55: =IF('Данные объект'!B11="","",'Данные объект'!B11)
A56: (наименование здания, сооружения, оборудование или номер приложения к акту)
A57: входящий в состав титула:
A58: =IF('Данные объект'!B3="","",'Данные объект'!B3)
A59: (наименование титула)
A60: 2. При строительстве Генеральным подрядчиком выполнялись
A61: =IF('1 '!G41="","",'1 '!G41)
A62: =IF('1 '!G42="","",'1 '!G42)
A63: =IF('1 '!G43="","",'1 '!G43)
A64: =IF('1 '!G44="","",'1 '!G44)
A65: =IF('1 '!G45="","",'1 '!G45)
A66: =IF('1 '!G46="","",'1 '!G46)
A67: =IF('1 '!G47="","",'1 '!G47)
A68: =IF('1 '!G48="","",'1 '!G48)
A69: (виды работ)
A70: и его субподрядными организациями
A71: -
A72: (наименования организаций)
A73: выполнялись
A74: -
A75: (виды работ)
A76: 3. Проектная документация на строительство разработана проектными организациями:
A77: =IF('Данные объект'!B52="","",'Данные объект'!B52)
A78: (наименования организаций)
A80: 4. Строительство осуществлялось по проекту: | E80: =IF('Данные объект'!B56="","",'Данные объект'!B56)
A81: (номер проекта, номер серии (по типовым проектам))
A83: 5. Проектная документация утверждена | E83: =IF('Данные объект'!B33="","",'Данные объект'!B33)
A84: (наименование руководящего органа Заказчика/Застройщика, утвердившего проектную документацию на объект в целом)
A87: 6. Строительно-монтажные работы осуществлены в сроки:
A88: начало работ | C88: =IF('Данные объект'!B7="","",'Данные объект'!B7) | E88: , окончание работ | G88: =IF('Данные объект'!B8="","",'Данные объект'!B8)
A91: 7. Строительный контроль в рамках контрольных мероприятий Заказчика осуществлялся:
A92: =IF('Данные объект'!C42="","",'Данные объект'!C42)
A93: (организация или структурное подразделение Заказчика, осуществлявшая строительный контроль)
A94: начало оказания услуг | C94: =IF('Данные объект'!B7="","",'Данные объект'!B7) | E94: , окончание работ | G94: =IF('Данные объект'!B8="","",'Данные объект'!B8)
A95: (месяц и год) (месяц и год)
A97: 8. По выполненным работам представлена следующая приемо-сдаточная документация:
A98: Исполнительная документация по договору | E98: =IF('Данные объект'!B2="","",'Данные объект'!B2)
A99: (реквизиты документа о передаче на проверку приемо-сдаточной документации, номер приложения к акту)
A100: которая проверена в установленном порядке:
A102: (реквизиты документа о проверке приемо-сдаточной документации, номер приложения к акту)
A104: 9. Перечень представленных титульных зданий и сооружений:
A105: Перечень законченных строительством зданий и сооружений | D105: Достигнутые показатели (мощность, производственная площадь, протяженность, вместимость и т.п. или номер приложения к акту) | G105: Единица измерения | H105: По проекту | L105: Фактически
H106: общая с учетом ранее принятых | J106: в том числе пускового этапа или очереди | L106: общая с учетом ранее принятых | M106: в том числе пускового этапа или очереди
A107: 1 | D107: 2 | G107: 3 | H107: 4 | J107: 5 | L107: 6 | M107: 7
A111: 10. Оборудование установлено и принято согласно актам о его приемке после индивидуального испытания и комплексного опробования (перечень актов приведен в приложении 15 к акту) в количестве:
A112: Наименование установленного оборудования | D112: Завод - изготовитель | G112: По проекту | J112: Фактически
G113: Кол-во | H113: Показатель технической характеристики оборудования в соотв. ед. изм. | J113: Кол-во | L113: Показатель технической характеристики оборудования в соотв. ед. изм.
A114: 1 | D114: 2 | G114: 3 | H114: 4 | J114: 5 | L114: 6
A119: 11. Вывод по оценке соответствия законченного строительством объекта:
A120: По представленному Генеральным подрядчиком | E120: =IF('Данные объект'!B19="","",'Данные объект'!B19)
A121: (наименование организации)
A122: объект капитального строительства
A123: =IF('Данные объект'!B3="","",'Данные объект'!B3)
A124: (наименование титула строительства)
A126: выполненный по утвержденной проектной документации
...

Sheet Пр.13 Справка ИД
A1: Приложение 13
A3: Наименование Заказчика: | D3: =IF('Данные объект'!B33="","",'Данные объект'!B33)
A4: Наименование Подрядчика: | D4: =IF('Данные объект'!B19="","",'Данные объект'!B19)
A5: Объект: | D5: =IF('Данные объект'!B3="","",'Данные объект'!B3)
A6: Для представления: | D6: Заказчику
A7: Представляется по факту: | D7: Приемочной комиссии
A9: СПРАВКА
A10: об отсутствии замечаний по проверке приемо-сдаточной документации
L12: =IF('Данные объект'!B8="","",'Данные объект'!B8)
A14: Замечания по Перечню замечаний по результатам проверки приемо-сдаточной документации отсутствуют.
A15: Представленная документация соответствует Перечню приемо-сдаточной документации по объекту, утвержденного
L16: =IF('Данные объект'!C3="","",'Данные объект'!C3)
A17: =IF('Данные объект'!C2="","",'Данные объект'!C2)
A20: Приложение:
A21: 1. Реестр приемо-сдаточной документации от | F21: =IF(L12="","",L12) | H21: на | J21: листах.
A23: Представитель технического заказчика
A24: =IF('Данные объект'!C37="","",'Данные объект'!C37)
A25: =IF('Данные объект'!B38="","",'Данные объект'!B38)
A26: =IF(A30="","",A30)
A27: Исполнитель по строительному контролю (Исполнитель СК):
A28: =IF('Данные объект'!C42="","",'Данные объект'!C42)
A29: =IF('Данные объект'!B43="","",'Данные объект'!B43)
A30: (должность, наименование организации, фамилия, инициалы, реквизиты распорядительного документа о представительстве)
A31: Представитель лица строительного подрядчика, осуществляющего строительство:
A32: =IF('Данные объект'!C28="","",'Данные объект'!C28)
A33: =IF('Данные объект'!B29="","",'Данные объект'!B29)
A34: (должность, наименование организации, фамилия, инициалы, реквизиты распорядительного документа о представительстве)

Sheet Пр.15 Реестр
A1: Приложение 15
A2: Форма
A3: реестра приемо-сдаточной документации
C4: =IF('Данные объект'!B2="","",'Данные объект'!B2)
C5: =IF('Данные объект'!B33="","",'Данные объект'!B33)
C6: =IF('Данные объект'!B19="","",'Данные объект'!B19)
A8: =IF('Данные объект'!B3="","",'Данные объект'!B3)
A11: =IF(C4="","",C4)
A14: 1
A15: 1
A16: =A15+1
A17: =A16+1
A18: =A17+1
A21: =A18+1 | B21: =IF(AND(Пр.6А!A2="",Пр.6А!A3=""),"",CONCATENATE(IF(Пр.6А!A2="","",Пр.6А!A2),IF(Пр.6А!A3="","",Пр.6А!A3)," (Прил.6А)")) | D21: =IF(C6="","",C6)
A22: =A21+1 | B22: =IF(AND(Пр.6Б!A2="",Пр.6Б!A3=""),"",CONCATENATE(IF(Пр.6Б!A2="","",Пр.6Б!A2),IF(Пр.6Б!A3="","",Пр.6Б!A3)," (Прил.6Б)")) | D22: =IF(C6="","",C6)
A23: =A22+1 | B23: =IF(AND(Пр.7!A3="",Пр.7!A5="",Пр.7!A6=""),"",CONCATENATE(IF(Пр.7!A3="","",Пр.7!A3),IF(Пр.7!A5="","",Пр.7!A5),IF(Пр.7!A6="","",Пр.7!A6)," (Прил.7)")) | D23: =IF(C6="","",C6)
A24: =A23+1 | B24: =IF(AND(Пр.10!A2="",Пр.10!A4="",Пр.10!A5=""),"",CONCATENATE(IF(Пр.10!A2="","",Пр.10!A2),IF(Пр.10!A4="","",Пр.10!A4),IF(Пр.10!A5="","",Пр.10!A5)," (Прил.10)")) | D24: =IF(C6="","",C6)
A25: =A24+1 | B25: =IF(AND(Пр.11!A3="",Пр.11!A4=""),"",CONCATENATE(IF(Пр.11!A3="","",Пр.11!A3),IF(Пр.11!A4="","",Пр.11!A4)," (Прил.11)")) | D25: =IF(C6="","",C6)
A26: =A25+1 | B26: =IF(AND('Пр.13 Справка ИД'!A9="",'Пр.13 Справка ИД'!A10=""),"",CONCATENATE(IF('Пр.13 Справка ИД'!A9="","",'Пр.13 Справка ИД'!A9),IF('Пр.13 Справка ИД'!A10="","",'Пр.13 Справка ИД'!A10)," (Прил.13)")) | D26: =IF(C6="","",C6)
A27: =A26+1
A28: =A27+1 | D28: =IF(C9="","",C9)
A29: =A28+1 | D29: =IF(C6="","",C6)
A30: =A29+1 | D30: =IF(C6="","",C6)
A31: =A30+1 | D31: =IF(C6="","",C6)
A32: =A31+1 | D32: =IF(C6="","",C6)
A34: =A32+1 | B34: =IF('1 '!A15="","",'1 '!A15) | D34: =IF(C6="","",C6)
A35: =A34+1 | B35: =IF('2'!A14="","",'2'!A14) | D35: =IF(C6="","",C6)
A36: =A35+1 | B36: =IF('3'!A14="","",'3'!A14) | D36: =IF(C6="","",C6)
A37: =A36+1 | B37: =IF('Ведомость общ'!A14="","",'Ведомость общ'!A14) | D37: =IF(C6="","",C6)
A38: =A37+1 | B38: =IF(AND('ТП-1'!$A$16="",'ТП-1'!$A$17=""),"",CONCATENATE(IF('ТП-1'!$A$16="","",'ТП-1'!$A$16),IF('ТП-1'!$A$17="","",'ТП-1'!$A$17))) | D38: =IF(C6="","",C6)
A39: =A38+1 | B39: =IF(AND('ТП-2'!$A$13="",'ТП-2'!$A$14=""),"",CONCATENATE(IF('ТП-2'!$A$13="","",'ТП-2'!$A$13),IF('ТП-2'!$A$14="","",'ТП-2'!$A$14))) | D39: =IF(C6="","",C6)
A40: =A39+1 | B40: =IF(AND('ТП-3'!$A$13="",'ТП-3'!$A$14=""),"",CONCATENATE(IF('ТП-3'!$A$13="","",'ТП-3'!$A$13),IF('ТП-3'!$A$14="","",'ТП-3'!$A$14))) | D40: =IF(C6="","",C6)
A41: =A40+1 | B41: =IF(AND('ТП-4'!A13="",'ТП-4'!A14=""),"",CONCATENATE(IF('ТП-4'!A13="","",'ТП-4'!A13),IF('ТП-4'!A14="","",'ТП-4'!A14))) | D41: =IF(C6="","",C6)
A42: =A41+1 | D42: =IF(C6="","",C6)
A43: =A42+1 | D43: =IF(C6="","",C6)
A44: =A43+1 | D44: =IF(C6="","",C6)
A45: =A44+1 | D45: =IF(C6="","",C6)
A46: =A45+1
A47: =A46+1 | D47: =IF(C6="","",C6)
A48: =A47+1 | D48: =IF(C6="","",C6)
A49: =A48+1
A50: =A49+1 | D50: =IF(C6="","",C6)
A51: =A50+1 | D51: =IF(C6="","",C6)
A52: =A51+1
A53: =A52+1
A54: =A53+1
A55: =A54+1
A56: =A55+1 | D56: =IF(C6="","",C6)
A57: =A56+1 | D57: =IF(C6="","",C6)
A58: =A57+1 | D58: =IF(C6="","",C6)
A59: =A58+1
A60: =A59+1
A61: =A60+1
A62: =A61+1
A63: =A62+1 | D63: =IF(C6="","",C6)
A64: =A63+1 | D64: =IF(C6="","",C6)
A65: =A64+1 | D65: =IF(C6="","",C6)
A66: =A65+1 | D66: =IF(C6="","",C6)
A67: =A66+1
A68: =A67+1
A69: =A68+1
A70: =A69+1 | D70: =IF(C6="","",C6)
A71: =A70+1 | D71: =IF(C6="","",C6)
A72: =A71+1
A73: =A72+1
A74: =A73+1 | B74: =IF(AND('АСП-1'!$A$16="",'АСП-1'!$A$17=""),"",CONCATENATE(IF('АСП-1'!$A$16="","",'АСП-1'!$A$16),IF('АСП-1'!$A$17="","",'АСП-1'!$A$17))) | D74: =IF(C6="","",C6)
A75: =A74+1 | B75: =IF(AND('АСП-2'!$A$13="",'АСП-2'!$A$14=""),"",CONCATENATE(IF('АСП-2'!$A$13="","",'АСП-2'!$A$13),IF('АСП-2'!$A$14="","",'АСП-2'!$A$14))) | D75: =IF(C6="","",C6)
A76: =A75+1 | B76: =IF(AND('АСП-3'!$A$13="",'АСП-3'!$A$14=""),"",CONCATENATE(IF('АСП-3'!$A$13="","",'АСП-3'!$A$13),IF('АСП-3'!$A$14="","",'АСП-3'!$A$14))) | D76: =IF(C6="","",C6)
A77: =A76+1 | D77: =IF(C6="","",C6)
A78: =A77+1 | D78: =IF(C6="","",C6)
A79: =A78+1 | D79: =IF(C6="","",C6)
A80: =A79+1 | D80: =IF(C6="","",C6)
A81: =A80+1
A82: =A81+1 | D82: =IF(C6="","",C6)
A83: =A82+1 | D83: =IF(C6="","",C6)
A84: =A83+1
A85: =A84+1 | D85: =IF(C6="","",C6)
A86: =A85+1 | D86: =IF(C6="","",C6)
A87: =A86+1
A88: =A87+1
A89: =A88+1
A90: =A89+1
A91: =A90+1 | D91: =IF(C6="","",C6)
A92: =A91+1 | D92: =IF(C6="","",C6)
A93: =A92+1 | D93: =IF(C6="","",C6)
A94: =A93+1 | D94: =IF(C6="","",C6)
A95: =A94+1
A96: =A95+1
A97: =A96+1
A98: =A97+1 | D98: =IF(C6="","",C6)
A99: =A98+1 | D99: =IF(C6="","",C6)
A100: =A99+1 | D100: =IF(C6="","",C6)
A101: =A100+1 | D101: =IF(C6="","",C6)
A102: =A101+1
A103: =A102+1
A104: =A103+1
A105: =A104+1 | D105: =IF(C6="","",C6)
A106: =A105+1 | D106: =IF(C6="","",C6)
A107: =A106+1
A108: =A107+1
...

Sheet Ведомость перед
A1: Приложение 15
A2: Форма
A3: реестра приемо-сдаточной документации
C4: =IF('Данные объект'!B2="","",'Данные объект'!B2)
C5: =IF('Данные объект'!B33="","",'Данные объект'!B33)
C6: =IF('Данные объект'!B19="","",'Данные объект'!B19)
A8: =IF('Данные объект'!B3="","",'Данные объект'!B3)
A11: =IF(C4="","",C4)
A14: 1
A15: 1
A16: =A15+1
A17: =A16+1
A18: =A17+1
A19: =A18+1 | B19: =IF(AND(Пр.6А!A2="",Пр.6А!A3=""),"",CONCATENATE(IF(Пр.6А!A2="","",Пр.6А!A2),IF(Пр.6А!A3="","",Пр.6А!A3)," (Прил.6А)")) | D19: =IF(C6="","",C6)
A20: =A19+1 | B20: =IF(AND(Пр.6Б!A2="",Пр.6Б!A3=""),"",CONCATENATE(IF(Пр.6Б!A2="","",Пр.6Б!A2),IF(Пр.6Б!A3="","",Пр.6Б!A3)," (Прил.6Б)")) | D20: =IF(C6="","",C6)
A21: =A20+1 | B21: =IF(AND(Пр.7!A3="",Пр.7!A5="",Пр.7!A6=""),"",CONCATENATE(IF(Пр.7!A3="","",Пр.7!A3),IF(Пр.7!A5="","",Пр.7!A5),IF(Пр.7!A6="","",Пр.7!A6)," (Прил.7)")) | D21: =IF(C6="","",C6)
A22: =A21+1 | B22: =IF(AND(Пр.10!A2="",Пр.10!A4="",Пр.10!A5=""),"",CONCATENATE(IF(Пр.10!A2="","",Пр.10!A2),IF(Пр.10!A4="","",Пр.10!A4),IF(Пр.10!A5="","",Пр.10!A5)," (Прил.10)")) | D22: =IF(C6="","",C6)
A23: =A22+1 | B23: =IF(AND(Пр.11!A3="",Пр.11!A4=""),"",CONCATENATE(IF(Пр.11!A3="","",Пр.11!A3),IF(Пр.11!A4="","",Пр.11!A4)," (Прил.11)")) | D23: =IF(C6="","",C6)
A24: =A23+1 | B24: =IF(AND('Пр.13 Справка ИД'!A9="",'Пр.13 Справка ИД'!A10=""),"",CONCATENATE(IF('Пр.13 Справка ИД'!A9="","",'Пр.13 Справка ИД'!A9),IF('Пр.13 Справка ИД'!A10="","",'Пр.13 Справка ИД'!A10)," (Прил.13)")) | D24: =IF(C6="","",C6)
A25: =A24+1
A26: =A25+1 | D26: =IF(C9="","",C9)
A27: =A26+1 | D27: =IF(C6="","",C6)
A28: =A27+1 | D28: =IF(C6="","",C6)
A29: =A28+1 | D29: =IF(C6="","",C6)
A30: =A29+1 | D30: =IF(C6="","",C6)
A31: =A30+1 | B31: =IF('1 '!A15="","",'1 '!A15) | D31: =IF(C6="","",C6)
A32: =A31+1 | B32: =IF('2'!A14="","",'2'!A14) | D32: =IF(C6="","",C6)
A33: =A32+1 | B33: =IF('3'!A14="","",'3'!A14) | D33: =IF(C6="","",C6)
A34: =A33+1 | B34: =IF('Ведомость общ'!A14="","",'Ведомость общ'!A14) | D34: =IF(C6="","",C6)
A35: =A34+1 | B35: =IF(AND('ТП-1'!$A$16="",'ТП-1'!$A$17=""),"",CONCATENATE(IF('ТП-1'!$A$16="","",'ТП-1'!$A$16),IF('ТП-1'!$A$17="","",'ТП-1'!$A$17))) | D35: =IF(C6="","",C6)
A36: =A35+1 | B36: =IF(AND('ТП-2'!$A$13="",'ТП-2'!$A$14=""),"",CONCATENATE(IF('ТП-2'!$A$13="","",'ТП-2'!$A$13),IF('ТП-2'!$A$14="","",'ТП-2'!$A$14))) | D36: =IF(C6="","",C6)
A37: =A36+1 | B37: =IF(AND('ТП-3'!$A$13="",'ТП-3'!$A$14=""),"",CONCATENATE(IF('ТП-3'!$A$13="","",'ТП-3'!$A$13),IF('ТП-3'!$A$14="","",'ТП-3'!$A$14))) | D37: =IF(C6="","",C6)
A38: =A37+1 | B38: =IF(AND('ТП-4'!A13="",'ТП-4'!A14=""),"",CONCATENATE(IF('ТП-4'!A13="","",'ТП-4'!A13),IF('ТП-4'!A14="","",'ТП-4'!A14))) | D38: =IF(C6="","",C6)
A39: =A38+1 | D39: =IF(C6="","",C6)
A40: =A39+1 | D40: =IF(C6="","",C6)
A41: =A40+1 | D41: =IF(C6="","",C6)
A42: =A41+1 | D42: =IF(C6="","",C6)
A43: =A42+1
A44: =A43+1 | D44: =IF(C6="","",C6)
A45: =A44+1 | D45: =IF(C6="","",C6)
A46: =A45+1
A47: =A46+1 | D47: =IF(C6="","",C6)
A48: =A47+1 | D48: =IF(C6="","",C6)
A49: =A48+1
A50: =A49+1
A51: =A50+1
A52: =A51+1
A53: =A52+1 | D53: =IF(C6="","",C6)
A54: =A53+1 | D54: =IF(C6="","",C6)
A55: =A54+1 | D55: =IF(C6="","",C6)
A56: =A55+1
A57: =A56+1
A58: =A57+1
A59: =A58+1
A60: =A59+1 | D60: =IF(C6="","",C6)
A61: =A60+1 | D61: =IF(C6="","",C6)
A62: =A61+1 | D62: =IF(C6="","",C6)
A63: =A62+1 | D63: =IF(C6="","",C6)
A64: =A63+1
A65: =A64+1
A66: =A65+1
A67: =A66+1 | D67: =IF(C6="","",C6)
A68: =A67+1 | D68: =IF(C6="","",C6)
A69: =A68+1
A70: =A69+1
A71: =A70+1 | B71: =IF(AND('АСП-1'!$A$16="",'АСП-1'!$A$17=""),"",CONCATENATE(IF('АСП-1'!$A$16="","",'АСП-1'!$A$16),IF('АСП-1'!$A$17="","",'АСП-1'!$A$17))) | D71: =IF(C6="","",C6)
A72: =A71+1 | B72: =IF(AND('АСП-2'!$A$13="",'АСП-2'!$A$14=""),"",CONCATENATE(IF('АСП-2'!$A$13="","",'АСП-2'!$A$13),IF('АСП-2'!$A$14="","",'АСП-2'!$A$14))) | D72: =IF(C6="","",C6)
A73: =A72+1 | B73: =IF(AND('АСП-3'!$A$13="",'АСП-3'!$A$14=""),"",CONCATENATE(IF('АСП-3'!$A$13="","",'АСП-3'!$A$13),IF('АСП-3'!$A$14="","",'АСП-3'!$A$14))) | D73: =IF(C6="","",C6)
A74: =A73+1 | D74: =IF(C6="","",C6)
A75: =A74+1 | D75: =IF(C6="","",C6)
A76: =A75+1 | D76: =IF(C6="","",C6)
A77: =A76+1 | D77: =IF(C6="","",C6)
A78: =A77+1
A79: =A78+1 | D79: =IF(C6="","",C6)
A80: =A79+1 | D80: =IF(C6="","",C6)
A81: =A80+1
A82: =A81+1 | D82: =IF(C6="","",C6)
A83: =A82+1 | D83: =IF(C6="","",C6)
A84: =A83+1
A85: =A84+1
A86: =A85+1
A87: =A86+1
A88: =A87+1 | D88: =IF(C6="","",C6)
A89: =A88+1 | D89: =IF(C6="","",C6)
A90: =A89+1 | D90: =IF(C6="","",C6)
A91: =A90+1 | D91: =IF(C6="","",C6)
A92: =A91+1
A93: =A92+1
A94: =A93+1
A95: =A94+1 | D95: =IF(C6="","",C6)
A96: =A95+1 | D96: =IF(C6="","",C6)
A97: =A96+1 | D97: =IF(C6="","",C6)
A98: =A97+1 | D98: =IF(C6="","",C6)
A99: =A98+1
A100: =A99+1
A101: =A100+1
A102: =A101+1 | D102: =IF(C6="","",C6)
A103: =A102+1 | D103: =IF(C6="","",C6)
A104: =A103+1
A105: =A104+1
...

Sheet Пр.16
A1: Приложение 16
A2: Форма
A3: акта передачи приемо-сдаточной документации
A4: «____» ______________20___г.
A5: АКТ передачи приемо-сдаточной документации по объекту
A6: =IF('Данные объект'!B2="","",'Данные объект'!B2)
A7: =IF('Данные объект'!B3="","",'Данные объект'!B3)
A8: (наименование объекта строительства по титулу)
A9: Строительный подрядчик | C9: =IF('Данные объект'!B19="","",'Данные объект'!B19)
A10: в лице: | B10: =IF('Данные объект'!C25="","",'Данные объект'!C25)
A11: (наименование организации, должность, фамилия, инициалы, реквизиты распорядительного документа о представительстве)
A12: передал, а Заказчик / Исполнитель/СК
A13: в лице: | B13: =IF('Данные объект'!C45="","",'Данные объект'!C45)
A14: (наименование организации, должность, фамилия, инициалы, реквизиты распорядительного документа о представительстве)
A15: принял приемо-сдаточную документацию по завершенному строительством вышеуказанному объекту, в количестве:
A16: 1 | B16: книги, на | C16: =IF('Пр.15 Реестр'!B249="","",'Пр.15 Реестр'!B249) | D16: листах, | E16: в 1 экз. согласно Реестру приемо-сдаточной документации (Приложение15), на | K16: листах
A18: Приложения:
A19: 1. Реестр приемо-сдаточной документации на | E19: =IF(J16="","",J16) | F19: листах
A20: К Реестру и комплекту приемо - сдаточной документации также прилагаются:
A21: СПРАВКА об отсутствии замечаний по проверке приемо-сдаточной документации
A22: (Справка от лица, осуществляющего строительный контроль, эксплуатационных служб об отсутствии замечаний или устранении замечаний по результатам проверки приемо-сдаточной документации и другие документы по требованиям Заказчика и усмотрению Строительного подрядчика).
A23: Сдал:
A24: Представитель Строительного подрядчика | C24: =IF('Данные объект'!C25="","",'Данные объект'!C25)
C25: (должность, фамилия, инициалы) | G25: (подпись) | J25: (дата)
A26: Принял:
A27: Исполнитель СК / Заказчик | C27: =IF('Данные объект'!C45="","",'Данные объект'!C45)
C28: (должность, фамилия, инициалы) | G28: (подпись) | J28: (дата)

Sheet Пр.15 Реестр Химки
A1: Приложение 15
A2: Форма
A3: реестра приемо-сдаточной документации
C4: =IF('Данные объект'!B2="","",'Данные объект'!B2)
C5: =IF('Данные объект'!B33="","",'Данные объект'!B33)
C6: =IF('Данные объект'!B19="","",'Данные объект'!B19)
A8: =IF('Данные объект'!B3="","",'Данные объект'!B3)
A11: =IF(C4="","",C4)
A14: 1
A15: 1
A16: =A15+1
A17: =A16+1
A18: =A17+1
A19: =A18+1 | B19: =IF(AND(Пр.6А!A2="",Пр.6А!A3=""),"",CONCATENATE(IF(Пр.6А!A2="","",Пр.6А!A2),IF(Пр.6А!A3="","",Пр.6А!A3)," (Прил.6А)")) | D19: =IF(C6="","",C6)
A20: =A19+1 | B20: =IF(AND(Пр.6Б!A2="",Пр.6Б!A3=""),"",CONCATENATE(IF(Пр.6Б!A2="","",Пр.6Б!A2),IF(Пр.6Б!A3="","",Пр.6Б!A3)," (Прил.6Б)")) | D20: =IF(C6="","",C6)
A21: =A20+1 | B21: =IF(AND(Пр.7!A3="",Пр.7!A5="",Пр.7!A6=""),"",CONCATENATE(IF(Пр.7!A3="","",Пр.7!A3),IF(Пр.7!A5="","",Пр.7!A5),IF(Пр.7!A6="","",Пр.7!A6)," (Прил.7)")) | D21: =IF(C6="","",C6)
A22: =A21+1 | B22: =IF(AND(Пр.10!A2="",Пр.10!A4="",Пр.10!A5=""),"",CONCATENATE(IF(Пр.10!A2="","",Пр.10!A2),IF(Пр.10!A4="","",Пр.10!A4),IF(Пр.10!A5="","",Пр.10!A5)," (Прил.10)")) | D22: =IF(C6="","",C6)
A23: =A22+1 | B23: =IF(AND(Пр.11!A3="",Пр.11!A4=""),"",CONCATENATE(IF(Пр.11!A3="","",Пр.11!A3),IF(Пр.11!A4="","",Пр.11!A4)," (Прил.11)")) | D23: =IF(C6="","",C6)
A24: =A23+1 | B24: =IF(AND('Пр.13 Справка ИД'!A9="",'Пр.13 Справка ИД'!A10=""),"",CONCATENATE(IF('Пр.13 Справка ИД'!A9="","",'Пр.13 Справка ИД'!A9),IF('Пр.13 Справка ИД'!A10="","",'Пр.13 Справка ИД'!A10)," (Прил.13)")) | D24: =IF(C6="","",C6)
A25: =A24+1
A26: =A25+1 | D26: =IF(C9="","",C9)
A27: =A26+1 | D27: =IF(C6="","",C6)
A28: =A27+1 | D28: =IF(C6="","",C6)
A29: =A28+1 | D29: =IF(C6="","",C6)
A30: =A29+1 | D30: =IF(C6="","",C6)
A31: =A30+1 | B31: =IF('1 '!A15="","",'1 '!A15) | D31: =IF(C6="","",C6)
A32: =A31+1 | B32: =IF('2'!A14="","",'2'!A14) | D32: =IF(C6="","",C6)
A33: =A32+1 | B33: =IF('3'!A14="","",'3'!A14) | D33: =IF(C6="","",C6)
A34: =A33+1 | B34: =IF('Ведомость общ'!A14="","",'Ведомость общ'!A14) | D34: =IF(C6="","",C6)
A35: =A34+1 | B35: =IF(AND('ТП-1'!$A$16="",'ТП-1'!$A$17=""),"",CONCATENATE(IF('ТП-1'!$A$16="","",'ТП-1'!$A$16),IF('ТП-1'!$A$17="","",'ТП-1'!$A$17))) | D35: =IF(C6="","",C6)
A36: =A35+1 | B36: =IF(AND('ТП-2'!$A$13="",'ТП-2'!$A$14=""),"",CONCATENATE(IF('ТП-2'!$A$13="","",'ТП-2'!$A$13),IF('ТП-2'!$A$14="","",'ТП-2'!$A$14))) | D36: =IF(C6="","",C6)
A37: =A36+1 | B37: =IF(AND('ТП-3'!$A$13="",'ТП-3'!$A$14=""),"",CONCATENATE(IF('ТП-3'!$A$13="","",'ТП-3'!$A$13),IF('ТП-3'!$A$14="","",'ТП-3'!$A$14))) | D37: =IF(C6="","",C6)
A38: =A37+1 | B38: =IF(AND('ТП-4'!A13="",'ТП-4'!A14=""),"",CONCATENATE(IF('ТП-4'!A13="","",'ТП-4'!A13),IF('ТП-4'!A14="","",'ТП-4'!A14))) | D38: =IF(C6="","",C6)
A39: =A38+1 | D39: =IF(C6="","",C6)
A40: =A39+1 | D40: =IF(C6="","",C6)
A41: =A40+1 | D41: =IF(C6="","",C6)
A42: =A41+1 | D42: =IF(C6="","",C6)
A43: =A42+1
A44: =A43+1 | D44: =IF(C6="","",C6)
A45: =A44+1 | D45: =IF(C6="","",C6)
A46: =A45+1
A47: =A46+1 | D47: =IF(C6="","",C6)
A48: =A47+1 | D48: =IF(C6="","",C6)
A49: =A48+1
A50: =A49+1
A51: =A50+1
A52: =A51+1
A53: =A52+1 | D53: =IF(C6="","",C6)
A54: =A53+1 | D54: =IF(C6="","",C6)
A55: =A54+1 | D55: =IF(C6="","",C6)
A56: =A55+1
A57: =A56+1
A58: =A57+1
A59: =A58+1
A60: =A59+1 | D60: =IF(C6="","",C6)
A61: =A60+1 | D61: =IF(C6="","",C6)
A62: =A61+1 | D62: =IF(C6="","",C6)
A63: =A62+1 | D63: =IF(C6="","",C6)
A64: =A63+1
A65: =A64+1
A66: =A65+1
A67: =A66+1 | D67: =IF(C6="","",C6)
A68: =A67+1 | D68: =IF(C6="","",C6)
A69: =A68+1
A70: =A69+1
A71: =A70+1 | B71: =IF(AND('АСП-1'!$A$16="",'АСП-1'!$A$17=""),"",CONCATENATE(IF('АСП-1'!$A$16="","",'АСП-1'!$A$16),IF('АСП-1'!$A$17="","",'АСП-1'!$A$17))) | D71: =IF(C6="","",C6)
A72: =A71+1 | B72: =IF(AND('АСП-2'!$A$13="",'АСП-2'!$A$14=""),"",CONCATENATE(IF('АСП-2'!$A$13="","",'АСП-2'!$A$13),IF('АСП-2'!$A$14="","",'АСП-2'!$A$14))) | D72: =IF(C6="","",C6)
A73: =A72+1 | B73: =IF(AND('АСП-3'!$A$13="",'АСП-3'!$A$14=""),"",CONCATENATE(IF('АСП-3'!$A$13="","",'АСП-3'!$A$13),IF('АСП-3'!$A$14="","",'АСП-3'!$A$14))) | D73: =IF(C6="","",C6)
A74: =A73+1 | D74: =IF(C6="","",C6)
A75: =A74+1 | D75: =IF(C6="","",C6)
A76: =A75+1 | D76: =IF(C6="","",C6)
A77: =A76+1 | D77: =IF(C6="","",C6)
A78: =A77+1
A79: =A78+1 | D79: =IF(C6="","",C6)
A80: =A79+1 | D80: =IF(C6="","",C6)
A81: =A80+1
A82: =A81+1 | D82: =IF(C6="","",C6)
A83: =A82+1 | D83: =IF(C6="","",C6)
A84: =A83+1
A85: =A84+1
A86: =A85+1
A87: =A86+1
A88: =A87+1 | D88: =IF(C6="","",C6)
A89: =A88+1 | D89: =IF(C6="","",C6)
A90: =A89+1 | D90: =IF(C6="","",C6)
A91: =A90+1 | D91: =IF(C6="","",C6)
A92: =A91+1
A93: =A92+1
A94: =A93+1
A95: =A94+1 | D95: =IF(C6="","",C6)
A96: =A95+1 | D96: =IF(C6="","",C6)
A97: =A96+1 | D97: =IF(C6="","",C6)
A98: =A97+1 | D98: =IF(C6="","",C6)
A99: =A98+1
A100: =A99+1
A101: =A100+1
A102: =A101+1 | D102: =IF(C6="","",C6)
A103: =A102+1 | D103: =IF(C6="","",C6)
A104: =A103+1
A105: =A104+1
...

Sheet Пр.16 Химки
A1: Приложение 16
A2: Форма
A3: акта передачи приемо-сдаточной документации
A4: «____» ______________20___г.
A5: АКТ передачи приемо-сдаточной документации по объекту
A6: =IF('Данные объект'!B2="","",'Данные объект'!B2)
A7: =IF('Данные объект'!B3="","",'Данные объект'!B3)
A8: (наименование объекта строительства по титулу)
A9: Строительный подрядчик | C9: =IF('Данные объект'!B19="","",'Данные объект'!B19)
A10: в лице: | B10: =IF('Данные объект'!C25="","",'Данные объект'!C25)
A11: (наименование организации, должность, фамилия, инициалы, реквизиты распорядительного документа о представительстве)
A12: передал, а Заказчик / Исполнитель/СК
A13: в лице: | B13: =IF('Данные объект'!C42="","",'Данные объект'!C42)
A14: (наименование организации, должность, фамилия, инициалы, реквизиты распорядительного документа о представительстве)
A15: принял приемо-сдаточную документацию по завершенному строительством вышеуказанному объекту, в количестве:
A16: 1 | B16: книги, на | C16: =IF('Пр.15 Реестр'!B249="","",'Пр.15 Реестр'!B249) | D16: листах, | E16: в 1 экз. согласно Реестру приемо-сдаточной документации (Приложение15), на | K16: листах
A18: Приложения:
A19: 1. Реестр приемо-сдаточной документации на | E19: =IF(J16="","",J16) | F19: листах
A20: К Реестру и комплекту приемо - сдаточной документации также прилагаются:
A21: СПРАВКА об отсутствии замечаний по проверке приемо-сдаточной документации
A22: (Справка от лица, осуществляющего строительный контроль, эксплуатационных служб об отсутствии замечаний или устранении замечаний по результатам проверки приемо-сдаточной документации и другие документы по требованиям Заказчика и усмотрению Строительного подрядчика).
A23: Сдал:
A24: Представитель Строительного подрядчика | C24: =IF('Данные объект'!C25="","",'Данные объект'!C25)
C25: (должность, фамилия, инициалы) | G25: (подпись) | J25: (дата)
A26: Принял:
A27: Исполнитель СК / Заказчик | C27: =IF('Данные объект'!C42="","",'Данные объект'!C42)
C28: (должность, фамилия, инициалы) | G28: (подпись) | J28: (дата)
C30: =IF('Данные объект'!C37="","",'Данные объект'!C37)
C31: (должность, фамилия, инициалы) | G31: (подпись) | J31: (дата)

Sheet акт ГЕО
A1: Объект капитального строительства
A2: =IF('Данные объект'!B3="","",'Данные объект'!B3)
A3: (наименование, почтовый или строительный адрес объекта капитального строительства)
A4: Застройщик или технический заказчик | E4: =IF('Данные объект'!B33="","",'Данные объект'!B33)
E5: (наименование, ОГРН, ИНН, номер и дата выдачи свидетельства о допуске к видам работ
A6: =IF('Данные объект'!B34="","",'Данные объект'!B34)
A7: по строительству, реконструкции, капитальному ремонту объектов капитального строительства, которые оказывают влияние на безопасность объектов капитального строительства, с указанием саморегулируемой организации, его выдавшей1, почтовые реквизиты, телефон/факс - для юридических лиц и
A8: =IF('Данные объект'!B35="","",'Данные объект'!B35)
A9: индивидуальных предпринимателей; фамилия, имя, отчество, паспортные данные, место проживания, телефон/факс - для физических лиц)
A10: Лицо, осуществляющее строительство | E10: =IF('Данные объект'!B19="","",'Данные объект'!B19)
E11: (наименование, ОГРН, ИНН, номер и дата выдачи свидетельства о допуске к видам работ
A12: =IF('Данные объект'!B20="","",'Данные объект'!B20)
A13: (наименование, ОГРН, ИНН, номер и дата выдачи свидетельства о допуске к видам работ по строительству, реконструкции, капитальному ремонту объектов капитального строительства, которые оказывают влияние на безопасность объектов капитального строительства, с указанием саморегулируемой организации, его выдавшей1, почтовые реквизиты, телефон/факс - для юридических лиц и
A14: =IF('Данные объект'!B21="","",'Данные объект'!B21)
A15: индивидуальных предпринимателей; фамилия, имя, отчество, паспортные данные, место проживания, телефон/факс - для физических лиц)
A16: Лицо, осуществляющее подготовку проектной документации | G16: =IF('Данные объект'!B52="","",'Данные объект'!B52)
G17: (наименование, ОГРН, ИНН, номер и дата выдачи свидетельства
A18: =IF('Данные объект'!B53="","",'Данные объект'!B53)
A19: о допуске к видам работ по строительству, реконструкции, капитальному ремонту объектов капитального строительства, которые оказывают влияние на безопасность объектов капитального строительства, с указанием саморегулируемой организации, его выдавшей1, почтовые реквизиты, телефон/факс - для
A20: =IF('Данные объект'!B54="","",'Данные объект'!B54)
A21: юридических лиц и индивидуальных предпринимателей; фамилия, имя, отчество, паспортные данные, место проживания, телефон/факс - для физических лиц)
A22: Лицо, выполнившее работы по созданию геодезической разбивочной основы
A23: =IF('Данные объект'!C19="","",'Данные объект'!C19)
A24: (наименование, ОГРН, ИНН, номер и дата выдачи свидетельства о допуске к видам работ по строительству, реконструкции,
A25: которые оказывают влияние на безопасность объектов капитального строительства, с указанием саморегулируемой организации, его выдавшей1, почтовые реквизиты, телефон/факс - для юридических лиц и индивидуальных предпринимателей; фамилия, имя, отчество, паспортные данные, место проживания, телефон/факс - для физических лиц)
A27: АКТ освидетельствования геодезической разбивочной основы объекта капитального строительства
A29: № | B29: 1 | C29: /ГЕО | I29: =IF('Данные объект'!B6="","",'Данные объект'!B6)
I30: (дата составления акта)
A31: Представитель застройщика или технического заказчика по вопросам строительного контроля
A32: =IF('Данные объект'!C44="","",'Данные объект'!C44)
A33: (должность, фамилия, инициалы, реквизиты документа о представительстве)
A34: Представитель лица, осуществляющего строительство
A35: =IF('Данные объект'!C29="","",'Данные объект'!C29)
A36: (должность, фамилия, инициалы, реквизиты документа о представительстве)
A37: Представитель лица, осуществляющего строительство по вопросам строительного контроля
A38: =IF('Данные объект'!C26="","",'Данные объект'!C26)
A39: (должность, фамилия, инициалы, реквизиты документа о представительстве)
A40: Представитель застройщика
A41: =IF('Данные объект'!C46="","",'Данные объект'!C46)
A42: (должность, фамилия, инициалы, реквизиты документа о представительстве)
A43: Представитель лица, выполнившего работы по созданию геодезической разбивочной основы
A44: =IF('Данные объект'!C31="","",'Данные объект'!C31)
C45: (должность, фамилия, инициалы, реквизиты документа о представительстве)
A46: Рассмотрели представленную документацию на геодезическую разбивочную основу для строительства
A47: =IF('Данные объект'!B3="","",'Данные объект'!B3)
A49: (наименование объекта капитального строительства)
A50: и произвели осмотр закрепленных на местности знаков этой основы.
A52: Предъявленные к освидетельствованию знаки геодезической разбивочной основы для строительства, их координаты, отметки, места установки и способы закрепления соответствуют требованиям проектной документации, а также техническим регламентам (нормам и правилам), иным нормативным правовым актам:
A53: Исполнительная схема разбивочной основы
A54: (номер, другие реквизиты чертежа, наименование проектной документации,
A56: сведения о лицах, осуществляющих подготовку раздела проектной документации,
A58: наименование, статьи (пункты) технического регламента (норм и правил), иных нормативных правовых актов)
A59: и выполнены с соблюдением заданной точности построений и измерений.
A61: Дополнительные сведения
A64: Акт составлен в | C64: 1 | D64: экземплярах
A66: Приложения: | C66: Исполнительная схема разбивочной основы
A67: (чертежи, схемы, ведомости и т.п.)
A70: Представитель застройщика
A71: =IF('Данные объект'!C38="","",'Данные объект'!C38) | I71: =IF('Данные объект'!B40="","",'Данные объект'!B40)
A72: (должность, фамилия, инициалы, подпись)
A73: Представитель застройщика или технического заказчика по вопросам строительного контроля
A74: =IF('Данные объект'!C42="","",'Данные объект'!C42) | I74: =IF('Данные объект'!B44="","",'Данные объект'!B44)
A75: (должность, фамилия, инициалы, подпись)
A76: Представитель лица, осуществляющего строительство
A77: =IF('Данные объект'!C27="","",'Данные объект'!C27) | I77: =IF('Данные объект'!B28="","",'Данные объект'!B28)
A78: (должность, фамилия, инициалы, подпись)
A79: Представитель лица, осуществляющего строительство, по вопросам строительного контроля
A80: =IF('Данные объект'!C24="","",'Данные объект'!C24) | I80: =IF('Данные объект'!B25="","",'Данные объект'!B25)
A81: (должность, фамилия, инициалы, подпись)
A82: Представитель лица, осуществляющего подготовку проектной документации, в случаях, когда авторский
A83: надзор осуществляется | D83: -
A84: (должность, фамилия, инициалы, подпись)
A85: Представитель лица, выполнившего работы по созданию геодезической разбивочной основы
A86: Геодезист | B86: =IF('Данные объект'!B19="","",'Данные объект'!B19) | I86: =IF('Данные объект'!B31="","",'Данные объект'!B31)
A87: (должность, фамилия, инициалы, подпись)

Sheet акт ГЕО оси
AJ2: приложение №1
A3: Объект капитального строительства
A4: =IF('Данные объект'!B3="","",'Данные объект'!B3)
A5: (наименование объекта капитального строительства в соответствии с проектной документацией, почтовый или строительный адрес объекта капитального строительства)
A6: Застройщик, технический заказчик, лицо, ответственное за эксплуатацию здания, сооружения, или региональный оператор
A7: =IF('Данные объект'!C31="","",'Данные объект'!C31)
A8: =IF('Данные объект'!B32="","",'Данные объект'!B32)
A9: (фамилия, имя, отчество (последнее - при наличии), адрес места жительства, ОРГНИП, ИНН индивидуального предпринимателя, полное и (или) сокращенное наименование, ОГРН, ИНН, адрес юридического лица в пределах его нахождения, телефон или факс,
A11: полное и (или) сокращенное наименование, ОГРН, ИНН саморегулируемой организации, членом которой является указанное юридическое лицо или индивидуальный предприниматель (за исключением случаев, когда членство в саморегулируемых организациях в области, строительства, реконструкции, капитального ремонта объектов капитального строительства не требуется);
A12: -
A13: фамилия, имя, отчество (последнее - при наличии), паспортные данные, адрес места жительства, телефон или факс - для физических лиц, не являющихся индивидуальными предпринимателями)
A14: Лицо, осуществляющее строительство, реконструкцию, капитальный ремонт
A15: =IF(AND('Данные объект'!B19="",'Данные объект'!B20=""),"",CONCATENATE(IF('Данные объект'!B19="","",'Данные объект'!B19)," ",IF('Данные объект'!B20="","",'Данные объект'!B20)))
A16: (фамилия, имя, отчество (последнее - при наличии), адрес места жительства, ОРГНИП, ИНН индивидуального предпринимателя,
A17: =IF('Данные объект'!B21="","",'Данные объект'!B21)
A18: полное и (или) сокращенное наименование, ОГРН, ИНН, адрес юридического лица в пределах его местонахождения, телефон или факс,
A19: =IF('Данные объект'!C65="","",'Данные объект'!C65)
A20: полное и (или) сокращенное наименование, ОГРН, ИНН саморегулируемой организации, членом которой является указанное юридическое лицо или индивидуальный предприниматель (за исключением случаев, когда членство в саморегулируемых организациях в области строительства, реконструкции, капитального ремонта объектов капитального строительства не требуется)
A21: Лицо, осуществляющее подготовку проектной документации
A22: =IF(A15="","",A15)
A23: (фамилия, имя, отчество (последнее - при наличии), адрес места жительства, ОРГНИП, ИНН индивидуального предпринимателя,
A24: =IF(A17="","",A17)
A25: полное и (или) сокращенное наименование, ОГРН, ИНН, адрес юридического лица в пределах его места нахождения, телефон или факс,
A26: =IF('Данные объект'!C63="","",'Данные объект'!C63)
A27: полное и (или) сокращенное наименование, ОГРН, ИНН саморегулируемой организации, членом которой является указанное юридическое лицо или индивидуальный предприниматель (за исключением случаев, когда членство в саморегулируемых организациях в области архитектурно-строительного проектирования не требуется)
A29: АКТ
A30: разбивки осей объекта капитального строительства на местности
B32: № | C32: 1 | E32: / | F32: ГЕО | AB32: =IF('Данные объект'!B6="","",'Данные объект'!B6)
AB33: (дата составления акта)
A35: Представитель застройщика, технического заказчика, лица, ответственного за эксплуатацию здания, сооружения, или регионального оператора по вопросам строительного контроля
A36: =IF('Данные объект'!C43="","",'Данные объект'!C43)
A37: (должность (при наличии), фамилия, инициалы, идентификационный номер в национальном реестре специалистов в области строительства (за исключением случаев, когда членство в саморегулируемых организациях в области строительства, реконструкции, капитального ремонта обектов капитального строительства не требуется), реквизиты распоряительного документа, подтверждающего полномочия,
A38: -
A39: с указанием полного и (или) сокращенного наименования, ОГРН, ИНН, адреса юридического лица в пределах его места нахождения (в случае осуществления строительного контроля на основании договора с застройщиком или техническим заказчиком), фамилии, имени, отчества (последнее - при наличии), адреса места жительства, ОГРНИП, ИНН индивиуального предпринимателя (в случае осуществления строительного контроля на основании договора с застройщиком или техническим заказчиком)
A40: Представитель лица, осуществляющего строительство, реконструкцию, капитальный ремонт
A41: =IF('Данные объект'!C29="","",'Данные объект'!C29)
A42: (должность (при наличии), фамилия, инициалы, реквизиты распорядительного документа, подтверждающего полномочия)
A43: Представитель лица, осуществляющего строительство, реконструкцию, капитальный ремонт, по вопросам строительного контроля
A44: =IF('Данные объект'!C26="","",'Данные объект'!C26)
A45: (должность (при наличии), фамилия, инициалы, идентификационный номер в национальном реестре специалистов в области строительства (за исключением случаев, когда членство в саморегулируемых организациях в области строительства, реконструкции, капитального ремонта обектов капитального строительства не требуется), реквизиты распоряительного документа, подтверждающего полномочия)
A46: Представитель застройщика
A47: =IF(A41="","",A41)
A48: (должность (при наличии), фамилия, инициалы, реквизиты распорядительного документа, подтверждающего полномочия, с указанием полного и (или) сокращенного наименования, ОГРН, ИНН, адреса юридического лица в пределах его места нахождения, фамилии, имени, отчества (последнее - при наличии), адреса места жительства, ОГРНИП, ИНН индивиуального предпринимателя)
A49: Представитель лица, выполнившего работы по разбивке осей объекта капитального строительства на местности (в случае выполнения работ по разбивке осей объекта капитального строительства на местности по договору, заключенному с иными лицами)
A50: =IF('Данные объект'!C31="","",'Данные объект'!C31)
A51: (должность (при наличии), фамилия, инициалы, реквизиты распорядительного документа, подтверждающего полномочия,
A52: -
A53: с указанием полного и (или) сокращенного наименования, ОГРН, ИНН, адреса юридического лица в пределах его места нахождения, фамилии, имени, отчества (последнее - при наличии), адреса места жительства, ОРГНИП, ИНН индивидуального предпринимателя)
A54: составили настоящий акт о том, что произведена в натуре разбивка осей
A55: объекта капитального строительства
A56: =IF('Данные объект'!B3="","",'Данные объект'!B3)
A57: (наименование объекта капитального строительства)
A58: При этом установлено:
A59: 1. Разбивка произведена по данным | L59: =IF('Данные объект'!B56="","",'Данные объект'!B56)
L60: (номер, другие реквизиты чертежа, наименование проектной организации)
A61: 2. Закрепление осей произведено | L61: металлическими штырями
A62: 3. Обозначение осей, нумерация и расположение точек соответствует проектной документации.
A63: Разбивка осей объекта капитального строительства на местности соответствует требованиям проектной документации, а также техническим регламентам, иным нормативным правовым актам
A64: СП126.13330.2017, ГОСТ Р 51872-2019
A65: (номер, другие реквизиты чертежа, наименование проектной документации, сведения о лицах, осуществляющих подготовку раздела проектной документации, наименования и структурные единицы технических регламентов, иных нормативных правовых актов)
A66: и выполнена с соблюдением заданной точности построений и измерений.
A67: Дополнительные сведения | L67: -
A69: Акт составлен в | H69: 1 | J69: экземплярах (в случае заполнения акта на бумажном носителе).
A71: Приложения:
A72: Исполнительная схема разбивочной основы - 1 лист
A73: Поверка СИ - 1 лист
A74: (схема закрепления осей)
A76: Представитель застройщика, технического заказчика, лица, ответственного за эксплуатацию здания, сооружения, или регионального оператора по вопросам строительного контроля
A77: =IF('Данные объект'!B42="","",'Данные объект'!B42)
A78: (фамилия, инициалы) | AB78: (подпись)
A80: Представитель лица, осуществляющего строительство, реконструкцию, капитальный ремонт
A81: =IF('Данные объект'!B28="","",'Данные объект'!B28)
A82: (фамилия, инициалы) | AB82: (подпись)
A84: Представитель лица, осуществляющего строительство, реконструкцию, капитальный ремонт, по вопросам строительного контроля
A86: =IF('Данные объект'!B25="","",'Данные объект'!B25)
A87: (фамилия, инициалы) | AB87: (подпись)
A89: Представитель застройщика
A90: =IF('Данные объект'!B47="","",'Данные объект'!B47)
A91: (фамилия, инициалы) | AB91: (подпись)
A93: Представитель лица, выполнившего работы по созданию геодезической основы (в случае выполнения работ по договорам о строительстве, реконструкции, капитальном ремонте объектов капитального строительства, заключенным с иными лицами)
A94: =IF('Данные объект'!B31="","",'Данные объект'!B31)
A95: (фамилия, инициалы) | AB95: (подпись)

Sheet 1 
AR1: =IF('Данные объект'!B4="","",'Данные объект'!B4)
A2: =IF('Данные объект'!B2="","",'Данные объект'!B2)
A3: (номер договора) | AR3: (город)
A4: =IF('Данные объект'!B19="","",'Данные объект'!B19) | AR4: =IF('Данные объект'!B33="","",'Данные объект'!B33)
A6: (электромонтажная организация) | AR6: (заказчик)
AR7: =IF('Данные объект'!B3="","",'Данные объект'!B3)
A9: =IF('Данные объект'!B11="","",'Данные объект'!B11)
A11: (объект) | AR11: (объект)
AR12: =IF('Данные объект'!B8="","",'Данные объект'!B8)
AR13: (дата окончания СМР)
A15: АКТ ТЕХНИЧЕСКОЙ ГОТОВНОСТИ ЭЛЕКТРОМОНТАЖНЫХ РАБОТ
A17: Комиссия в составе:
A18: представители заказчика
A19: =IF(AND('Данные объект'!B36="",'Данные объект'!B33="",'Данные объект'!B37=""),"",CONCATENATE(IF('Данные объект'!B36="","",'Данные объект'!B36),", ",IF('Данные объект'!B33="","",'Данные объект'!B33)," - ",IF('Данные объект'!B37="","",'Данные объект'!B37)))
A20: (должность, фамилия, имя, отчество)
A21: =IF('Данные объект'!C37="","",'Данные объект'!C37)
A22: (должность, фамилия, имя, отчество)
A23: представителя генерального подрядчика
A24: =IF('Данные объект'!C39="","",'Данные объект'!C39)
A25: (должность, фамилия, имя, отчество)
A26: =IF('Данные объект'!C41="","",'Данные объект'!C41)
A27: (должность, фамилия, имя, отчество)
A28: =IF('Данные объект'!C42="","",'Данные объект'!C42)
A29: (должность, фамилия, имя, отчество)
A30: =IF('Данные объект'!C45="","",'Данные объект'!C45)
A31: (должность, фамилия, имя, отчество)
A32: представитель электромонтажной организации
A33: =IF('Данные объект'!C23="","",'Данные объект'!C23)
A34: (должность, фамилия, имя, отчество)
A35: произвела осмотр смонтированного электрооборудования.
B37: 1. | D37: Электромонтажной организацией выполнены следующие работы:
C39: № п/п | G39: Перечень работ | AK39: Характеристика, наименование | BG39: Кол-во
C41: 1 | G41: Монтаж ТП | AK41: КТП-1000/10/0,4кВ
C42: 2 | G42: Монтаж ТМГ | AK42: ТМГ-1000/10/0,4кВ
C43: 3 | G43: Прокладка кабельной линии | AK43: КЛ-0,4кВ
C44: 4 | G44: Устройство ГНБ кабельной линии | AK44: КЛ-0,4кВ
C45: 5 | G45: Монтаж воздушной линии | AK45: ВЛ-0,4кВ
C46: 6 | G46: Монтаж ВРЩ-0,4кВ | AK46: ВРЩ-0,4кВ
C47: 7 | G47: Монтаж ячеек | AK47: КСО-298
C48: 8 | G48: Монтаж АСП | AK48: КРУН-10
C49: 9
C50: 10
C51: 11
C52: 12
C53: 13
C54: 14
C55: 15
A57: (перечень, основные технические характеристики, физические объемы)
B58: 2. | D58: Электромонтажные работы выполнены в соответствии с проектом, разработанным
A59: =IF('Данные объект'!B52="","",'Данные объект'!B52)
A60: (проектная организация)
B61: 3. | D61: Отступления от проекта перечислены в Приложении 1 (форма 3).
B62: 4. | D62: Комиссия проверила техническую документацию (Приложение 2, форма 1), предъявленную в объеме требований ПУЭ и СП 76.13330.2016.
B64: 5. | D64: Индивидуальные испытания электрооборудования | AL64: проведены
AL65: (проведены, не проведены)
AN66: проведены
AN67: не проведены
B68: 6. | D68: Остающиеся недостатки, не препятствующие комплексному опробованию, и сроки их устранения перечислены в Приложении 3 (форма 4).
B70: 7. | D70: Ведомость смонтированного электрооборудования приведена в Приложении 4 (форма 5).
B71: 8. | D71: Заключение.
B72: 8.1 | E72: Электромонтажные работы выполнены по проектной документации согласно требованиям СП 76.13330.2016 и ПУЭ.
B73: 8.2 | E73: Настоящий Акт является основанием для (нужное подчеркнуть.):
E74: а) | H74: организации работы рабочей комиссии о приемке оборудования после индивидуальных испытаний;
E75: б) | H75: непосредственной передачи электроустановки заказчику (генподрядчику) в эксплуатацию.
D78: Представители заказчика | BC78: =IF('Данные объект'!B37="","",'Данные объект'!B37)
AM79: (подпись)
BC82: =IF('Данные объект'!B40="","",'Данные объект'!B40)
AM83: (подпись)
BC86: =IF('Данные объект'!B42="","",'Данные объект'!B42)
AM87: (подпись)
BC90: =IF('Данные объект'!B42="","",'Данные объект'!B42)
AM91: (подпись)
BC94: =IF('Данные объект'!B50="","",'Данные объект'!B50)
AM95: (подпись)
D97: Представитель электромонтажной организации | BC97: =IF('Данные объект'!B23="","",'Данные объект'!B23)
AM98: (подпись)
C99: М.П.

Sheet 2
BM1: Приложение 1.
A3: =IF('Данные объект'!B33="","",'Данные объект'!B33)
AU4: Строительство/Реконструкция | CG4: ненужное удалить
AU5: =IF('Данные объект'!B11="","",'Данные объект'!B11)
AU6: Объект:
AU7: =IF('Данные объект'!B3="","",'Данные объект'!B3)
A14: ВЕДОМОСТЬ НЕДОДЕЛОК
AE15: на | AG15: =IF('Данные объект'!B8="","",'Данные объект'!B8)
A16: № п/п | F16: Наименование недоделок (номер чертежа, альбом, лист) | S16: Количество (ПК, км физ. объём, ед. измер). | AF16: Срок исполнения | AS16: Исполнитель | BF16: Отметка о выполнении (подтверждение эксплуатирующей организации и технадзора) | BS16: Причины не выполнения
A18: 1 | F18: - | S18: - | AF18: - | AS18: - | BF18: - | BS18: -
A35: Представитель монтажной организации
A36: =IF('Данные объект'!C27="","",'Данные объект'!C27)
BI37: =IF('Данные объект'!B28="","",'Данные объект'!B28)
A38: (должность) | AM38: (подпись) | BI38: (расшифровка подписи)
A42: Председатель комиссии
A43: =IF('Данные объект'!B39="","",'Данные объект'!B39)
BI44: =IF('Данные объект'!B42="","",'Данные объект'!B42)
A45: (должность) | AM45: (подпись) | BI45: (расшифровка подписи)
A48: =IF('Данные объект'!C45="","",'Данные объект'!C45)
BI49: =IF('Данные объект'!B47="","",'Данные объект'!B47)
A50: (должность) | AM50: (подпись) | BI50: (расшифровка подписи)

Sheet 3
AR1: =IF('Данные объект'!B4="","",'Данные объект'!B4)
A2: =IF('Данные объект'!B2="","",'Данные объект'!B2)
A3: (номер договора) | AR3: (город)
A4: =IF('Данные объект'!B19="","",'Данные объект'!B19) | AR4: =IF('Данные объект'!B33="","",'Данные объект'!B33)
A6: (электромонтажная организация) | AR6: (заказчик)
AR7: =IF('Данные объект'!B3="","",'Данные объект'!B3)
A9: =IF('Данные объект'!B11="","",'Данные объект'!B11)
A10: (объект) | AR10: (объект)
AR11: =IF('Данные объект'!B8="","",'Данные объект'!B8)
AR12: (дата окончания СМР)
A14: ВЕДОМОСТЬ ЭЛЕКТРОМОНТАЖНЫХ НЕДОДЕЛОК, НЕ ПРЕПЯТСТВУЮЩИХ КОМПЛЕКСНОМУ ОПРОБОВАНИЮ
A16: № п/п | F16: Недоделки | AE16: Срок устранения | BD16: Кто устраняет
A18: 1. | F18: Недоделок нет | AE18: ­ | BD18: ­
A26: Представитель монтажной организации
A27: =IF('Данные объект'!C27="","",'Данные объект'!C27)
BI28: =IF('Данные объект'!B28="","",'Данные объект'!B28)
A29: (должность) | AM29: (подпись) | BI29: (расшифровка подписи)
A33: Представители заказчика
A34: =IF('Данные объект'!B39="","",'Данные объект'!B39)
BI35: =IF('Данные объект'!B42="","",'Данные объект'!B42)
A36: (должность) | AM36: (подпись) | BI36: (расшифровка подписи)
A40: =IF('Данные объект'!B44="","",'Данные объект'!B44)
BI41: =IF('Данные объект'!B47="","",'Данные объект'!B47)
A42: (должность) | AM42: (подпись) | BI42: (расшифровка подписи)

Sheet Ведомость общ
AR1: =IF('Данные объект'!B4="","",'Данные объект'!B4)
A2: =IF('Данные объект'!B2="","",'Данные объект'!B2)
A3: (номер договора) | AR3: (город)
A4: =IF('Данные объект'!B19="","",'Данные объект'!B19) | AR4: =IF('Данные объект'!B33="","",'Данные объект'!B33)
AR6: =IF('Данные объект'!B3="","",'Данные объект'!B3)
A8: =IF('Данные объект'!B11="","",'Данные объект'!B11)
AR11: =IF('Данные объект'!B8="","",'Данные объект'!B8)
E17: Наименование электрооборудования, комплекта | AI17: Тип, марка | BE17: Кол-во
A19: 1
A20: 2
A21: 3
A22: 4
A23: 5
A24: 6
A25: 7
A26: 8
A27: 9
A28: 10
A29: 11
A30: 12
... A41: 23
A44: =IF('Данные объект'!C27="","",'Данные объект'!C27)
BI45: =IF('Данные объект'!B28="","",'Данные объект'!B28)
A51: =IF('Данные объект'!B41="","",'Данные объект'!B41)
BI52: =IF('Данные объект'!B42="","",'Данные объект'!B42)
A58: =IF('Данные объект'!B39="","",'Данные объект'!B39)
BI59: =IF('Данные объект'!B42="","",'Данные объект'!B42)
A67: =IF('Данные объект'!B44="","",'Данные объект'!B44) | BI67: =IF('Данные объект'!B47="","",'Данные объект'!B47)

Sheet ТП-1
AT1: =IF('Данные объект'!B4="","",'Данные объект'!B4)
A2: =IF('Данные объект'!B2="","",'Данные объект'!B2)
AT3: (город)
A4: =IF('Данные объект'!B19="","",'Данные объект'!B19) | AT4: =IF('Данные объект'!B33="","",'Данные объект'!B33)
A6: (электромонтажная организация) | AT6: (заказчик)
AT7: =IF('Данные объект'!B3="","",'Данные объект'!B3)
A10: =IF('Данные объект'!B12="","",'Данные объект'!B12)
A11: =IF(AT11="","",AT11) | AT11: (объект)
AT12: =IF('Данные объект'!B8="","",'Данные объект'!B8)
AT13: (дата окончания СМР)
A16: АКТ
A17: готовности строительной части помещений (сооружений) к производству электромонтажных работ
A20: Комиссия в составе:
A21: представителей заказчика
A22: =IF(AND('Данные объект'!B36="",'Данные объект'!B33="",'Данные объект'!B37=""),"",CONCATENATE(IF('Данные объект'!B36="","",'Данные объект'!B36),", ",IF('Данные объект'!B33="","",'Данные объект'!B33)," - ",IF('Данные объект'!B37="","",'Данные объект'!B37)))
A23: (должность, фамилия, имя, отчество)
A24: =IF('Данные объект'!C42="","",'Данные объект'!C42)
A25: (должность, фамилия, имя, отчество)
A26: представителя генерального подрядчика
A27: =IF('Данные объект'!C45="","",'Данные объект'!C45)
A28: (должность, фамилия, имя, отчество)
A31: (должность, фамилия, имя, отчество)
A32: представителя генподрядной организации
A34: (должность, фамилия, имя, отчество)
A35: представителя электромонтажной организации
A36: =IF('Данные объект'!C28="","",'Данные объект'!C28)
A37: (должность, фамилия, имя, отчество)
A38: произвела осмотр помещений (сооружений), передаваемых для производства электромонтажных работ.
A39: 1. | C39: Для производства электромонтажных работ передаются: | AN39: =IF('1 '!AK41="","",'1 '!AK41)
AN40: (наименование помещений, сооружений)
A41: 2. | C41: Помещения (сооружения) выполнены по проекту
A42: =IF('Данные объект'!B56="","",'Данные объект'!B56)
A43: (указать проект, № чертежа)
A44: с учетом чертежей строительных зданий | AB44: =IF('Данные объект'!B52="","",'Данные объект'!B52)
A46: (наименование проектной организации, № чертежей строительных зданий)
A47: Помещения (сооружения) выполнены по проекту с учетом строительных норм и соответствуют требованиям СП 76.13330.2016
A49: Помещения (сооружения), перечисленные в п. 1 настоящего Акта, пригодны для производства электромонтажных
A50: работ с | H50: =IF('Данные объект'!B7="","",'Данные объект'!B7)
A51: 3. | C51: Недоделки, не препятствующие началу электромонтажных работ, подлежат устранению в следующие сроки:
A52: № п/п | E52: Помещение (сооружение) | AC52: Недоделки | AY52: Сроки устранения | BK52: Кто устраняет
A54: - | E54: - | AC54: - | AY54: - | BK54: -
D57: Представители заказчика | BC57: =IF('Данные объект'!B42="","",'Данные объект'!B42)
AM58: (подпись)
BC61: =IF('Данные объект'!B47="","",'Данные объект'!B47)
AM62: (подпись)
AM67: (подпись)
AM69: (подпись)
D70: Представитель электромонтажной организации | BC70: =IF('Данные объект'!B28="","",'Данные объект'!B28)
AM71: (подпись)

Sheet ТП-2
AR1: =IF('Данные объект'!B4="","",'Данные объект'!B4)
A2: =IF('Данные объект'!B2="","",'Данные объект'!B2)
A3: (номер договора) | AR3: (город)
A4: =IF('Данные объект'!B19="","",'Данные объект'!B19) | AR4: =IF('Данные объект'!B33="","",'Данные объект'!B33)
A5: (электромонтажная организация) | AR5: (заказчик)
AR6: =IF('Данные объект'!B3="","",'Данные объект'!B3)
A8: =IF('Данные объект'!B12="","",'Данные объект'!B12)
A10: (объект) | AR10: (объект)
AR11: =IF('Данные объект'!B8="","",'Данные объект'!B8)
AR12: (дата окончания СМР)
A13: АКТ
A14: на скрытые работы по фундаментам под КТП шкафного типа
A16: Комиссия в составе:
A17: представители заказчика
A18: =IF('Данные объект'!C42="","",'Данные объект'!C42)
A19: (должность, фамилия, имя, отчество)
A20: =IF('Данные объект'!C45="","",'Данные объект'!C45)
A21: (должность, фамилия, имя, отчество)
A22: представителя электромонтажной организации
A23: =IF('Данные объект'!C28="","",'Данные объект'!C28)
A24: (должность, фамилия, имя, отчество)
A25: произвела осмотр фундамента под | V25: =IF('1 '!AK41="","",'1 '!AK41)
A26: Место установки: | L26: =IF('Данные объект'!B5="","",'Данные объект'!B5)
A27: Работы выполнены согласно проекту: | W27: =IF('Данные объект'!B56="","",'Данные объект'!B56)
A28: Отступления от проекта____нет
A29: Установлено следующее:
A30: Установлены опоры | CG30: Этот пункт к МТП
A31: Смонтирован фундамент: | P31: из песчаного основания | AE31: 4.77 | AH31: м3 | AJ31: , | AK31: щебеночного основания | AZ31: 4.77 | BC31: м3 | BE31: , фунд.блоков | BN31: 4 | CA31: шт | CG31: Этот пункт к КТП
A32: Заглубление опор составляет | S32: 2,25м | CG32: Этот пункт к МТП | CV32: При необходимости ненужное скрыть
A33: Заглубление фундамента составляет | X33: 0,3м | CG33: Этот пункт к КТП
A34: Высота основания КТП | U34: 2м | CG34: Этот пункт к КТП
A35: Особые замечания:
A36: ЗАКЛЮЧЕНИЕ КОМИССИИ:
A37: Конструкция фундаментов пригодна для установки КТП шкафного типа.
C39: Сдал:
D40: Представитель электромонтажной организации | BC40: =IF('Данные объект'!B28="","",'Данные объект'!B28)
AM41: (подпись)
C43: Принял:
D44: Представители заказчика | BC44: =IF('Данные объект'!B42="","",'Данные объект'!B42)
AM45: (подпись)
BC48: =IF('Данные объект'!B47="","",'Данные объект'!B47)
AM49: (подпись)

Sheet ТП-3
AR1: =IF('Данные объект'!B4="","",'Данные объект'!B4)
A2: =IF('Данные объект'!B2="","",'Данные объект'!B2)
A3: (номер договора) | AR3: (город)
A4: =IF('Данные объект'!B19="","",'Данные объект'!B19) | AR4: =IF('Данные объект'!B33="","",'Данные объект'!B33)
A5: (электромонтажная организация) | AR5: (заказчик)
AR6: =IF('Данные объект'!B3="","",'Данные объект'!B3)
A8: =IF('Данные объект'!B12="","",'Данные объект'!B12)
A10: (объект) | AR10: (объект)
AR11: =IF('Данные объект'!B8="","",'Данные объект'!B8)
AR12: (дата окончания СМР)
A13: ПРОТОКОЛ
A14: осмотра и проверки ТП
A16: Тип, заводской номер | Q16: =IF('1 '!AK41="","",'1 '!AK41) | AF16: № | AI16: =IF('Ведомость общ'!AU22="","",'Ведомость общ'!AU22)
A17: № п/п | I17: Программа осмотра и проверки | AX17: Результаты
A18: 1 | I18: Общее состояние трансформатора и других элементов КТП по внешнему осмотру | AX18: удовлетворительное
A19: 2 | I19: Качество установки | AX19: удовлетворительное
A20: 3 | I20: Контрольное включение разъединителей и выключателей нагрузки | AX20: нормальное
A21: 4 | I21: Работа механических блокировок | AX21: нормальная
A22: 5 | I22: Работа дверей и замков | AX22: нормальная
A23: 6 | I23: Необходимые надписи | AX23: имеются
A24: Заключение: | L24: КТП соответствует паспортным данным и проекту
C26: Сдал:
C27: Представитель электромонтажной организации
C28: =IF('Данные объект'!C27="","",'Данные объект'!C27) | BF28: =IF('Данные объект'!B28="","",'Данные объект'!B28)
AP29: (подпись)
C31: Принял:
C32: Представители заказчика
C33: =IF('Данные объект'!B39="","",'Данные объект'!B39) | BF33: =IF('Данные объект'!B42="","",'Данные объект'!B42)
AP34: (подпись)
C37: =IF('Данные объект'!C45="","",'Данные объект'!C45) | BF37: =IF('Данные объект'!B47="","",'Данные объект'!B47)
AP38: (подпись)

Sheet ТП-4
AR1: =IF('Данные объект'!B4="","",'Данные объект'!B4)
A2: =IF('Данные объект'!B2="","",'Данные объект'!B2)
A3: (номер договора) | AR3: (город)
A4: =IF('Данные объект'!B19="","",'Данные объект'!B19) | AR4: =IF('Данные объект'!B33="","",'Данные объект'!B33)
A5: (электромонтажная организация) | AR5: (заказчик)
AR6: =IF('Данные объект'!B3="","",'Данные объект'!B3)
A8: =IF('Данные объект'!B12="","",'Данные объект'!B12)
A10: (объект) | AR10: (объект)
AR11: =IF('Данные объект'!B8="","",'Данные объект'!B8)
AR12: (дата окончания СМР)
A13: ПРОТОКОЛ
A14: внешнего осмотра трансформатора силового перед включением
A15: Комиссия в составе:
A16: представители заказчика
A17: =IF('Данные объект'!C42="","",'Данные объект'!C42)
A18: (должность, фамилия, имя, отчество)
A19: =IF('Данные объект'!C45="","",'Данные объект'!C45)
A20: (должность, фамилия, имя, отчество)
A21: представителя электромонтажной организации
A22: =IF('Данные объект'!C28="","",'Данные объект'!C28)
A23: (должность, фамилия, имя, отчество)
A25: произвела осмотр трансформатора
A26: При осмотре и проверке установлено:
A27: 1. Тип и мощность трансформатора: | W27: =IF('1 '!AK42="","",'1 '!AK42)
A28: 2. Место установки: | M28: =IF('Данные объект'!B5="","",'Данные объект'!B5)
A29: 3. Данные осмотра трансформатора:
A30: 3.1Кожух, радиаторы, катки, крышка: норма
A31: 3.2. Расширитель, масломерное стекло: | X31: норма
A32: 3.3. Изоляторы ВН норма
A33: 3.4. Изоляторы НН норма
A34: 3.5. Термометр: | K34: в норме
A35: 3.6. Переключатель ответвлений обмотки на 3 положении
A36: 3.7. Пробивной предохранитель
A37: 3.7. Масло: | H37: max
A38: Дополнительные работы при осмотре трансформатора: | AG38: -
A39: Заключение комиссии:
A40: Трансформатор силовой | T40: =IF(W27="","",W27) | AG40: зав.№ | AL40: =IF('Ведомость общ'!AU22="","",'Ведомость общ'!AU22) | AY40: готов к эксплуатации
C42: Сдал:
D43: Представитель электромонтажной организации | BC43: =IF('Данные объект'!B28="","",'Данные объект'!B28)
AM44: (подпись)
C46: Принял:
D47: Представители заказчика | BC47: =IF('Данные объект'!B45="","",'Данные объект'!B45)
AM48: (подпись)
BC51: =IF('Данные объект'!B47="","",'Данные объект'!B47)
AM52: (подпись)

Sheet АСП-1
AT1: =IF('Данные объект'!B4="","",'Данные объект'!B4)
A2: =IF('Данные объект'!B2="","",'Данные объект'!B2)
AT3: (город)
A4: =IF('Данные объект'!B19="","",'Данные объект'!B19) | AT4: =IF('Данные объект'!B33="","",'Данные объект'!B33)
A6: (электромонтажная организация) | AT6: (заказчик)
AT7: =IF('Данные объект'!B3="","",'Данные объект'!B3)
A10: =IF('Данные объект'!B13="","",'Данные объект'!B13)
A11: =IF(AT11="","",AT11) | AT11: (объект)
AT12: =IF('Данные объект'!B8="","",'Данные объект'!B8)
AT13: (дата окончания СМР)
A16: АКТ
A17: готовности строительной части помещений (сооружений) к производству электромонтажных работ
A20: Комиссия в составе:
A21: представителей заказчика
A22: =IF(AND('Данные объект'!B36="",'Данные объект'!B33="",'Данные объект'!B37=""),"",CONCATENATE(IF('Данные объект'!B36="","",'Данные объект'!B36),", ",IF('Данные объект'!B33="","",'Данные объект'!B33)," - ",IF('Данные объект'!B37="","",'Данные объект'!B37)))
A23: (должность, фамилия, имя, отчество)
A24: =IF('Данные объект'!C42="","",'Данные объект'!C42)
A25: (должность, фамилия, имя, отчество)
A26: представителя генерального подрядчика
A27: =IF('Данные объект'!C45="","",'Данные объект'!C45)
A28: (должность, фамилия, имя, отчество)
A31: (должность, фамилия, имя, отчество)
A32: представителя генподрядной организации
A34: (должность, фамилия, имя, отчество)
A35: представителя электромонтажной организации
A36: =IF('Данные объект'!C28="","",'Данные объект'!C28)
A37: (должность, фамилия, имя, отчество)
A38: произвела осмотр помещений (сооружений), передаваемых для производства электромонтажных работ.
A39: 1. | C39: Для производства электромонтажных работ передаются: | AN39: =IF('1 '!AK48="","",'1 '!AK48)
AN40: (наименование помещений, сооружений)
A41: 2. | C41: Помещения (сооружения) выполнены по проекту
A42: =IF('Данные объект'!B56="","",'Данные объект'!B56)
A43: (указать проект, № чертежа)
A44: с учетом чертежей строительных зданий | AB44: =IF('Данные объект'!B52="","",'Данные объект'!B52)
A46: (наименование проектной организации, № чертежей строительных зданий)
A47: Помещения (сооружения) выполнены по проекту с учетом строительных норм и соответствуют требованиям СП 76.13330.2016
A49: Помещения (сооружения), перечисленные в п. 1 настоящего Акта, пригодны для производства электромонтажных
A50: работ с | H50: =IF('Данные объект'!B7="","",'Данные объект'!B7)
A51: 3. | C51: Недоделки, не препятствующие началу электромонтажных работ, подлежат устранению в следующие сроки:
A52: № п/п | E52: Помещение (сооружение) | AC52: Недоделки | AY52: Сроки устранения | BK52: Кто устраняет
A54: - | E54: - | AC54: - | AY54: - | BK54: -
D57: Представители заказчика | BC57: =IF('Данные объект'!B42="","",'Данные объект'!B42)
AM58: (подпись)
BC61: =IF('Данные объект'!B47="","",'Данные объект'!B47)
AM62: (подпись)
AM67: (подпись)
AM69: (подпись)
D70: Представитель электромонтажной организации | BC70: =IF('Данные объект'!B28="","",'Данные объект'!B28)
AM71: (подпись)

Sheet АСП-2
AR1: =IF('Данные объект'!B4="","",'Данные объект'!B4)
A2: =IF('Данные объект'!B2="","",'Данные объект'!B2)
A3: (номер договора) | AR3: (город)
A4: =IF('Данные объект'!B19="","",'Данные объект'!B19) | AR4: =IF('Данные объект'!B33="","",'Данные объект'!B33)
A5: (электромонтажная организация) | AR5: (заказчик)
AR6: =IF('Данные объект'!B3="","",'Данные объект'!B3)
A8: =IF('Данные объект'!B13="","",'Данные объект'!B13)
A10: (объект) | AR10: (объект)
AR11: =IF('Данные объект'!B8="","",'Данные объект'!B8)
AR12: (дата окончания СМР)
A13: АКТ
A14: на скрытые работы по фундаментам под АСП шкафного типа
A16: Комиссия в составе:
A17: представители заказчика
A18: =IF('Данные объект'!C42="","",'Данные объект'!C42)
A19: (должность, фамилия, имя, отчество)
A20: =IF('Данные объект'!C45="","",'Данные объект'!C45)
A21: (должность, фамилия, имя, отчество)
A22: представителя электромонтажной организации
A23: =IF('Данные объект'!C28="","",'Данные объект'!C28)
A24: (должность, фамилия, имя, отчество)
A25: произвела осмотр фундамента под | V25: =IF('1 '!AK48="","",'1 '!AK48)
A26: Место установки: | L26: =IF('Данные объект'!B5="","",'Данные объект'!B5)
A27: Работы выполнены согласно проекту: | W27: =IF('Данные объект'!B56="","",'Данные объект'!B56)
A28: Отступления от проекта____нет
A29: Установлено следующее:
A30: Установлены опоры | CG30: Этот пункт к МТП
A31: Смонтирован фундамент: | P31: из песчаного основания | AE31: 4.77 | AH31: м3 | AJ31: , | AK31: щебеночного основания | AZ31: 4.77 | BC31: м3 | BE31: , фунд.блоков | BN31: 4 | CA31: шт | CG31: Этот пункт к КТП
A32: Заглубление опор составляет | S32: 2,25м | CG32: Этот пункт к МТП | CV32: При необходимости ненужное скрыть
A33: Заглубление фундамента составляет | X33: 0,3м | CG33: Этот пункт к КТП
A34: Высота основания АСП | U34: 2м | CG34: Этот пункт к КТП
A35: Особые замечания:
A36: ЗАКЛЮЧЕНИЕ КОМИССИИ:
A37: Конструкция фундаментов пригодна для установки АСП шкафного типа.
C39: Сдал:
D40: Представитель электромонтажной организации | BC40: =IF('Данные объект'!B28="","",'Данные объект'!B28)
AM41: (подпись)
C43: Принял:
D44: Представители заказчика | BC44: =IF('Данные объект'!B42="","",'Данные объект'!B42)
AM45: (подпись)
BC48: =IF('Данные объект'!B47="","",'Данные объект'!B47)
AM49: (подпись)

Sheet АСП-3
AR1: =IF('Данные объект'!B4="","",'Данные объект'!B4)
A2: =IF('Данные объект'!B2="","",'Данные объект'!B2)
A3: (номер договора) | AR3: (город)
A4: =IF('Данные объект'!B19="","",'Данные объект'!B19) | AR4: =IF('Данные объект'!B33="","",'Данные объект'!B33)
A5: (электромонтажная организация) | AR5: (заказчик)
AR6: =IF('Данные объект'!B3="","",'Данные объект'!B3)
A8: =IF('Данные объект'!B13="","",'Данные объект'!B13)
A10: (объект) | AR10: (объект)
AR11: =IF('Данные объект'!B8="","",'Данные объект'!B8)
AR12: (дата окончания СМР)
A13: ПРОТОКОЛ
A14: осмотра и проверки АСП
A16: Тип, заводской номер | Q16: =IF('1 '!AK48="","",'1 '!AK48) | AF16: № | AI16: =IF('Ведомость общ'!AU22="","",'Ведомость общ'!AU22)
A17: № п/п | I17: Программа осмотра и проверки | AX17: Результаты
A18: 1 | I18: Общее состояние элементов АСП по внешнему осмотру | AX18: удовлетворительное
A19: 2 | I19: Качество установки | AX19: удовлетворительное
A20: 3 | I20: Контрольное включение разъединителей и выключателей нагрузки | AX20: нормальное
A21: 4 | I21: Работа механических блокировок | AX21: нормальная
A22: 5 | I22: Работа дверей и замков | AX22: нормальная
A23: 6 | I23: Необходимые надписи | AX23: имеются
A24: Заключение: | L24: АСП соответствует паспортным данным и проекту
C26: Сдал:
C27: Представитель электромонтажной организации
C28: =IF('Данные объект'!C27="","",'Данные объект'!C27) | BF28: =IF('Данные объект'!B28="","",'Данные объект'!B28)
AP29: (подпись)
C31: Принял:
C32: Представители заказчика
C33: =IF('Данные объект'!C42="","",'Данные объект'!C42) | BF33: =IF('Данные объект'!B42="","",'Данные объект'!B42)
AP34: (подпись)
C37: =IF('Данные объект'!C45="","",'Данные объект'!C45) | BF37: =IF('Данные объект'!B47="","",'Данные объект'!B47)
AP38: (подпись)

Sheet КЛ-1
AR1: =IF('Данные объект'!B4="","",'Данные объект'!B4)
A2: =IF('Данные объект'!B2="","",'Данные объект'!B2)
A3: (номер договора) | AR3: (город)
A4: =IF('Данные объект'!B19="","",'Данные объект'!B19) | AR4: =IF('Данные объект'!B33="","",'Данные объект'!B33)
A6: (электромонтажная организация) | AR6: (заказчик)
AR7: =IF('Данные объект'!B3="","",'Данные объект'!B3)
A9: =IF('Данные объект'!B16="","",'Данные объект'!B16)
A10: (объект) | AR10: (объект)
AR11: =IF('Данные объект'!B8="","",'Данные объект'!B8)
AR12: (дата окончания СМР)
A14: АКТ
A15: приемки траншей, каналов, туннелей и блоков под монтаж кабелей
A17: Комиссия в составе:
A18: представителя заказчика
A19: =IF('Данные объект'!C42="","",'Данные объект'!C42)
A20: (должность, фамилия, имя, отчество)
A21: представителя генерального подрядчика
A22: =IF('Данные объект'!C45="","",'Данные объект'!C45)
A23: (должность, фамилия, имя, отчество)
A24: представителя электромонтажной организации
A25: =IF('Данные объект'!C28="","",'Данные объект'!C28)
A26: (должность, фамилия, имя, отчество)
A27: произвела осмотр и проверку выполненных | AD27: =IF('Данные объект'!B19="","",'Данные объект'!B19)
AD28: (наименование генподрядной организации )
BE29: сооружений для прокладки кабелей.
B31: =IF('Данные объект'!B19="","",'Данные объект'!B19) | G31: выполнена | H31: не выполнена | K31: песка | L31: просеянного грунта | O31: металлических | P31: асбестоцементных | Q31: полиэтиленивых | R31: Двустенных из ПНД | AK31: =IF(AND('Данные объект'!B52="",'Данные объект'!B55=""),"",CONCATENATE(IF('Данные объект'!B52="","",'Данные объект'!B52)," ",IF('Данные объект'!B55="","",'Данные объект'!B55)))
A32: 1. | C32: К сдаче-приемке предъявлены следующие объекты:
C33: траншея
C34: (траншеи, каналы, туннели, блоки кабельной канализации)
A35: 2. | C35: Сооружения выполнены в соответствии с проектом, разработанным | AV35: =IF('Данные объект'!B52="","",'Данные объект'!B52)
C36: =IF('Данные объект'!B56="","",'Данные объект'!B56)
C37: (наименование организации, № чертежей рабочей документации)
A38: 3. | C38: Отступления от проекта | T38: нет
C40: (перечислить)
C41: согласованы
M42: (наименование проектной организации)
A43: 4. | C43: Разбивка трассы траншеи (каналов, туннелей) | AI43: выполнена | BP43: согласно проекта.
AI44: (выполнена, не выполнена)
A45: 5. | C45: Ширина и глубина траншеи соответствует требованиям проекта и ПУЭ, постель выполнена из | BK45: отсева
C46: толщиной слоя | N46: 100 | W46: мм, пересечение дорог выполнено в трубах | AZ46: ПНД труба Ø110
C47: на глубине | K47: 1000 | T47: мм, соединение и окраска труб | AO47: -
AO48: (способ выполнения)
A49: 6. | C49: Диаметр отверстий блоков и правильность стыкования блоков проверены, крышки на люках колодцев установлены.
A50: 7. | C50: Обрамление и перекрытия кабельных каналов выполнены
A52: 8. | C52: Дренаж выполнен по проекту.
A53: 9. | C53: Особые замечания | Q53: нет
A56: Заключение.
B57: Объекты, перечисленные в п. 1 настоящего Акта, считать принятыми под монтаж кабелей.
A58: Приложение.
B59: -
D61: Представитель заказчика | BC61: =IF('Данные объект'!B42="","",'Данные объект'!B42)
AM62: (подпись)
BC64: =IF('Данные объект'!B47="","",'Данные объект'!B47)
AM65: (подпись)
D67: Представитель электромонтажной организации | BC67: =IF('Данные объект'!B28="","",'Данные объект'!B28)
AM68: (подпись)

Sheet КЛ-2
AR1: =IF('Данные объект'!B4="","",'Данные объект'!B4)
A2: =IF('Данные объект'!B2="","",'Данные объект'!B2)
A3: (номер договора) | AR3: (город)
A4: =IF('Данные объект'!B19="","",'Данные объект'!B19) | AR4: =IF('Данные объект'!B33="","",'Данные объект'!B33)
A6: (электромонтажная организация) | AR6: (заказчик)
AR7: =IF('Данные объект'!B3="","",'Данные объект'!B3)
A9: =IF('Данные объект'!B16="","",'Данные объект'!B16)
A10: (объект) | AR10: (объект)
AR11: =IF('Данные объект'!B8="","",'Данные объект'!B8)
AR12: (дата окончания СМР)
A14: АКТ
A15: осмотра канализации из труб перед закрытием
A16: Комиссия в составе:
A17: представителя заказчика
A18: =IF('Данные объект'!C42="","",'Данные объект'!C42)
A19: (должность, фамилия, имя, отчество)
A20: представителя генерального подрядчика
A21: =IF('Данные объект'!C45="","",'Данные объект'!C45)
A22: (должность, фамилия, имя, отчество)
A23: представителя электромонтажной организации
A24: =IF('Данные объект'!C28="","",'Данные объект'!C28)
A25: (должность, фамилия, имя, отчество)
A26: произвела осмотр | O26: =IF('КЛ-1'!AZ46="","",'КЛ-1'!AZ46) | BN26: труб, проложенных в
O27: (материал)
A28: траншее
A29: (место укладки)
A31: При осмотре установлено:
A32: 1. | C32: Прокладка труб произведена по чертежам № | AG32: =IF('Данные объект'!B56="","",'Данные объект'!B56) | BR32: разработанным
C33: =IF('Данные объект'!B52="","",'Данные объект'!B52)
C34: (наименование проектной организации)
A35: 2. | C35: При выполнении работ отсутствуют (или допущены) отклонения от проектной документации
C36: отсутствуют
C37: (при наличии отклонения указывается кем согласованы, № чертежа и дата согласования)
A38: 3. | C38: Соединения труб выполнены | W38: - | AR38: , электрический контакт на стыках металлических
C39: труб обеспечен | N39: -
N40: (чем)
A41: 4. | C41: Трубы имеют нормальные радиусы изгиба и не имеют вмятин и повреждений, препятствующих протягиванию проводов и кабелей.
A44: Заключение.
C45: Работы выполнены в соответствии с проектной документацией, строительными нормами и правилами.
C47: Трубы могут быть залиты бетоном, заштукатурены, засыпаны грунтом.
D50: Представитель заказчика | BC50: =IF('Данные объект'!B42="","",'Данные объект'!B42)
AM51: (подпись)
BC53: =IF('Данные объект'!B47="","",'Данные объект'!B47)
AM54: (подпись)
D56: Представитель электромонтажной организации | BC56: =IF('Данные объект'!B28="","",'Данные объект'!B28)
AM57: (подпись)

Sheet КЛ-3
AR1: =IF('Данные объект'!B4="","",'Данные объект'!B4)
A2: =IF('Данные объект'!B2="","",'Данные объект'!B2)
A3: (номер договора) | AR3: (город)
A4: =IF('Данные объект'!B19="","",'Данные объект'!B19) | AR4: =IF('Данные объект'!B33="","",'Данные объект'!B33)
A6: (электромонтажная организация) | AR6: (заказчик)
AR7: =IF('Данные объект'!B3="","",'Данные объект'!B3)
A9: =IF('Данные объект'!B16="","",'Данные объект'!B16)
A10: (объект) | AR10: (объект)
AR11: =IF('Данные объект'!B8="","",'Данные объект'!B8)
AR12: (дата окончания СМР)
A14: АКТ
A15: осмотра кабелей на барабанах перед укладкой в траншею
A17: Комиссия в составе:
A18: представителя заказчика
A19: =IF('Данные объект'!C42="","",'Данные объект'!C42)
A20: (должность, фамилия, имя, отчество)
A21: представителя генерального подрядчика
A22: =IF('Данные объект'!C45="","",'Данные объект'!C45)
A23: (должность, фамилия, имя, отчество)
A24: представителя электромонтажной организации
A25: =IF('Данные объект'!C28="","",'Данные объект'!C28)
A26: (должность, фамилия, имя, отчество)
A28: при осмотре кабеля на барабанах установила следующее:
A29: 1. К осмотру представлены барабаны №
A30: 2. Барабаны зашиты досками по периметру.
A31: 3. Производитель кабеля
A32: 4. После вскрытия досок обнаружено, что кабель и заводские капы видимых дефектов не
A33: Имеют, наружные витки без видимых деформаций и нарушений изоляции. Заводская
A34: заделка концов кабеля без нарушений.
A35: 5. Наименование и параметры кабеля:
A36: барабан № | P36: , | Q36: марка | U36: АВБбШв-1 4х120 | AI36: , | AJ36: длина | AN36: 2450 | AS36: ,
A37: ЗАКЛЮЧЕНИЕ КОМИССИИ:
A38: Представленные комиссии кабели годны для укладки их в траншею по проекту электроснабжения
A39: Особые отметки:
D42: Представитель заказчика | BC42: =IF('Данные объект'!B42="","",'Данные объект'!B42)
AM43: (подпись)
BC45: =IF('Данные объект'!B47="","",'Данные объект'!B47)
AM46: (подпись)
D48: Представитель электромонтажной организации | BC48: =IF('Данные объект'!B28="","",'Данные объект'!B28)
AM49: (подпись)

Sheet КЛ-4
AR1: =IF('Данные объект'!B4="","",'Данные объект'!B4)
A2: =IF('Данные объект'!B2="","",'Данные объект'!B2)
A3: (номер договора) | AR3: (город)
A4: =IF('Данные объект'!B19="","",'Данные объект'!B19) | AR4: =IF('Данные объект'!B33="","",'Данные объект'!B33)
A5: (электромонтажная организация) | AR5: (заказчик)
AR6: =IF('Данные объект'!B3="","",'Данные объект'!B3)
A8: =IF('Данные объект'!B16="","",'Данные объект'!B16)
A10: (объект) | AR10: (объект)
AR11: =IF('Данные объект'!B8="","",'Данные объект'!B8)
AR12: (дата окончания СМР)
A15: ПРОТОКОЛ
A16: осмотра и проверки сопротивления изоляции кабелей на барабане перед прокладкой
A18: Номер барабана | H18: Марка кабеля, сечение, мм2, напряжение, кВ | R18: Длина кабеля, м | Y18: Завод-изгото- витель | AG18: Дата выпуска | AO18: Состояние | BM18: Сопро- тивление изоляции, МОм | BU18: Заклю- чение
AO20: барабана и обшивки | AW20: наружных витков | BE20: гермети- зирующих заделок
A22: =IF('КЛ-3'!H36="","",'КЛ-3'!H36) | H22: =IF('КЛ-3'!U36="","",'КЛ-3'!U36) | R22: =IF('КЛ-3'!AN36="","",'КЛ-3'!AN36) | AO22: удовл. | AW22: удовл. | BE22: удовл. | BM22: >100 | BU22: годен
C28: Осмотр и проверку произвел
F29: =IF('Данные объект'!C27="","",'Данные объект'!C27)
BJ30: =IF('Данные объект'!B28="","",'Данные объект'!B28)
AJ31: (подпись) | BJ31: (фамилия И.О.)

Sheet КЛ-5
AR1: =IF('Данные объект'!B4="","",'Данные объект'!B4)
A2: =IF('Данные объект'!B2="","",'Данные объект'!B2)
A3: (номер договора) | AR3: (город)
A4: =IF('Данные объект'!B19="","",'Данные объект'!B19) | AR4: =IF('Данные объект'!B33="","",'Данные объект'!B33)
A5: (электромонтажная организация) | AR5: (заказчик)
AR6: =IF('Данные объект'!B3="","",'Данные объект'!B3)
A8: =IF('Данные объект'!B16="","",'Данные объект'!B16)
A10: (объект) | AR10: (объект)
AR11: =IF('Данные объект'!B8="","",'Данные объект'!B8)
AR12: (дата окончания СМР)
A13: ПРОТОКОЛ
A14: прогрева ккабелей на барабане перед прокладкой при низких температурах
A17: Номер барабана | L17: Марка кабеля, напряжение, кВ, сечние, мм2 | AA17: Длина кабеля, м | AI17: Прогрев кабелей внутри обогреваемых помещений | BE17: Прогрев кабелей электрическим током, А
BE19: температура внешних витков кабеля при температуре наружного воздуха
AI20: температура в помещении, °С | AT20: продолжи- тельность прогрева, ч
BE21: -10°С | BQ21: ниже -10°С
A23: =IF('КЛ-3'!H36="","",'КЛ-3'!H36) | L23: =IF('КЛ-3'!U36="","",'КЛ-3'!U36) | AA23: =IF('КЛ-3'!AN36="","",'КЛ-3'!AN36) | AI23: 15 | AT23: 48 | BE23: --- | BQ23: ---
C30: Производитель работ (мастер)
C31: =IF('Данные объект'!C27="","",'Данные объект'!C27)
BJ32: =IF('Данные объект'!B28="","",'Данные объект'!B28)
AJ33: (подпись) | BJ33: (фамилия И.О.)

Sheet КЛ-6
AR1: =IF('Данные объект'!B4="","",'Данные объект'!B4)
A2: =IF('Данные объект'!B2="","",'Данные объект'!B2)
A3: (номер договора) | AR3: (город)
A4: =IF('Данные объект'!B19="","",'Данные объект'!B19) | AR4: =IF('Данные объект'!B33="","",'Данные объект'!B33)
A5: (электромонтажная организация) | AR5: (заказчик)
AR6: =IF('Данные объект'!B3="","",'Данные объект'!B3)
A8: =IF('Данные объект'!B16="","",'Данные объект'!B16)
A10: (объект) | AR10: (объект)
AR11: =IF('Данные объект'!B8="","",'Данные объект'!B8)
AR12: (дата окончания СМР)
A15: АКТ
A16: осмотра кабельной канализации в траншеях и каналах перед закрытием
A18: траншее | B18: канале
A19: Комиссия в составе:
A20: представители заказчика
A21: =IF('Данные объект'!C42="","",'Данные объект'!C42)
A22: (должность, фамилия, имя, отчество)
A23: представителя генерального подрядчика
A24: =IF('Данные объект'!C45="","",'Данные объект'!C45)
A25: (должность, фамилия, имя, отчество)
A26: представитель электромонтажной организации
A27: =IF('Данные объект'!C28="","",'Данные объект'!C28)
A28: (должность, фамилия, имя, отчество)
A29: произвела осмотр кабельной канализации в | AD29: траншее | BP29: перед закрытием.
AD30: (траншее, канале)
A31: В результате осмотра установлено:
A32: 1. | C32: Прокладка кабеля выполнена по проекту | AE32: =IF('Данные объект'!B52="","",'Данные объект'!B52)
AE33: (наименование проектной организации, № чертежей и кабельных журналов)
C34: =IF('Данные объект'!B56="","",'Данные объект'!B56)
A35: 2. | C35: Отступления от проекта согласованы и нанесены на чертежи № | AT35: - | BP35: и схему привязки.
A36: 3.
A39: 4. | C39: На кабелях смонтировано | U39: 2 | AG39: соединительных муфт, привязка соединительных муфт (для кабелей в
C40: траншее) выполнена на плане кабельных линий.
A41: 5. | C41: Произведена подсыпка кабельных линий слоем | AI41: отсева | AX41: и выполнена защита кабелей от механических
AI42: (материал подсылки)
C43: повреждений согласно проекту, а также | AE43: -
AE44: (указать дополнительные места защиты кабелей при наличии)
C46: В местах пересечений с другими инженерными коммуникациями и сооружениями кабели защищены
C47: пересечений нет
C48: (указать, чем защищены)
A49: 6. | C49: Выполнена маркировка соединительных муфт и кабеля.
A50: 7. | C50: Другие особенности, отмеченные комиссией | AH50: -
A53: Заключение.
C54: Траншеи (канал) со смонтированными в них кабельными линиями приняты для закрытия.
D57: Представители заказчика | BC57: =IF('Данные объект'!B42="","",'Данные объект'!B42)
AM58: (подпись)
BC60: =IF('Данные объект'!B47="","",'Данные объект'!B47)
AM61: (подпись)
D63: Представитель электромонтажной организации | BC63: =IF('Данные объект'!B28="","",'Данные объект'!B28)
AM64: (подпись)

Sheet КЛ-7
AR1: =IF('Данные объект'!B4="","",'Данные объект'!B4)
A2: =IF('Данные объект'!B2="","",'Данные объект'!B2)
A3: (номер договора) | AR3: (город)
A4: =IF('Данные объект'!B19="","",'Данные объект'!B19) | AR4: =IF('Данные объект'!B33="","",'Данные объект'!B33)
A5: (электромонтажная организация) | AR5: (заказчик)
AR6: =IF('Данные объект'!B3="","",'Данные объект'!B3)
A8: =IF('Данные объект'!B16="","",'Данные объект'!B16)
A10: (объект) | AR10: (объект)
AR11: =IF('Данные объект'!B8="","",'Данные объект'!B8)
AR12: (дата окончания СМР)
A16: ЖУРНАЛ
A17: прокладки кабелей
A19: Дата прокладки | G19: Наименование и номер кабеля по кабельному журналу или исполнительной схеме | R19: Марка кабеля, напряжение, кВ, сечение, мм2 | AG19: Общая длина линии, м | AM19: Номер барабана и длина кабеля на каждом, м | AW19: Количество соединительных муфт на линии | BC19: Температура окружаюего воздуха при прокладке | BL19: Способ подогрева кабеля и продолжи- тельность прокладки, ч | BU19: Фамилия ответст- венного за прокладку
A25: =IF('Данные объект'!B8="","",'Данные объект'!B8) | R25: =IF('КЛ-3'!U36="","",'КЛ-3'!U36) | AG25: 40.5 | AM25: =IF(AND('КЛ-3'!H36="",'КЛ-3'!AN36=""),"",CONCATENATE(IF('КЛ-3'!H36="","",'КЛ-3'!H36),", ",IF('КЛ-3'!AN36="","",'КЛ-3'!AN36))) | AW25: 2 | BC25: 21 | BL25: - | BU25: =IF('Данные объект'!B28="","",'Данные объект'!B28)
C26: Производитель работ (мастер)
E27: =IF('Данные объект'!C27="","",'Данные объект'!C27)
BJ28: =IF('Данные объект'!B28="","",'Данные объект'!B28)
AJ29: (подпись) | BJ29: (фамилия И.О.)

Sheet КЛ-8
AR1: =IF('Данные объект'!B4="","",'Данные объект'!B4)
A2: =IF('Данные объект'!B2="","",'Данные объект'!B2)
A3: (номер договора) | AR3: (город)
A4: =IF('Данные объект'!B19="","",'Данные объект'!B19) | AR4: =IF('Данные объект'!B33="","",'Данные объект'!B33)
A5: (электромонтажная организация) | AR5: (заказчик)
AR6: =IF('Данные объект'!B3="","",'Данные объект'!B3)
A8: =IF('Данные объект'!B16="","",'Данные объект'!B16)
A10: (объект) | AR10: (объект)
AR11: =IF('Данные объект'!B8="","",'Данные объект'!B8)
AR12: (дата окончания СМР)
A13: ЖУРНАЛ
A14: монтажа кабельных муфт напряжением выше 1000 В
A16: Кабель | AC16: Муфта | BJ16: Исполнитель
A17: Номер по кабельному журналу | K17: Марка, сечение, мм2, напряжение, кВ | AC17: Номер | AM17: Тип, размер | BB17: Дата монтажа | BJ17: Фамилия | BU17: Подпись
A20: 1 | K20: =IF('КЛ-3'!U36="","",'КЛ-3'!U36) | AC20: б/н | AM20: 4Стп1-70/120 | BB20: =IF(AR11="","",AR11) | BJ20: =IF('Данные объект'!B28="","",'Данные объект'!B28)
C26: Производитель работ (мастер)
F27: =IF('Данные объект'!C27="","",'Данные объект'!C27)
BJ28: =IF('Данные объект'!B28="","",'Данные объект'!B28)
AJ29: (подпись) | BJ29: (фамилия И.О.)

Sheet КЛ-9
AR1: =IF('Данные объект'!B4="","",'Данные объект'!B4)
A2: =IF('Данные объект'!B2="","",'Данные объект'!B2)
A3: (номер договора) | AR3: (город)
A4: =IF('Данные объект'!B19="","",'Данные объект'!B19) | AR4: =IF('Данные объект'!B33="","",'Данные объект'!B33)
A6: (электромонтажная организация) | AR6: (заказчик)
AR7: =IF('Данные объект'!B3="","",'Данные объект'!B3)
A9: =IF('Данные объект'!B16="","",'Данные объект'!B16)
A10: (объект) | AR10: (объект)
AR11: =IF('Данные объект'!B8="","",'Данные объект'!B8)
AR12: (дата окончания СМР)
T14: Паспорт кабельной линии электропередачи | BA14: КЛ-0,4кВ
A15: Дата ввода в эксплуатацию
A16: Инвентарный номер
A17: Наименование линии | Q17: =IF(A9="","",A9)
A18: Питающий центр
A19: Дата начала строительства | T19: =IF('Данные объект'!B7="","",'Данные объект'!B7)
A20: Дата окончания строительства | W20: =IF('Данные объект'!B8="","",'Данные объект'!B8)
A21: 1. ПРИНЦИПИАЛЬНАЯ СХЕМА ЛИНИИ
A22: 2. ТЕХНИЧЕСКАЯ ХАРАКТЕРИСТИКА
A23: 2.1. Протяженность трассы | T23: =IF('КЛ-7'!AG25="","",'КЛ-7'!AG25) | AD23: м
A24: 2.2. Тип, марка и сечение кабеля | W24: =IF('КЛ-7'!R25="","",'КЛ-7'!R25)
A25: 2.3. | D25: Наибольшая допустимая токовая нагрузка
A26: (определяется по участку трассы с наихудшими тепловыми условиями, при длине участка не менее 10м)
A27: 3. ОБЩАЯ ХАРАКТЕРИСТИКА ТРАССЫ
A28: 4. ЗАМЕЧАНИЯ
A29: 5. ПРИЛОЖЕНИЯ
A30: 5.1. | D30: Исполнительный чертеж трассы с указанием мест установки соединительных муфт, выполненный в масштабах 1:200 или 1:500 в зависимости от развития коммуникаций в данном районе трассы.
A31: 5.2. | D31: Чертежи профилей кабельной линии в местах пересечения с дорогами и другими коммуникациями (для особо сложных трасс кабельных линий на напряжение 6-10кВ).
A32: 5.3. | D32: Акты состояния кабелей на барабанах и, в случае необходимости, протоколы разборки и осмотра образцов (для импортных кабелей разборка обязательна).
A33: 5.4. | D33: Кабельный журнал.
A34: 5.5. | D34: Инвентарная опись всех элементов кабельной линии.
A35: 5.6. | D35: Акты строительных и скрытых работ с указанием пересечений и сближений кабелей со всеми подземными коммуникациями.
A36: 5.7. | D36: Акты на монтаж кабельных муфт.
A37: 5.8. Акты приемки траншей, блоков, труб, каналов под монтаж.
A38: 5.9. | D38: Акты под монтаж устройств по защите кабельных линий от электрохимической коррозии, а также результаты коррозийных испытаний в соответствии с проектом.
A39: 5.10. | E39: Протокол испытания изоляции кабельной линии повышенным выпрямленным напряжением после прокладки.
A40: 5.11. | E40: Результаты измерения сопротивления изоляции.
A41: 5.12. | E41: Акты осмотра кабелей, проложенных в траншеях и каналах, перед закрытием.
A42: 5.13. | E42: Протокол прогрева кабелей на барабанах перед прокладкой при низких температурах.
A43: 5.14. | E43: Акт проверки и испытания автоматических стационарных установок систем пожаротушения и пожарной сигнализации.
D46: Представитель заказчика | BC46: =IF('Данные объект'!B42="","",'Данные объект'!B42)
AM47: (подпись)
BC49: =IF('Данные объект'!B47="","",'Данные объект'!B47)
AM50: (подпись)
D52: Представитель электромонтажной организации | BC52: =IF('Данные объект'!B28="","",'Данные объект'!B28)
AM53: (подпись)

Sheet ВЛЗ-3
AR1: =IF('Данные объект'!B4="","",'Данные объект'!B4)
A2: =IF('Данные объект'!B2="","",'Данные объект'!B2)
A3: (номер договора) | AR3: (город)
A4: =IF('Данные объект'!B19="","",'Данные объект'!B19) | AR4: =IF('Данные объект'!B33="","",'Данные объект'!B33)
A5: (электромонтажная организация) | AR5: (заказчик)
AR6: =IF('Данные объект'!B3="","",'Данные объект'!B3)
A8: =IF('Данные объект'!B14="","",'Данные объект'!B14)
A10: (объект) | AR10: (объект)
AR11: =IF('Данные объект'!B8="","",'Данные объект'!B8)
AR12: (дата окончания СМР)
A13: АКТ
A14: приемки установленных опор под монтаж проводов и тросов
A15: Комиссия в составе:
A16: представителя заказчика
A17: =IF('Данные объект'!C42="","",'Данные объект'!C42)
A18: (должность, фамилия, имя, отчество)
A19: =IF('Данные объект'!C45="","",'Данные объект'!C45)
A20: (должность, фамилия, имя, отчество)
A21: представителя электромонтажной организации
A22: =IF('Данные объект'!C28="","",'Данные объект'!C28)
A23: (должность, фамилия, имя, отчество)
A24: произвела осмотр строительной части фундаментов и опор, выполненных
A25: =IF('Данные объект'!B19="","",'Данные объект'!B19)
A26: (наименование исполнителя)
A27: Отступления от проекта, перечисленные ведомости (приложение нет)
A28: Согласованы с
A29: Дефекты и недоделки строительных работ, перечисленные ведомости (приложение нет), не препятствуют работам по монтажу проводов.
A30: ЗАКЛЮЧЕНИЕ КОМИССИИ:
A31: Опоры, установленные на трассе ВЛ, считаются годными к монтажу проводов и тросов.
A32: Примечание: Сдача опор в эксплуатацию производится организацией, установившей опоры.
D34: Представитель заказчика | BC34: =IF('Данные объект'!B42="","",'Данные объект'!B42)
AM35: (подпись)
BC37: =IF('Данные объект'!B47="","",'Данные объект'!B47)
AM38: (подпись)
D40: Представитель электромонтажной организации | BC40: =IF('Данные объект'!B28="","",'Данные объект'!B28)
AM41: (подпись)

Sheet ВЛЗ-6
AR1: =IF('Данные объект'!B4="","",'Данные объект'!B4)
A2: =IF('Данные объект'!B2="","",'Данные объект'!B2)
A3: (номер договора) | AR3: (город)
A4: =IF('Данные объект'!B19="","",'Данные объект'!B19) | AR4: =IF('Данные объект'!B33="","",'Данные объект'!B33)
A5: (электромонтажная организация) | AR5: (заказчик)
AR6: =IF('Данные объект'!B3="","",'Данные объект'!B3)
A8: =IF('Данные объект'!B14="","",'Данные объект'!B14)
A10: ='ВЛЗ-3'!A10:AI10 | AR10: (объект)
AR11: =IF('Данные объект'!B8="","",'Данные объект'!B8)
AR12: (дата окончания СМР)
A13: АКТ
A14: осмотра заземлителей перед закрытием
A15: Комиссия в составе:
A16: представителя заказчика
A17: =IF('Данные объект'!C42="","",'Данные объект'!C42)
A18: (должность, фамилия, имя, отчество)
A19: =IF('Данные объект'!C45="","",'Данные объект'!C45)
A20: (должность, фамилия, имя, отчество)
A21: представителя электромонтажной организации
A22: =IF('Данные объект'!C28="","",'Данные объект'!C28)
A23: (должность, фамилия, имя, отчество)
A25: произвела осмотр заземлителей опор№№ | Z25: 1
A26: Осмотром установлено:
A27: 1. Заземление выполнено по чертежам № | AA27: =IF('Данные объект'!B56="","",'Данные объект'!B56) | AT27: проекта электрооборудования
A28: 2. Отступление от проекта нет
A29: согласованы с | B29: и внесены в чертежи №
A30: 3. Все соединения выполнены зажимом ПС2-1
B31: (способ соединения и защита стыков сваркой или зажимом ПС 2-1)
A32: 4. Характеристика заземлителей:
A33: № п/п | F33: Наименование заземления | Q33: Трубчатые заземления | AB33: Прочие заземления | AQ33: Заземление на одну опору | BS33: Примечание
Q34: Кол- во (шт.) | AB34: Диа- метр (мм) | AH34: Глубина заложе- ния | AQ34: Материал | AX34: Сечение (мм) | BE34: Длина (м.) | BL34: Глубина заложе- ния (м)
A35: 1 | F35: вертикальное | Q35: - | AB35: - | AH35: - | AQ35: уголок | AX35: 50х50х5 | BE35: 3 | BL35: 1
F36: горизонтальное | Q36: - | AB36: - | AH36: - | AQ36: полоса | AX36: 40х4 | BE36: 8.3
F37: вертикальное | Q37: - | AB37: - | AH37: - | AQ37: арматура | AX37: 10 | BE37: 8 | BS37: опуск по опоре
A39: ЗАКЛЮЧЕНИЕ КОМИССИИ:
A40: Выполненный контур может быть закрыт.
D42: Представитель заказчика | BC42: =IF('Данные объект'!B42="","",'Данные объект'!B42)
AM43: (подпись)
BC45: =IF('Данные объект'!B47="","",'Данные объект'!B47)
AM46: (подпись)
D48: Представитель электромонтажной организации | BC48: =IF('Данные объект'!B28="","",'Данные объект'!B28)
AM49: (подпись)

Sheet ВЛЗ-8
AR1: =IF('Данные объект'!B4="","",'Данные объект'!B4)
A2: =IF('Данные объект'!B2="","",'Данные объект'!B2)
A3: (номер договора) | AR3: (город)
A4: =IF('Данные объект'!B19="","",'Данные объект'!B19) | AR4: =IF('Данные объект'!B33="","",'Данные объект'!B33)
A5: (электромонтажная организация) | AR5: (заказчик)
AR6: =IF('Данные объект'!B3="","",'Данные объект'!B3)
A8: =IF('Данные объект'!B14="","",'Данные объект'!B14)
A10: (объект) | AR10: (объект)
AR11: =IF('Данные объект'!B8="","",'Данные объект'!B8)
A13: ВЕДОМОСТЬ
A14: верхового осмотра линий электропередачи перед вводом в эксплуатацию
A16: Верховой осмотр линии | S16: =IF('Данные объект'!B14="","",'Данные объект'!B14)
A17: произвели от опоры № | AC17: до опоры №
A19: №№ | H19: Состояние
H20: изоляторов | S20: проводов | AG20: вязки | AW20: арматуры | BI20: верхушки опоры | BV20: траверс
H21: хорошее | S21: хорошее | AG21: хорошее | AW21: хорошее | BI21: хорошее | BV21: хорошее
H22: хорошее | S22: хорошее | AG22: хорошее | AW22: хорошее | BI22: хорошее | BV22: хорошее
H23: хорошее | S23: хорошее | AG23: хорошее | AW23: хорошее | BI23: хорошее | BV23: хорошее
H24: хорошее | S24: хорошее | AG24: хорошее | AW24: хорошее | BI24: хорошее | BV24: хорошее
H25: хорошее | S25: хорошее | AG25: хорошее | AW25: хорошее | BI25: хорошее | BV25: хорошее
H26: хорошее | S26: хорошее | AG26: хорошее | AW26: хорошее | BI26: хорошее | BV26: хорошее
H27: хорошее | S27: хорошее | AG27: хорошее | AW27: хорошее | BI27: хорошее | BV27: хорошее
H28: хорошее | S28: хорошее | AG28: хорошее | AW28: хорошее | BI28: хорошее | BV28: хорошее
H29: хорошее | S29: хорошее | AG29: хорошее | AW29: хорошее | BI29: хорошее | BV29: хорошее
H30: хорошее | S30: хорошее | AG30: хорошее | AW30: хорошее | BI30: хорошее | BV30: хорошее
H31: хорошее | S31: хорошее | AG31: хорошее | AW31: хорошее | BI31: хорошее | BV31: хорошее
... H36: хорошее | S36: хорошее | AG36: хорошее | AW36: хорошее | BI36: хорошее | BV36: хорошее
D38: Представитель электромонтажной организации | BC38: =IF('Данные объект'!B28="","",'Данные объект'!B28)
AM39: (подпись)

Sheet 24 ВЛЗ
AR1: =IF('Данные объект'!B4="","",'Данные объект'!B4)
A2: =IF('Данные объект'!B2="","",'Данные объект'!B2)
A3: (номер договора) | AR3: (город)
A4: =IF('Данные объект'!B19="","",'Данные объект'!B19) | AR4: =IF('Данные объект'!B33="","",'Данные объект'!B33)
A5: (электромонтажная организация) | AR5: (заказчик)
AR6: =IF('Данные объект'!B3="","",'Данные объект'!B3)
A8: =IF('Данные объект'!B14="","",'Данные объект'!B14)
A10: (объект) | AR10: (объект)
AR11: =IF('Данные объект'!B8="","",'Данные объект'!B8)
AR12: (дата окончания СМР)
A13: ПАСПОРТ
A14: воздушной линии электропередачи
A16: 1. | C16: Монтаж опор воздушной линии электропередачи
A17: Наименование опоры | Q17: Установлено на ВЛ, шт. | AG17: Тип опоры (номер чертежа для нетиповых) | AW17: Материал опоры | BM17: Защитное покрытие дополнительно к заводскому (окраска, антисептик), к-во опор
A21: Промежуточные | Q21: 1 | AG21: СВ 95-3 | AW21: ж/б | BM21: Синяя краска ПФ-115
A22: Анкерные | Q22: - | AG22: =IF(AG21="","",AG21) | AW22: ж/б | BM22: Синяя краска ПФ-115
A23: Угловые | Q23: - | AG23: =IF(AG21="","",AG21) | AW23: ж/б | BM23: Синяя краска ПФ-115
A24: Другие | Q24: - | AG24: =IF(AG21="","",AG21) | AW24: ж/б | BM24: Синяя краска ПФ-115
A25: Всего: | Q25: 1
C26: Использованы существующие
A28: 2. | C28: Монтаж проводов и тросов.
C29: На | G29: ВЛ-0,6кВ | N29: смонтирован провод марки | AG29: СИП 3 1х70 | BB29: мм2, в общем количестве | BT29: 70 | CA29: м,
C30: грозозащитный трос марки | V30: - | AZ30: протяженностью | BM30: - | CA30: м.
C31: Монтаж проводов и тросов выполнен в соответствии с проектом ВЛ. Стрелы провеса проводов и тросов соответствуют монтажным кривым (таблицам) проекта.
C33: Пересечение ВЛ с другими сетями и инженерными сооружениями выполнены по проекту и оформлены частными актами, прилагаемыми к настоящему.
A35: 3. | C35: Соединение проводов и тросов.
C36: Номер опор и пролетов, на которых смонтированы соединения | W36: Тип соединительного напряженного зажима | AM36: Способ монтажа соединения | BC36: Исполнитель
BC37: Фамилия, И.О. | BP37: Подпись
A49: 3. | C49: Монтаж разрядников и разъединителей.
C50: На | G50: =IF(G29="","",G29) | P50: смонтированы:
A51: а) | C51: трубчатые разрядники типа | V51: РМК-20 | AO51: , на опорах | AW51: №1 | CL51: Если ВЛ-0,4кВ, РМК и РЛК удалить
AW52: (номера опор)
A55: б) | C55: разъединители типа | Q55: РЛК-1-10.IV/400 | AO55: , на опорах
AW56: (номера опор)
C57: Монтаж разъединителей выполнен в соответствии с проектом и документацией заводов-изготовителей.
A60: 4. | C60: Монтаж заземляющих устройств.
C61: Монтаж заземляющих устройств опор | AD61: =IF(G29="","",G29) | AO61: выполнен в соответствии с проектом и требованиями
C62: главы 1.7 ПУЭ «Заземление и защитные меры безопасности».
C64: Протоколы и измерения сопротивления заземляющих устройств, предъявленные комиссии, хранятся у заказчика (в наладочной организации).
A66: Заключение:
C67: -
C68: -
C70: Производитель работ (мастер)
F71: =IF('Данные объект'!C27="","",'Данные объект'!C27)
BJ72: =IF('Данные объект'!B28="","",'Данные объект'!B28)
AJ73: (подпись) | BJ73: (фамилия И.О.)

Sheet 26 ВЛЗ
AR1: =IF('Данные объект'!B4="","",'Данные объект'!B4)
A2: =IF('Данные объект'!B2="","",'Данные объект'!B2)
A3: (номер договора) | AR3: (город)
A4: =IF('Данные объект'!B19="","",'Данные объект'!B19) | AR4: =IF('Данные объект'!B33="","",'Данные объект'!B33)
A5: (электромонтажная организация) | AR5: (заказчик)
AR6: =IF('Данные объект'!B3="","",'Данные объект'!B3)
A8: =IF('Данные объект'!B14="","",'Данные объект'!B14)
A10: (объект) | AR10: (объект)
AR11: =IF('Данные объект'!B8="","",'Данные объект'!B8)
AR12: (дата окончания СМР)
A13: ПАСПОРТ
A14: заземляющего устройства
A16: Комиссия в составе:
A17: представителей заказчика
A18: =IF('Данные объект'!C42="","",'Данные объект'!C42)
A19: (должность, фамилия, имя, отчество)
A20: представителя генерального подрядчика
A21: =IF('Данные объект'!C45="","",'Данные объект'!C45)
A22: (должность, фамилия, имя, отчество)
A25: (должность, фамилия, имя, отчество)
A26: представителя электромонтажной организации
A27: =IF('Данные объект'!C28="","",'Данные объект'!C28)
A28: (должность, фамилия, имя, отчество)
A29: произвела осмотр выполненных работ по монтажу заземляющих устройств.
C30: Осмотром установлено:
A31: 1. | C31: Заземляющее устройство выполнено в соответствии с проектом
C32: =IF('Данные объект'!B56="","",'Данные объект'!B56)
C33: (название)
C34: разработанным | O34: =IF('Данные объект'!B52="","",'Данные объект'!B52) | BE34: по чертежам | BO34: =IF('Данные объект'!B56="","",'Данные объект'!B56)
O35: (проектная организация) | BO35: (номер)
A36: 2. | C36: Отступления от проекта | T36: ---
C37: согласованы с | N37: ---
N38: (организация, должность, фамилия, и , о, дата)
C39: и внесены в чертежи | R39: ---
R40: (номер)
A41: 3. | C41: Характеристика заземляющего устройства.
A42: № п.п. | E42: Элемент заземляющих устройств | AI42: Параметры элементов заземляющего устройства | BS42: Примечание
AI43: материал | AP43: профиль | AW43: размеры, мм | BD43: кол-во | BI43: глубина заложения, м
A45: 1 | E45: Заземлитель вертикальный | AI45: сталь | AP45: =IF('ВЛЗ-6'!AQ35="","",'ВЛЗ-6'!AQ35) | AW45: =IF('ВЛЗ-6'!AX35="","",'ВЛЗ-6'!AX35) | BD45: 9м | BI45: 1 | BS45: -
A46: 2 | E46: Заземлитель горизонтальный | AI46: сталь | AP46: =IF('ВЛЗ-6'!AQ36="","",'ВЛЗ-6'!AQ36) | AW46: =IF('ВЛЗ-6'!AX36="","",'ВЛЗ-6'!AX36) | BD46: 8,3м | BI46: 1 | BS46: -
A47: 3 | E47: Заземлитель вертикальный | AI47: сталь | AP47: =IF('ВЛЗ-6'!AQ37="","",'ВЛЗ-6'!AQ37) | AW47: =IF('ВЛЗ-6'!AX37="","",'ВЛЗ-6'!AX37) | BD47: 8м | BI47: - | BS47: =IF('ВЛЗ-6'!BS37="","",'ВЛЗ-6'!BS37)
A49: 4. | C49: Характер соединений элементов заземляющего устройства между собой и присоединения их к естественным
C50: заземляющим устройствам | V50: выполнены сварными соединениями не менее 100мм и проваром со всех сторон, зажимами ПС-2-1
A52: 5. | C52: Выделены дефекты | Q52: не обнаружено
A53: 6. | C53: Заключение. | M53: Заземляющее устройство может быть засыпано землей.
A56: Представитель монтажной организации
A57: =IF('Данные объект'!C27="","",'Данные объект'!C27)
BI58: =IF('Данные объект'!B28="","",'Данные объект'!B28)
A59: (должность) | AM59: (подпись) | BI59: (расшифровка подписи)
A62: Представители заказчика
A63: =IF('Данные объект'!C42="","",'Данные объект'!C42)
BI64: =IF('Данные объект'!B42="","",'Данные объект'!B42)
A65: (должность) | AM65: (подпись) | BI65: (расшифровка подписи)
A68: =IF('Данные объект'!C45="","",'Данные объект'!C45)
BI69: =IF('Данные объект'!B47="","",'Данные объект'!B47)
A70: (должность) | AM70: (подпись) | BI70: (расшифровка подписи)

Sheet ВЛЗ-3 0,4
AR1: =IF('Данные объект'!B4="","",'Данные объект'!B4)
A2: =IF('Данные объект'!B2="","",'Данные объект'!B2)
A3: (номер договора) | AR3: (город)
A4: =IF('Данные объект'!B19="","",'Данные объект'!B19) | AR4: =IF('Данные объект'!B33="","",'Данные объект'!B33)
A5: (электромонтажная организация) | AR5: (заказчик)
AR6: =IF('Данные объект'!B3="","",'Данные объект'!B3)
A8: =IF('Данные объект'!B15="","",'Данные объект'!B15)
A10: (объект) | AR10: (объект)
AR11: =IF('Данные объект'!B8="","",'Данные объект'!B8)
AR12: (дата окончания СМР)
A13: АКТ
A14: приемки установленных опор под монтаж проводов и тросов
A15: Комиссия в составе:
A16: представителя заказчика
A17: =IF('Данные объект'!C42="","",'Данные объект'!C42)
A18: (должность, фамилия, имя, отчество)
A19: =IF('Данные объект'!C45="","",'Данные объект'!C45)
A20: (должность, фамилия, имя, отчество)
A21: представителя электромонтажной организации
A22: =IF('Данные объект'!C28="","",'Данные объект'!C28)
A23: (должность, фамилия, имя, отчество)
A24: произвела осмотр строительной части фундаментов и опор, выполненных
A25: =IF('Данные объект'!B19="","",'Данные объект'!B19)
A26: (наименование исполнителя)
A27: Отступления от проекта, перечисленные ведомости (приложение нет)
A28: Согласованы с
A29: Дефекты и недоделки строительных работ, перечисленные ведомости (приложение нет), не препятствуют работам по монтажу проводов.
A30: ЗАКЛЮЧЕНИЕ КОМИССИИ:
A31: Опоры, установленные на трассе ВЛ, считаются годными к монтажу проводов и тросов.
A32: Примечание: Сдача опор в эксплуатацию производится организацией, установившей опоры.
D34: Представитель заказчика | BC34: =IF('Данные объект'!B42="","",'Данные объект'!B42)
AM35: (подпись)
BC37: =IF('Данные объект'!B47="","",'Данные объект'!B47)
AM38: (подпись)
D40: Представитель электромонтажной организации | BC40: =IF('Данные объект'!B28="","",'Данные объект'!B28)
AM41: (подпись)

Sheet ВЛЗ-6 0,4
AR1: =IF('Данные объект'!B4="","",'Данные объект'!B4)
A2: =IF('Данные объект'!B2="","",'Данные объект'!B2)
A3: (номер договора) | AR3: (город)
A4: =IF('Данные объект'!B19="","",'Данные объект'!B19) | AR4: =IF('Данные объект'!B33="","",'Данные объект'!B33)
A5: (электромонтажная организация) | AR5: (заказчик)
AR6: =IF('Данные объект'!B3="","",'Данные объект'!B3)
A8: =IF('Данные объект'!B15="","",'Данные объект'!B15)
A10: ='ВЛЗ-3 0,4'!A10:AI10 | AR10: (объект)
AR11: =IF('Данные объект'!B8="","",'Данные объект'!B8)
AR12: (дата окончания СМР)
A13: АКТ
A14: осмотра заземлителей перед закрытием
A15: Комиссия в составе:
A16: представителя заказчика
A17: =IF('Данные объект'!C42="","",'Данные объект'!C42)
A18: (должность, фамилия, имя, отчество)
A19: =IF('Данные объект'!C45="","",'Данные объект'!C45)
A20: (должность, фамилия, имя, отчество)
A21: представителя электромонтажной организации
A22: =IF('Данные объект'!C28="","",'Данные объект'!C28)
A23: (должность, фамилия, имя, отчество)
A25: произвела осмотр заземлителей опор№№
A26: Осмотром установлено:
A27: 1. Заземление выполнено по чертежам № | AA27: =IF('Данные объект'!B56="","",'Данные объект'!B56) | AT27: проекта электрооборудования
A28: 2. Отступление от проекта нет
A29: согласованы с | B29: и внесены в чертежи №
A30: 3. Все соединения выполнены зажимом ПС2-1
B31: (способ соединения и защита стыков сваркой или зажимом ПС 2-1)
A32: 4. Характеристика заземлителей:
A33: № п/п | F33: Наименование заземления | Q33: Трубчатые заземления | AB33: Прочие заземления | AQ33: Заземление на одну опору | BS33: Примечание
Q34: Кол- во (шт.) | AB34: Диа- метр (мм) | AH34: Глубина заложе- ния | AQ34: Материал | AX34: Сечение (мм) | BE34: Длина (м.) | BL34: Глубина заложе- ния (м)
A35: 1 | F35: вертикальное | Q35: - | AB35: - | AH35: - | AQ35: уголок | AX35: 50х50х5 | BE35: 3 | BL35: 1
F36: горизонтальное | Q36: - | AB36: - | AH36: - | AQ36: полоса | AX36: 40х4
F37: вертикальное | Q37: - | AB37: - | AH37: - | AQ37: арматура | AX37: 10 | BE37: 8.5 | BS37: опуск по опоре
A39: ЗАКЛЮЧЕНИЕ КОМИССИИ:
A40: Выполненный контур может быть закрыт.
D42: Представитель заказчика | BC42: =IF('Данные объект'!B42="","",'Данные объект'!B42)
AM43: (подпись)
BC45: =IF('Данные объект'!B47="","",'Данные объект'!B47)
AM46: (подпись)
D48: Представитель электромонтажной организации | BC48: =IF('Данные объект'!B28="","",'Данные объект'!B28)
AM49: (подпись)

Sheet ВЛИ- 8 0,4
AR1: =IF('Данные объект'!B4="","",'Данные объект'!B4)
A2: =IF('Данные объект'!B2="","",'Данные объект'!B2)
A3: (номер договора) | AR3: (город)
A4: =IF('Данные объект'!B19="","",'Данные объект'!B19) | AR4: =IF('Данные объект'!B30="","",'Данные объект'!B30)
A5: (электромонтажная организация) | AR5: (заказчик)
AR6: =IF('Данные объект'!B3="","",'Данные объект'!B3)
A8: =IF('Данные объект'!B15="","",'Данные объект'!B15)
A10: (объект) | AR10: (объект)
AR11: =IF('Данные объект'!B8="","",'Данные объект'!B8)
AR12: (дата окончания СМР)
A13: ВЕДОМОСТЬ
A14: верхового осмотра линий электропередачи перед вводом в эксплуатацию
A16: Верховой осмотр линии
A17: произвели от опоры № | AC17: до опоры №
A19: №№ | H19: Состояние
H20: проводов | AG20: арматуры | BI20: верхушки опоры
H21: хорошее | AG21: хорошее | BI21: хорошее
H22: хорошее | AG22: хорошее | BI22: хорошее
H23: хорошее | AG23: хорошее | BI23: хорошее
H24: хорошее | AG24: хорошее | BI24: хорошее
H25: хорошее | AG25: хорошее | BI25: хорошее
H26: хорошее | AG26: хорошее | BI26: хорошее
H27: хорошее | AG27: хорошее | BI27: хорошее
H28: хорошее | AG28: хорошее | BI28: хорошее
D39: Представитель электромонтажной организации | BC39: =IF('Данные объект'!B28="","",'Данные объект'!B28)
AM40: (подпись)

Sheet 24 ВЛЗ 0,4
AR1: =IF('Данные объект'!B4="","",'Данные объект'!B4)
A2: =IF('Данные объект'!B2="","",'Данные объект'!B2)
A3: (номер договора) | AR3: (город)
A4: =IF('Данные объект'!B19="","",'Данные объект'!B19) | AR4: =IF('Данные объект'!B33="","",'Данные объект'!B33)
A5: (электромонтажная организация) | AR5: (заказчик)
AR6: =IF('Данные объект'!B3="","",'Данные объект'!B3)
A8: =IF('Данные объект'!B15="","",'Данные объект'!B15)
A10: (объект) | AR10: (объект)
AR11: =IF('Данные объект'!B8="","",'Данные объект'!B8)
AR12: (дата окончания СМР)
A13: ПАСПОРТ
A14: воздушной линии электропередачи
A16: 1. | C16: Монтаж опор воздушной линии электропередачи
A17: Наименование опоры | Q17: Установлено на ВЛ, шт. | AG17: Тип опоры (номер чертежа для нетиповых) | AW17: Материал опоры | BM17: Защитное покрытие дополнительно к заводскому (окраска, антисептик), к-во опор
A21: Промежуточные | Q21: =IF('ВЛ-1'!AB30="","",'ВЛ-1'!AB30) | AG21: СВ 95-3 | AW21: ж/б | BM21: Синяя краска ПФ-115
A22: Анкерные | Q22: =IF('ВЛ-1'!AU30="","",'ВЛ-1'!AU30) | AG22: =IF(AG21="","",AG21) | AW22: ж/б | BM22: Синяя краска ПФ-115
A23: Угловые | Q23: =IF('ВЛ-1'!AB32="","",'ВЛ-1'!AB32) | AG23: =IF(AG21="","",AG21) | AW23: ж/б | BM23: Синяя краска ПФ-115
A24: Другие | Q24: =IF('ВЛ-1'!AU32="","",'ВЛ-1'!AU32) | AG24: =IF(AG21="","",AG21) | AW24: ж/б | BM24: Синяя краска ПФ-115
A25: Всего: | Q25: =IF('ВЛ-1'!AS28="","",'ВЛ-1'!AS28)
C26: Использованы существующие
A28: 2. | C28: Монтаж проводов и тросов.
C29: На | G29: ВЛ- | N29: смонтирован провод марки | BB29: мм2, в общем количестве | CA29: м,
C30: грозозащитный трос марки | V30: - | AZ30: протяженностью | BM30: - | CA30: м.
C31: Монтаж проводов и тросов выполнен в соответствии с проектом ВЛ. Стрелы провеса проводов и тросов соответствуют монтажным кривым (таблицам) проекта.
C33: Пересечение ВЛ с другими сетями и инженерными сооружениями выполнены по проекту и оформлены частными актами, прилагаемыми к настоящему.
A35: 3. | C35: Соединение проводов и тросов.
C36: Номер опор и пролетов, на которых смонтированы соединения | W36: Тип соединительного напряженного зажима | AM36: Способ монтажа соединения | BC36: Исполнитель
BC37: Фамилия, И.О. | BP37: Подпись
A49: 3. | C49: Монтаж разрядников и разъединителей.
C50: На | G50: =IF(G29="","",G29) | P50: смонтированы:
A51: а) | C51: трубчатые разрядники типа | V51: РМК-20 | AO51: , на опорах | CL51: Если ВЛ-0,4кВ, РМК и РЛК удалить
AW52: (номера опор)
A55: б) | C55: разъединители типа | Q55: РЛК-1-10.IV/400 | AO55: , на опорах
AW56: (номера опор)
C57: Монтаж разъединителей выполнен в соответствии с проектом и документацией заводов-изготовителей.
A60: 4. | C60: Монтаж заземляющих устройств.
C61: Монтаж заземляющих устройств опор | AD61: =IF(G29="","",G29) | AO61: выполнен в соответствии с проектом и требованиями
C62: главы 1.7 ПУЭ «Заземление и защитные меры безопасности».
C64: Протоколы и измерения сопротивления заземляющих устройств, предъявленные комиссии, хранятся у заказчика (в наладочной организации).
A66: Заключение:
C67: -
C68: -
C70: Производитель работ (мастер)
F71: =IF('Данные объект'!C27="","",'Данные объект'!C27)
BJ72: =IF('Данные объект'!B28="","",'Данные объект'!B28)
AJ73: (подпись) | BJ73: (фамилия И.О.)

Sheet 26 ВЛЗ 0,4
AR1: =IF('Данные объект'!B4="","",'Данные объект'!B4)
A2: =IF('Данные объект'!B2="","",'Данные объект'!B2)
A3: (номер договора) | AR3: (город)
A4: =IF('Данные объект'!B19="","",'Данные объект'!B19) | AR4: =IF('Данные объект'!B33="","",'Данные объект'!B33)
A5: (электромонтажная организация) | AR5: (заказчик)
AR6: =IF('Данные объект'!B3="","",'Данные объект'!B3)
A8: =IF('Данные объект'!B15="","",'Данные объект'!B15)
A10: (объект) | AR10: (объект)
AR11: =IF('Данные объект'!B8="","",'Данные объект'!B8)
AR12: (дата окончания СМР)
A13: ПАСПОРТ
A14: заземляющего устройства
A16: Комиссия в составе:
A17: представителей заказчика
A18: =IF('Данные объект'!C42="","",'Данные объект'!C42)
A19: (должность, фамилия, имя, отчество)
A20: представителя генерального подрядчика
A21: =IF('Данные объект'!C45="","",'Данные объект'!C45)
A22: (должность, фамилия, имя, отчество)
A25: (должность, фамилия, имя, отчество)
A26: представителя электромонтажной организации
A27: =IF('Данные объект'!C28="","",'Данные объект'!C28)
A28: (должность, фамилия, имя, отчество)
A29: произвела осмотр выполненных работ по монтажу заземляющих устройств.
C30: Осмотром установлено:
A31: 1. | C31: Заземляющее устройство выполнено в соответствии с проектом
C32: =IF('Данные объект'!B56="","",'Данные объект'!B56)
C33: (название)
C34: разработанным | O34: =IF('Данные объект'!B52="","",'Данные объект'!B52) | BE34: по чертежам | BO34: =IF('Данные объект'!B56="","",'Данные объект'!B56)
O35: (проектная организация) | BO35: (номер)
A36: 2. | C36: Отступления от проекта | T36: ---
C37: согласованы с | N37: ---
N38: (организация, должность, фамилия, и , о, дата)
C39: и внесены в чертежи | R39: ---
R40: (номер)
A41: 3. | C41: Характеристика заземляющего устройства.
A42: № п.п. | E42: Элемент заземляющих устройств | AI42: Параметры элементов заземляющего устройства | BS42: Примечание
AI43: материал | AP43: профиль | AW43: размеры, мм | BD43: кол-во | BI43: глубина заложения, м
A45: 1 | E45: Заземлитель вертикальный | AI45: сталь | AP45: =IF('ВЛЗ-6 0,4'!AQ35="","",'ВЛЗ-6 0,4'!AQ35) | AW45: =IF('ВЛЗ-6 0,4'!AX35="","",'ВЛЗ-6 0,4'!AX35) | BD45: 22м | BI45: 1 | BS45: -
A46: 2 | E46: Заземлитель горизонтальный | AI46: сталь | AP46: =IF('ВЛЗ-6 0,4'!AQ36="","",'ВЛЗ-6 0,4'!AQ36) | AW46: =IF('ВЛЗ-6 0,4'!AX36="","",'ВЛЗ-6 0,4'!AX36) | BD46: 278м | BI46: 0,5 | BS46: -
A47: 3 | E47: Заземлитель вертикальный | AI47: сталь | AP47: =IF('ВЛЗ-6 0,4'!AQ37="","",'ВЛЗ-6 0,4'!AQ37) | AW47: =IF('ВЛЗ-6 0,4'!AX37="","",'ВЛЗ-6 0,4'!AX37) | BD47: 230м | BI47: - | BS47: =IF('ВЛЗ-6 0,4'!BS37="","",'ВЛЗ-6 0,4'!BS37)
A49: 4. | C49: Характер соединений элементов заземляющего устройства между собой и присоединения их к естественным
C50: заземляющим устройствам | V50: выполнены сварными соединениями не менее 100мм и проваром со всех сторон, зажимами ПС-2-1
A52: 5. | C52: Выделены дефекты | Q52: не обнаружено
A53: 6. | C53: Заключение. | M53: Заземляющее устройство может быть засыпано землей.
A56: Представитель монтажной организации
A57: =IF('Данные объект'!C27="","",'Данные объект'!C27)
BI58: =IF('Данные объект'!B28="","",'Данные объект'!B28)
A59: (должность) | AM59: (подпись) | BI59: (расшифровка подписи)
A62: Представители заказчика
A63: =IF('Данные объект'!B39="","",'Данные объект'!B39)
BI64: =IF('Данные объект'!B42="","",'Данные объект'!B42)
A65: (должность) | AM65: (подпись) | BI65: (расшифровка подписи)
A68: =IF('Данные объект'!C45="","",'Данные объект'!C45)
BI69: =IF('Данные объект'!B47="","",'Данные объект'!B47)
A70: (должность) | AM70: (подпись) | BI70: (расшифровка подписи)

Sheet ВРЩ-1
AQ1: =IF('Данные объект'!B4="","",'Данные объект'!B4)
A2: =IF('Данные объект'!B2="","",'Данные объект'!B2)
A3: (номер договора) | AQ3: (город)
A4: =IF('Данные объект'!B19="","",'Данные объект'!B19) | AQ4: =IF('Данные объект'!B33="","",'Данные объект'!B33)
A5: (электромонтажная организация) | AQ5: (заказчик)
AQ6: =IF('Данные объект'!B3="","",'Данные объект'!B3)
A8: =IF('Данные объект'!B17="","",'Данные объект'!B17)
A10: (объект) | AQ10: (объект)
AQ11: =IF('Данные объект'!B8="","",'Данные объект'!B8)
AQ12: (дата окончания СМР)
A13: АКТ осмотра заземлителей ВРЩ перед закрытием
A14: Комиссия в составе:
A15: представителя заказчика
A16: =IF('Данные объект'!C42="","",'Данные объект'!C42)
A17: (должность, фамилия, имя, отчество)
A18: =IF('Данные объект'!C45="","",'Данные объект'!C45)
A19: (должность, фамилия, имя, отчество)
A20: представителя электромонтажной организации
A21: =IF('Данные объект'!C28="","",'Данные объект'!C28)
A22: (должность, фамилия, имя, отчество)
A24: произвела осмотр заземлителей | AA24: ВРЩ-0,4кВ
A25: Осмотром установлено:
A26: 1. Заземление выполнено по чертежам № | AB26: =IF('Данные объект'!B56="","",'Данные объект'!B56) | AS26: проекта электрооборудования
A27: 2. Отступление от проекта: нет
A28: согласованы с | B28: и внесены в чертежи №
A29: 3. Все соединения выполнены зажимом
B30: (способ соединения и защита стыков сваркой или зажимом ПС 2-1)
A31: 3. Характеристика заземлителей:
A32: № п/п | F32: Наименование заземления | R32: Трубчатые заземления | AB32: Прочие заземления | AP32: Заземление на ЩИТ | BS32: Примечание
R33: Кол-во (шт.) | AB33: Диа- метр (мм) | AH33: Глубина заложе- ния | AP33: Материал | AX33: Сечение (мм) | BE33: Длина (м.) | BL33: Глубина заложе- ния (м)
A34: 1 | F34: Вертикальный заземлитель | R34: - | AB34: - | AH34: - | AP34: Сталь угловая | AX34: 50х50х5 | BE34: 9 | BL34: 1
F35: Горизонтальный заземлитель | R35: - | AB35: - | AH35: - | AP35: Сталь полосовая | AX35: 40х4 | BE35: 8.3 | BL35: 1 | BS35: -
F36: Провод | R36: - | AB36: - | AH36: - | AP36: ПуГВ | AX36: 1х10 | BE36: 2 | BS36: опуск по постаменту
A38: ЗАКЛЮЧЕНИЕ КОМИССИИ:
A39: Выполненный контур может быть закрыт.
D41: Представитель заказчика | BC41: =IF('Данные объект'!B42="","",'Данные объект'!B42)
AM42: (подпись)
BC44: =IF('Данные объект'!$B$47="","",'Данные объект'!$B$47)
AM45: (подпись)
D47: Представитель электромонтажной организации | BC47: =IF('Данные объект'!B28="","",'Данные объект'!B28)
AM48: (подпись)

Sheet ВРЩ-2
AR1: =IF('Данные объект'!B4="","",'Данные объект'!B4)
A2: =IF('Данные объект'!B2="","",'Данные объект'!B2)
A3: (номер договора) | AR3: (город)
A4: =IF('Данные объект'!B19="","",'Данные объект'!B19) | AR4: =IF('Данные объект'!B33="","",'Данные объект'!B33)
A5: (электромонтажная организация) | AR5: (заказчик)
AR6: =IF('Данные объект'!B3="","",'Данные объект'!B3)
A8: =IF('Данные объект'!B17="","",'Данные объект'!B17)
A10: (объект) | AR10: (объект)
AR11: =IF('Данные объект'!B8="","",'Данные объект'!B8)
AR12: (дата окончания СМР)
A13: ПАСПОРТ ЗАЗЕМЛЯЮЩЕГО УСТРОЙСТВА ВРЩ
A15: Комиссия в составе:
A16: представителей заказчика
A17: =IF('Данные объект'!C42="","",'Данные объект'!C42)
A18: (должность, фамилия, имя, отчество)
A19: представителя генерального подрядчика
A20: =IF('Данные объект'!C45="","",'Данные объект'!C45)
A21: (должность, фамилия, имя, отчество)
A24: (должность, фамилия, имя, отчество)
A25: представителя электромонтажной организации
A26: =IF('Данные объект'!C28="","",'Данные объект'!C28)
A27: (должность, фамилия, имя, отчество)
A28: произвела осмотр выполненных работ по монтажу заземляющих устройств.
C29: Осмотром установлено:
A30: 1. | C30: Заземляющее устройство выполнено в соответствии с проектом
C31: =IF('Данные объект'!B56="","",'Данные объект'!B56)
C32: (название)
C33: разработанным | O33: =IF('Данные объект'!B52="","",'Данные объект'!B52) | BF33: по чертежам
O34: (проектная организация) | BP34: (номер)
A35: 2. | C35: Отступления от проекта | T35: ---
C36: согласованы с | N36: ---
N37: (организация, должность, фамилия, и , о, дата)
C38: и внесены в чертежи | R38: ---
R39: (номер)
A40: 3. | C40: Характеристика заземляющего устройства.
A41: № п.п. | E41: Элемент заземляющих устройств | AI41: Параметры элементов заземляющего устройства | BT41: Примечание
AI42: материал | AP42: профиль | AX42: размеры, мм | BE42: кол-во | BJ42: глубина заложения, м
A44: 1 | E44: Заземлитель вертикальный | AI44: сталь | AP44: Сталь угловая | AX44: 50х50х5 | BE44: 9 | BJ44: 1
A45: 2 | E45: Заземлитель горизонтальный | AI45: сталь | AP45: Сталь полосовая | AX45: 40х4 | BE45: 8.3 | BJ45: 1 | BT45: -
A46: 1 | E46: Заземлитель вертикальный | AI46: провод | AP46: ПуГВ | AX46: 1х10 | BE46: 2 | BJ46: -
A48: 4. | C48: Характер соединений элементов заземляющего устройства между собой и присоединения их к естественным
C49: заземляющим устройствам | V49: выполнены сварными соединениями не менее 100мм и проваром со всех сторон
A51: 5. | C51: Выделены дефекты | Q51: не обнаружено
A52: 6. | C52: Заключение. | M52: Заземляющее устройство может быть засыпано землей.
D55: Представители заказчика | BD55: =IF('Данные объект'!B42="","",'Данные объект'!B42)
AM56: (подпись)
BD59: =IF('Данные объект'!B47="","",'Данные объект'!B47)
AM60: (подпись)
D62: Представитель генерального подрядчика | BD62: =IF('Данные объект'!B42="","",'Данные объект'!B42)
AM63: (подпись)
D65: Представитель электромонтажной организации | BD65: =IF('Данные объект'!B28="","",'Данные объект'!B28)
AM66: (подпись)

Sheet ПНР ТП
AR1: =IF('Данные объект'!B4="","",'Данные объект'!B4)
A2: =IF('Данные объект'!B2="","",'Данные объект'!B2)
A3: (номер договора) | AR3: (город)
A4: =IF('Данные объект'!B19="","",'Данные объект'!B19) | AR4: =IF('Данные объект'!B33="","",'Данные объект'!B33)
A5: (электромонтажная организация) | AR5: (заказчик)
AR6: =IF('Данные объект'!B3="","",'Данные объект'!B3)
A8: =IF('Данные объект'!B15="","",'Данные объект'!B15)
A10: (объект) | AR10: (объект)
AR11: =IF('Данные объект'!B8="","",'Данные объект'!B8)
AR12: (дата окончания СМР)
A13: АКТ ПЕРЕДАЧИ СМОНТИРОВАННОГО ОБОРУДОВАНИЯ
A14: ДЛЯ ПРОИЗВОДСТВА ПУСКОНАЛАДОЧНЫХ РАБОТ
A16: Комиссия в составе:
A17: представителя пусконаладочной организации
A18: =IF('Данные объект'!C59="","",'Данные объект'!C59)
A19: (должность, фамилия, имя, отчество)
A20: представителя электромонтажной организации
A21: =IF('Данные объект'!C28="","",'Данные объект'!C28)
A22: (должность, фамилия, имя, отчество)
A23: произвела осмотр смонтированного электрооборудования.
A24: 1. | C24: Электромонтажной организацией выполнены следующие работы:
A25: =IF('1 '!G41="","",'1 '!G41)
A26: =IF('1 '!G42="","",'1 '!G42)
A27: =IF('1 '!G43="","",'1 '!G43)
A28: =IF('1 '!G44="","",'1 '!G44)
A29: =IF('1 '!G45="","",'1 '!G45)
A30: =IF('1 '!G46="","",'1 '!G46)
A31: =IF('1 '!G47="","",'1 '!G47)
A32: =IF('1 '!G48="","",'1 '!G48)
A33: (перечень, основные технические характеристики, физические объемы)
A34: 2. | C34: Электромонтажные работы выполнены в соответствии с проектом, разработанным
A35: =IF('Данные объект'!B52="","",'Данные объект'!B52)
A36: (проектная организация)
A37: 3. | C37: Отступления от проекта перечислены в Приложении 1 (форма 3).
A38: 4. | C38: Комиссия проверила техническую документацию (Приложение 2, форма 1), предъявленную в объеме требований ПУЭ и СП 76.13330.2016
A40: 5. | C40: Заключение.
A42: 5.1 | D42: Электромонтажные работы выполнены по проектной документации согласно требованиям СП 76.13330.2016 и ПУЭ.
A43: 5.2 | D43: Настоящий Акт является основанием для организации производства пусконаладочных работ на смонтированном оборудовании.
C47: Сдал:
D48: Представитель электромонтажной организации | BC48: =IF('Данные объект'!B28="","",'Данные объект'!B28)
AM49: (подпись)
D50: М.П.
C52: Принял:
D53: Представитель пусконаладочной организации | BC53: =IF('Данные объект'!B65="","",'Данные объект'!B65)
AM54: (подпись)
D55: М.П.

Sheet ВЛ-1
AR1: =IF('Данные объект'!B4="","",'Данные объект'!B4)
A2: =IF('Данные объект'!B2="","",'Данные объект'!B2)
A3: (номер договора) | AR3: (город)
A4: =IF('Данные объект'!B19="","",'Данные объект'!B19) | AR4: =IF('Данные объект'!B33="","",'Данные объект'!B33)
A5: (электромонтажная организация) | AR5: (заказчик)
AR6: =IF('Данные объект'!B3="","",'Данные объект'!B3)
A8: =IF('Данные объект'!B14="","",'Данные объект'!B14)
A10: (объект) | AR10: (объект)
AR11: =IF('Данные объект'!B8="","",'Данные объект'!B8)
A13: АКТ
A14: готовности сборных железобетонных фундаментов под установку опор ВЛ
A16: Комиссия в составе:
A17: представителя заказчика
A18: =IF('Данные объект'!C43="","",'Данные объект'!C43)
A19: (должность, фамилия, имя, отчество)
A20: =IF('Данные объект'!C46="","",'Данные объект'!C46)
A21: (должность, фамилия, имя, отчество)
A22: представителя электромонтажной организации
A23: =IF('Данные объект'!C28="","",'Данные объект'!C28)
A24: (должность, фамилия, имя, отчество)
A25: рассмотрела техническую документацию на сборные железобетонные фундаменты
A26: произвела проверку выполнения работ и составила акт о нижеследующем:
A28: 1. | C28: Предъявлено под установку опор ВЛ законченные устройством | AS28: =AB30+AU30+AB32+AU32 | BC28: сборных железобетонных фундаментов.
AS29: (число)
C30: Из них под опоры: | P30: промежуточные | AB30: 10 | AM30: , анкерные | AU30: 3
AB31: (число) | AU31: (число)
P32: угловые | AB32: 4 | AM32: , другие | AU32: 0 | BF32: фундаменты.
AB33: (число) | AU33: (число)
A34: 2. | C34: Фундаменты, выполнены в соответствии с проектом | AM34: =IF('Данные объект'!B52="","",'Данные объект'!B52)
AM35: (наименование проектной организации)
C36: по чертежам | M36: =IF('Данные объект'!B56="","",'Данные объект'!B56)
M37: (наименование и номера чертежей)
C38: с соблюдением требований ППР и СП 76.13330.2016
A39: 3. | C39: Отклонение размеров по горизонтали между осями фундаментов, а также разность между их верхними отметками, проверенные шаблонами, не превышают допустимых по чертежам.
A41: 4. | C41: Отступления от проекта | T41: отсутствуют
T42: (существо отступления)
C44: согласованы с заказчиком в лице
Z45: (должность, фамилия, и., о.)
C46: и проектной организацией в лице
Z47: (должность, фамилия, и., о.)
C48: Согласованные отступления от проекта нанесены на исполненные чертежи
C50: (номера чертежей)
A51: 5. | C51: Сборные железобетонные фундаменты для опор
C53: (номера опор)
C54: комиссией не приняты по причине
C56: (указать причину)
C58: и из перечня настоящего Акта исключены.
C60: Срок переделки (доработки) отбракованных фундаментов и повторного их предъявления | BI60: =AT12+14
A62: 6. | C62: Перечень сборных железобетонных фундаментов, разрешенных для установки опор
A63: Номер опоры | F63: Наименова- ние и тип опоры | O63: Тип фундамента | X63: Завод-изготовитель сборного ЖБ, паспорт, марка | AM63: № чертежа фундамента | AV63: Наличие гидро- изоляций, материал | BE63: Дата устройства фундамента | BM63: Установка опоры разрешается, подпись производителя работ | BY63: Примечание
F68: =IF(BG25="","",BG25) | O68: ж/б | AV68: - | BE68: =IF('Данные объект'!B7="","",'Данные объект'!B7) | BM68: =IF('Данные объект'!B28="","",'Данные объект'!B28)
F69: =IF(BG25="","",BG25) | O69: ж/б | AV69: - | BE69: =IF('Данные объект'!B7="","",'Данные объект'!B7) | BM69: =IF('Данные объект'!B28="","",'Данные объект'!B28)
F70: =IF(BG25="","",BG25) | O70: ж/б | AV70: - | BE70: =IF('Данные объект'!B7="","",'Данные объект'!B7) | BM70: =IF('Данные объект'!B28="","",'Данные объект'!B28)
F71: =IF(BG25="","",BG25) | O71: ж/б | AV71: - | BE71: =IF('Данные объект'!B7="","",'Данные объект'!B7) | BM71: =IF('Данные объект'!B28="","",'Данные объект'!B28)
F72: =IF(BG25="","",BG25) | O72: ж/б | AV72: - | BE72: =IF('Данные объект'!B7="","",'Данные объект'!B7) | BM72: =IF('Данные объект'!B28="","",'Данные объект'!B28)
F73: =IF(BG25="","",BG25) | O73: ж/б | AV73: - | BE73: =IF('Данные объект'!B7="","",'Данные объект'!B7) | BM73: =IF('Данные объект'!B28="","",'Данные объект'!B28)
F74: =IF(BG25="","",BG25) | O74: ж/б | AV74: - | BE74: =IF('Данные объект'!B7="","",'Данные объект'!B7) | BM74: =IF('Данные объект'!B28="","",'Данные объект'!B28)
F75: =IF(BG25="","",BG25) | O75: ж/б | AV75: - | BE75: =IF('Данные объект'!B7="","",'Данные объект'!B7) | BM75: =IF('Данные объект'!B28="","",'Данные объект'!B28)
F76: =IF(BG25="","",BG25) | O76: ж/б | AV76: - | BE76: =IF('Данные объект'!B7="","",'Данные объект'!B7) | BM76: =IF('Данные объект'!B28="","",'Данные объект'!B28)
F77: =IF(BG25="","",BG25) | O77: ж/б | AV77: - | BE77: =IF('Данные объект'!B7="","",'Данные объект'!B7) | BM77: =IF('Данные объект'!B28="","",'Данные объект'!B28)
F78: =IF(BG25="","",BG25) | O78: ж/б | AV78: - | BE78: =IF('Данные объект'!B7="","",'Данные объект'!B7) | BM78: =IF('Данные объект'!B28="","",'Данные объект'!B28)
F79: =IF(BG25="","",BG25) | O79: ж/б | AV79: - | BE79: =IF('Данные объект'!B7="","",'Данные объект'!B7) | BM79: =IF('Данные объект'!B28="","",'Данные объект'!B28)
F80: =IF(BG25="","",BG25) | O80: ж/б | AV80: - | BE80: =IF('Данные объект'!B7="","",'Данные объект'!B7) | BM80: =IF('Данные объект'!B28="","",'Данные объект'!B28)
F81: =IF(BG25="","",BG25) | O81: ж/б | AV81: - | BE81: =IF('Данные объект'!B7="","",'Данные объект'!B7) | BM81: =IF('Данные объект'!B28="","",'Данные объект'!B28)
F82: =IF(BG25="","",BG25) | O82: ж/б | AV82: - | BE82: =IF('Данные объект'!B7="","",'Данные объект'!B7) | BM82: =IF('Данные объект'!B28="","",'Данные объект'!B28)
F83: =IF(BG25="","",BG25) | O83: ж/б | AV83: - | BE83: =IF('Данные объект'!B7="","",'Данные объект'!B7) | BM83: =IF('Данные объект'!B28="","",'Данные объект'!B28)
F84: =IF(BG25="","",BG25) | O84: ж/б | AV84: - | BE84: =IF('Данные объект'!B7="","",'Данные объект'!B7) | BM84: =IF('Данные объект'!B28="","",'Данные объект'!B28)
A87: 7. | C87: Заключение комиссии:
E88: сборные железобетонные фундаменты согласно перечню 6 пригодны для установки опор ВЛ.
C90: Приложение:
E91: исполнительные чертежи на фундамент, сертификаты на бетон и метизы.
D94: Представитель заказчика | BC94: =IF('Данные объект'!B44="","",'Данные объект'!B44)
AM95: (подпись)
BC97: =IF('Данные объект'!B47="","",'Данные объект'!B47)
AM98: (подпись)
D100: Представитель электромонтажной организации | BC100: =IF('Данные объект'!B28="","",'Данные объект'!B28)
AM101: (подпись)

Sheet ВЛ-2
AR1: =IF('Данные объект'!B4="","",'Данные объект'!B4)
A2: =IF('Данные объект'!B2="","",'Данные объект'!B2)
A3: (номер договора) | AR3: (город)
A4: =IF('Данные объект'!B19="","",'Данные объект'!B19) | AR4: =IF('Данные объект'!B33="","",'Данные объект'!B33)
A5: (электромонтажная организация) | AR5: (заказчик)
AR6: =IF('Данные объект'!B3="","",'Данные объект'!B3)
A10: (объект) | AR10: (объект)
AR11: =IF('Данные объект'!B8="","",'Данные объект'!B8)
A13: АКТ осмотра подземной части опоры ВЛ-____ кВ перед закрытием котлована
A16: в том, что сего числа нами произведен осмотр подземной части опоры перед закрытием котлована, причем установлено нижеследующее:
A17: 1. Район
A18: 2. Селение | G18: дер пос
A19: 3. Объект | G19: ВЛ-10кВ
A20: 4. Наименование ВЛ
A21: 5. Наименование отпайки_____________________________________________________________
A22: 6. №№ опоры
A23: 7. Тип опоры: | K23: СВ 95-3
A24: 8. Конструкция опоры железобетонная
A25: (железобетонная, металлическая, деревянная)
A27: ТЕХНИЧЕСКИЕ ДАННЫЕ
A28: 1. Характеристика грунта: суглинок_____________________________________________________
A29: (суглинок, супесь, песок)
A30: 2. | B30: Глубина заложения опоры в грунт
A31: 3. Приставка опоры:
B32: а) количество | T32: шт.
B33: б) материалы
A34: в) диаметр или сечение приставок г) длина приставок д) завод-изготовитель
A35: 4. Подземные ригели приставок:
B36: а) количество | T36: шт.
B37: б) материалы
A38: в) диаметр или сечение ригелей г) длина ригелей
A39: 5. Крепление ригелей к приставкам выполнено
A40: 6. Дополнительные замечания
A41: 7. Обратная засыпка котлованов произведена с послойной трамбовкой грунта.
A42: 8. ЗАКЛЮЧЕНИЕ: Работы по установке опоры считаются законченными и принятыми.
A44: 9. Установленную опору | P44: ВЛ-10кВ | W44: №№
F47: =IF('Данные объект'!B32="","",'Данные объект'!B32) | BJ47: =IF('Данные объект'!B25="","",'Данные объект'!B25)
AJ48: (подпись) | BJ48: (фамилия И.О.)

Sheet ВЛИ-3
AR1: =IF('Данные объект'!B4="","",'Данные объект'!B4)
A2: =IF('Данные объект'!B2="","",'Данные объект'!B2)
A3: (номер договора) | AR3: (город)
A4: =IF('Данные объект'!B19="","",'Данные объект'!B19) | AR4: =IF('Данные объект'!B33="","",'Данные объект'!B33)
A5: (электромонтажная организация) | AR5: (заказчик)
AR6: =IF('Данные объект'!B3="","",'Данные объект'!B3)
A8: =IF('Данные объект'!B15="","",'Данные объект'!B15)
A10: (объект) | AR10: (объект)
AR11: =IF('Данные объект'!B8="","",'Данные объект'!B8)
A13: АКТ
A14: приемки установленных опор под монтаж проводов и тросов
A15: Комиссия в составе:
A16: представителя заказчика
A17: =IF('Данные объект'!C43="","",'Данные объект'!C43)
A18: (должность, фамилия, имя, отчество)
A19: =IF('Данные объект'!C46="","",'Данные объект'!C46)
A20: (должность, фамилия, имя, отчество)
A21: представителя электромонтажной организации
A22: =IF('Данные объект'!C28="","",'Данные объект'!C28)
A23: (должность, фамилия, имя, отчество)
A24: произвела осмотр строительной части фундаментов и опор, выполненных
A25: =IF('Данные объект'!B19="","",'Данные объект'!B19)
A26: (наименование исполнителя)
A27: Отступления от проекта, перечисленные ведомости (приложение нет)
A28: Согласованы с
A29: Дефекты и недоделки строительных работ, перечисленные ведомости (приложение нет), не препятствуют работам по монтажу проводов.
A30: ЗАКЛЮЧЕНИЕ КОМИССИИ:
A31: Опоры, установленные на трассе ВЛ, считаются годными к монтажу проводов и тросов.
A32: Примечание: Сдача опор в эксплуатацию производится организацией, установившей опоры.
D34: Представитель заказчика | BC34: =IF('Данные объект'!B44="","",'Данные объект'!B44)
AM35: (подпись)
BC37: =IF('Данные объект'!B47="","",'Данные объект'!B47)
AM38: (подпись)
D40: Представитель электромонтажной организации | BC40: =IF('Данные объект'!B28="","",'Данные объект'!B28)
AM41: (подпись)

Sheet ВЛИ-6
AR1: =IF('Данные объект'!B4="","",'Данные объект'!B4)
A2: =IF('Данные объект'!B2="","",'Данные объект'!B2)
A3: (номер договора) | AR3: (город)
A4: =IF('Данные объект'!B19="","",'Данные объект'!B19) | AR4: =IF('Данные объект'!B33="","",'Данные объект'!B33)
A5: (электромонтажная организация) | AR5: (заказчик)
AR6: =IF('Данные объект'!B3="","",'Данные объект'!B3)
A8: =IF('Данные объект'!B15="","",'Данные объект'!B15)
A10: =IF('Данные объект'!B14="","",'Данные объект'!B14) | AR10: (объект)
AR11: =IF('Данные объект'!B8="","",'Данные объект'!B8)
A13: АКТ
A14: осмотра заземлителей перед закрытием
A15: Комиссия в составе:
A16: представителя заказчика
A17: =IF('Данные объект'!C43="","",'Данные объект'!C43)
A18: (должность, фамилия, имя, отчество)
A19: =IF('Данные объект'!C46="","",'Данные объект'!C46)
A20: (должность, фамилия, имя, отчество)
A21: представителя электромонтажной организации
A22: =IF('Данные объект'!C28="","",'Данные объект'!C28)
A23: (должность, фамилия, имя, отчество)
A25: произвела осмотр заземлителей опор№№
A26: Осмотром установлено:
A27: 1. Заземление выполнено по чертежам № | AA27: =IF('Данные объект'!B56="","",'Данные объект'!B56) | AT27: проекта электрооборудования
A28: 2. Отступление от проекта нет
A29: согласованы с | B29: и внесены в чертежи №
A30: 3. Все соединения выполнены зажимом ПС2-1
B31: (способ соединения и защита стыков сваркой или зажимом ПС 2-1)
A32: 4. Характеристика заземлителей:
A33: № п/п | F33: Наименование заземления | Q33: Трубчатые заземления | AB33: Прочие заземления | AQ33: Заземление на одну опору | BS33: Примечание
Q34: Кол- во (шт.) | AB34: Диа- метр (мм) | AH34: Глубина заложе- ния | AQ34: Материал | AX34: Сечение (мм) | BE34: Длина (м.) | BL34: Глубина заложе- ния (м)
F35: вертикальное | Q35: - | AB35: - | AH35: - | AQ35: уголок | AX35: 50х50х5 | BE35: 3 | BL35: 3
F36: горизонтальное | Q36: - | AB36: - | AH36: - | AQ36: полоса | AX36: 40х4
F37: вертикальное | Q37: - | AB37: - | AH37: - | AQ37: арматура | AX37: 10 | BE37: 8.5 | BS37: опуск по опоре
A39: ЗАКЛЮЧЕНИЕ КОМИССИИ:
A40: Выполненный контур может быть закрыт.
D42: Представитель заказчика | BC42: =IF('Данные объект'!B44="","",'Данные объект'!B44)
AM43: (подпись)
BC45: =IF('Данные объект'!B47="","",'Данные объект'!B47)
AM46: (подпись)
D48: Представитель электромонтажной организации | BC48: =IF('Данные объект'!B28="","",'Данные объект'!B28)
AM49: (подпись)

Sheet ВЛИ-8
AR1: =IF('Данные объект'!B4="","",'Данные объект'!B4)
A2: =IF('Данные объект'!B2="","",'Данные объект'!B2)
A3: (номер договора) | AR3: (город)
A4: =IF('Данные объект'!B19="","",'Данные объект'!B19) | AR4: =IF('Данные объект'!B33="","",'Данные объект'!B33)
A5: (электромонтажная организация) | AR5: (заказчик)
AR6: =IF('Данные объект'!B3="","",'Данные объект'!B3)
A8: =IF('Данные объект'!B15="","",'Данные объект'!B15)
A10: (объект) | AR10: (объект)
AR11: =IF('Данные объект'!B8="","",'Данные объект'!B8)
A13: ВЕДОМОСТЬ
A14: верхового осмотра линий электропередачи перед вводом в эксплуатацию
A16: Верховой осмотр линии | S16: =IF('Данные объект'!B14="","",'Данные объект'!B14)
A17: произвели от опоры № | AC17: до опоры №
A19: №№ | H19: Состояние
H20: изоляторов | S20: проводов | AG20: вязки | AW20: арматуры | BI20: верхушки опоры | BV20: траверс
H21: хорошее | S21: хорошее | AG21: хорошее | AW21: хорошее | BI21: хорошее | BV21: -
H22: хорошее | S22: хорошее | AG22: хорошее | AW22: хорошее | BI22: хорошее | BV22: -
H23: хорошее | S23: хорошее | AG23: хорошее | AW23: хорошее | BI23: хорошее | BV23: -
H24: хорошее | S24: хорошее | AG24: хорошее | AW24: хорошее | BI24: хорошее | BV24: -
H25: хорошее | S25: хорошее | AG25: хорошее | AW25: хорошее | BI25: хорошее | BV25: -
H26: хорошее | S26: хорошее | AG26: хорошее | AW26: хорошее | BI26: хорошее | BV26: -
H27: хорошее | S27: хорошее | AG27: хорошее | AW27: хорошее | BI27: хорошее | BV27: -
H28: хорошее | S28: хорошее | AG28: хорошее | AW28: хорошее | BI28: хорошее | BV28: -
H29: хорошее | S29: хорошее | AG29: хорошее | AW29: хорошее | BI29: хорошее | BV29: -
H30: хорошее | S30: хорошее | AG30: хорошее | AW30: хорошее | BI30: хорошее | BV30: -
H31: хорошее | S31: хорошее | AG31: хорошее | AW31: хорошее | BI31: хорошее | BV31: -
... H36: хорошее | S36: хорошее | AG36: хорошее | AW36: хорошее | BI36: хорошее | BV36: -
D47: Представитель электромонтажной организации | BC47: =IF('Данные объект'!B28="","",'Данные объект'!B28)
AM48: (подпись)

Sheet 24 ВЛИ
AR1: =IF('Данные объект'!B4="","",'Данные объект'!B4)
A2: =IF('Данные объект'!B2="","",'Данные объект'!B2)
A3: (номер договора) | AR3: (город)
A4: =IF('Данные объект'!B19="","",'Данные объект'!B19) | AR4: =IF('Данные объект'!B33="","",'Данные объект'!B33)
A5: (электромонтажная организация) | AR5: (заказчик)
AR6: =IF('Данные объект'!B3="","",'Данные объект'!B3)
A8: =IF('Данные объект'!B15="","",'Данные объект'!B15)
A10: (объект) | AR10: (объект)
AR11: =IF('Данные объект'!B8="","",'Данные объект'!B8)
A13: ПАСПОРТ
A14: воздушной линии электропередачи
A16: 1. | C16: Монтаж опор воздушной линии электропередачи
A17: Наименование опоры | Q17: Установлено на ВЛ, шт. | AG17: Тип опоры (номер чертежа для нетиповых) | AW17: Материал опоры | BM17: Защитное покрытие дополнительно к заводскому (окраска, антисептик), к-во опор
A21: Промежуточные | AW21: ж/б | BM21: Синяя краска ПФ-115
A22: Анкерные | AW22: ж/б | BM22: Синяя краска ПФ-115
A23: Угловые | AW23: ж/б | BM23: Синяя краска ПФ-115
A24: Другие | AW24: ж/б | BM24: Синяя краска ПФ-115
A25: Всего:
C26: Использованы существующие
A28: 2. | C28: Монтаж проводов и тросов.
C29: На | N29: смонтирован провод марки | BB29: мм2, в общем количестве | CA29: м,
C30: грозозащитный трос марки | V30: - | AZ30: протяженностью | BM30: - | CA30: м.
C31: Монтаж проводов и тросов выполнен в соответствии с проектом ВЛ. Стрелы провеса проводов и тросов соответствуют монтажным кривым (таблицам) проекта.
C33: Пересечение ВЛ с другими сетями и инженерными сооружениями выполнены по проекту и оформлены частными актами, прилагаемыми к настоящему.
A35: 3. | C35: Соединение проводов и тросов.
C36: Номер опор и пролетов, на которых смонтированы соединения | W36: Тип соединительного напряженного зажима | AM36: Способ монтажа соединения | BC36: Исполнитель
BC37: Фамилия, И.О. | BP37: Подпись
A49: 3. | C49: Монтаж разрядников и разъединителей.
C50: На | G50: =IF(G29="","",G29) | P50: смонтированы:
A51: а) | C51: трубчатые разрядники типа | V51: РМК-20 | AO51: , на опорах | CL51: Если ВЛ-0,4кВ, РМК и РЛК удалить
AW52: (номера опор)
A55: б) | C55: разъединители типа | Q55: РЛК-1-10.IV/400 | AO55: , на опорах
AW56: (номера опор)
C57: Монтаж разъединителей выполнен в соответствии с проектом и документацией заводов-изготовителей.
A60: 4. | C60: Монтаж заземляющих устройств.
C61: Монтаж заземляющих устройств опор | AO61: выполнен в соответствии с проектом и требованиями
C62: раздела ПУЭ-85 «Защита от перенапряжений, заземление».
C64: Протоколы и измерения сопротивления заземляющих устройств, предъявленные комиссии, хранятся у заказчика (в наладочной организации).
A66: Заключение:
C70: Производитель работ (мастер)
F71: =IF('Данные объект'!C27="","",'Данные объект'!C27)
BJ72: =IF('Данные объект'!B28="","",'Данные объект'!B28)
AJ73: (подпись) | BJ73: (фамилия И.О.)

Sheet 26 ВЛИ
AR1: =IF('Данные объект'!B4="","",'Данные объект'!B4)
A2: =IF('Данные объект'!B2="","",'Данные объект'!B2)
A3: (номер договора) | AR3: (город)
A4: =IF('Данные объект'!B19="","",'Данные объект'!B19) | AR4: =IF('Данные объект'!B33="","",'Данные объект'!B33)
A5: (электромонтажная организация) | AR5: (заказчик)
AR6: =IF('Данные объект'!B3="","",'Данные объект'!B3)
A8: =IF('Данные объект'!B15="","",'Данные объект'!B15)
A10: (объект) | AR10: (объект)
AR11: =IF('Данные объект'!B8="","",'Данные объект'!B8)
A13: ПАСПОРТ
A14: заземляющего устройства
A16: Комиссия в составе:
A17: представителей заказчика
A18: =IF('Данные объект'!C43="","",'Данные объект'!C43)
A19: (должность, фамилия, имя, отчество)
A20: представителя генерального подрядчика
A21: =IF('Данные объект'!C46="","",'Данные объект'!C46)
A22: (должность, фамилия, имя, отчество)
A25: (должность, фамилия, имя, отчество)
A26: представителя электромонтажной организации
A27: =IF('Данные объект'!C28="","",'Данные объект'!C28)
A28: (должность, фамилия, имя, отчество)
A29: произвела осмотр выполненных работ по монтажу заземляющих устройств.
C30: Осмотром установлено:
A31: 1. | C31: Заземляющее устройство выполнено в соответствии с проектом
C32: =IF('Данные объект'!B56="","",'Данные объект'!B56)
C33: (название)
C34: разработанным | O34: =IF('Данные объект'!B52="","",'Данные объект'!B52) | BE34: по чертежам
O35: (проектная организация) | BO35: (номер)
A36: 2. | C36: Отступления от проекта | T36: ---
C37: согласованы с | N37: ---
N38: (организация, должность, фамилия, и , о, дата)
C39: и внесены в чертежи | R39: ---
R40: (номер)
A41: 3. | C41: Характеристика заземляющего устройства.
A42: № п.п. | E42: Элемент заземляющих устройств | AI42: Параметры элементов заземляющего устройства | BS42: Примечание
AI43: материал | AP43: профиль | AW43: размеры, мм | BD43: кол-во | BI43: глубина заложения, м
A45: 1 | E45: Заземлитель вертикальный | AI45: сталь | AP45: =IF('ВЛИ-6'!AQ35="","",'ВЛИ-6'!AQ35) | AW45: =IF('ВЛИ-6'!AX35="","",'ВЛИ-6'!AX35) | BD45: 22м | BI45: 3 | BS45: -
A46: 2 | E46: Заземлитель горизонтальный | AI46: сталь | AP46: =IF('ВЛИ-6'!AQ36="","",'ВЛИ-6'!AQ36) | AW46: =IF('ВЛИ-6'!AX36="","",'ВЛИ-6'!AX36) | BD46: 278м | BI46: 0,5 | BS46: -
A47: 3 | E47: Заземлитель вертикальный | AI47: сталь | AP47: =IF('ВЛИ-6'!AQ37="","",'ВЛИ-6'!AQ37) | AW47: =IF('ВЛИ-6'!AX37="","",'ВЛИ-6'!AX37) | BD47: 230м | BI47: - | BS47: =IF('ВЛИ-6'!BS37="","",'ВЛИ-6'!BS37)
A49: 4. | C49: Характер соединений элементов заземляющего устройства между собой и присоединения их к естественным
C50: заземляющим устройствам | V50: выполнены сварными соединениями не менее 100мм и проваром со всех сторон
A52: 5. | C52: Выделены дефекты | Q52: не обнаружено
A53: 6. | C53: Заключение. | M53: Заземляющее устройство может быть засыпано землей.
A56: Представитель монтажной организации
A57: =IF('Данные объект'!C27="","",'Данные объект'!C27)
BI58: =IF('Данные объект'!B28="","",'Данные объект'!B28)
A59: (должность) | AM59: (подпись) | BI59: (расшифровка подписи)
A63: Представители заказчика
A64: =IF('Данные объект'!C42="","",'Данные объект'!C42)
BI65: =IF('Данные объект'!B44="","",'Данные объект'!B44)
A66: (должность) | AM66: (подпись) | BI66: (расшифровка подписи)
A71: =IF('Данные объект'!C45="","",'Данные объект'!C45)
BI72: =IF('Данные объект'!B47="","",'Данные объект'!B47)
A73: (должность) | AM73: (подпись) | BI73: (расшифровка подписи)
