Workbook

Sheet Данные организации
A1: организация
A2: реквизиты
A3: адрес
A4: район
A6: директор
A7: директор ФИО
A8: Строй.контроль
A9: Приказ стр.контр.
A10: ФИО стр.контр.
A11: Представитель
A12: ФИО предст.
A18: Прораб
... A20: ФИО прораб
A23: сцепленные организация | B23: =IF(AND(B2="",B3=""),"",CONCATENATE(IF(B2="","",B2),",",IF(B3="","",B3))) | C23: =IF(AND(C2="",C3=""),"",CONCATENATE(IF(C2="","",C2),",",IF(C3="","",C3))) | F23: =IF(AND(F8="",F1="",F10="",F9=""),"",CONCATENATE(IF(F8="","",F8)," ",IF(F1="","",F1),"-",IF(F10="","",F10)," .",IF(F9="","",F9))) | G23: =IF(AND(G8="",F1="",G9="",G10=""),"",CONCATENATE(IF(G8="","",G8)," ",IF(F1="","",F1),"-",IF(G9="","",G9),".",IF(G10="","",G10))) | H23: =IF(AND(H8="",F1="",H10="",H9=""),"",CONCATENATE(IF(H8="","",H8)," ",IF(F1="","",F1),"-",IF(H10="","",H10)," .",IF(H9="","",H9)))
A24: сцепленные организация | B24: =IF(AND(B1="",B2="",B3=""),"",CONCATENATE(IF(B1="","",B1),",",IF(B2="","",B2),",",IF(B3="","",B3))) | C24: =IF(AND(C1="",C2="",C3=""),"",CONCATENATE(IF(C1="","",C1),",",IF(C2="","",C2),",",IF(C3="","",C3))) | F24: =IF(AND(F8="",F1="",F10=""),"",CONCATENATE(IF(F8="","",F8)," ",IF(F1="","",F1)," ",IF(F10="","",F10))) | G24: =IF(AND(G8="",F1="",G10=""),"",CONCATENATE(IF(G8="","",G8)," ",IF(F1="","",F1)," ",IF(G10="","",G10))) | H24: =IF(AND(H8="",F1="",H10=""),"",CONCATENATE(IF(H8="","",H8)," ",IF(F1="","",F1)," ",IF(H10="","",H10)))
B25: =IF(AND(B8="",B1="",B10="",B9=""),"",CONCATENATE(IF(B8="","",B8)," ",IF(B1="","",B1),"-",IF(B10="","",B10),".",IF(B9="","",B9))) | C25: =IF(AND(C8="",C1="",C10="",C9=""),"",CONCATENATE(IF(C8="","",C8)," ",IF(C1="","",C1),"-",IF(C10="","",C10),".",IF(C9="","",C9))) | F25: =IF(AND(F8="",F1=""),"",CONCATENATE(IF(F8="","",F8)," ",IF(F1="","",F1))) | H25: =IF(AND(H8="",F1=""),"",CONCATENATE(IF(H8="","",H8)," ",IF(F1="","",F1)))
B26: =IF(AND(B8="",B1=""),"",CONCATENATE(IF(B8="","",B8)," ",IF(B1="","",B1))) | C26: =IF(AND(C8="",C1=""),"",CONCATENATE(IF(C8="","",C8)," ",IF(C1="","",C1))) | F26: =IF(AND(F6="",F1="",F7=""),"",CONCATENATE(IF(F6="","",F6)," ",IF(F1="","",F1)," ",IF(F7="","",F7))) | H26: =IF(AND(H6="",F1="",H7=""),"",CONCATENATE(IF(H6="","",H6)," ",IF(F1="","",F1)," ",IF(H7="","",H7)))
B27: =IF(AND(B18="",B1="",B20="",B19=""),"",CONCATENATE(IF(B18="","",B18)," ",IF(B1="","",B1),"-",IF(B20="","",B20),".",IF(B19="","",B19))) | C27: =IF(AND(C18="",C1="",C20="",C19=""),"",CONCATENATE(IF(C18="","",C18)," ",IF(C1="","",C1),"-",IF(C20="","",C20),".",IF(C19="","",C19))) | F27: =IF(AND(F14="",F1="",F15=""),"",CONCATENATE(IF(F14="","",F14)," ",IF(F1="","",F1)," ",IF(F15="","",F15))) | H27: =IF(AND(H14="",F1="",H15=""),"",CONCATENATE(IF(H14="","",H14)," ",IF(F1="","",F1)," ",IF(H15="","",H15)))
B28: =IF(AND(B18="",B1="",B20=""),"",CONCATENATE(IF(B18="","",B18)," ",IF(B1="","",B1)," ",IF(B20="","",B20))) | C28: =IF(AND(C18="",C1="",C20=""),"",CONCATENATE(IF(C18="","",C18)," ",IF(C1="","",C1),"-",IF(C20="","",C20))) | F28: =IF(AND(F16="",F1="",F17=""),"",CONCATENATE(IF(F16="","",F16)," ",IF(F1="","",F1)," ",IF(F17="","",F17)))
B29: =IF(AND(B18="",B1=""),"",CONCATENATE(IF(B18="","",B18)," ",IF(B1="","",B1))) | C29: =IF(AND(C18="",C1=""),"",CONCATENATE(IF(C18="","",C18)," ",IF(C1="","",C1)))
A32: Приказы НТД

Sheet Данные объект
A1: Данные объекта
A2: № САП
A3: Объект
A4: р-н
A5: Адрес
A6: Дата старт
A7: Дата финиш
A8: Наименование электроустановки
A9: ТП
A10: Монтажная организация
A11: Организация | C11: =IF(AND(B11="",B12="",B13=""),"",CONCATENATE(IF(B11="","",B11)," ",IF(B12="","",B12)," ",IF(B13="","",B13)))
A12: Реквизиты
A13: адрес
A14: Должность
A15: ФИО | C15: =IF(AND(B14="",B11="",B15=""),"",CONCATENATE(IF(B14="","",B14)," ",IF(B11="","",B11)," ",IF(B15="","",B15)))
A16: Должность | C16: =IF(AND(B16="",B11=""),"",CONCATENATE(IF(B16="","",B16)," ",IF(B11="","",B11)))
A17: Ф.И.О. | C17: =IF(AND(B16="",B11="",B17=""),"",CONCATENATE(IF(B16="","",B16)," ",IF(B11="","",B11)," ",IF(B17="","",B17)))
A18: Приказ | C18: =IF(AND(B16="",B11="",B17="",B18=""),"",CONCATENATE(IF(B16="","",B16)," ",IF(B11="","",B11)," ",IF(B17="","",B17),".",IF(B18="","",B18)))
A19: Должность | C19: =IF(AND(B19="",B11=""),"",CONCATENATE(IF(B19="","",B19)," ",IF(B11="","",B11)))
A20: Ф.И.О. | C20: =IF(AND(B19="",B11="",B20=""),"",CONCATENATE(IF(B19="","",B19)," ",IF(B11="","",B11)," ",IF(B20="","",B20)))
A21: Приказ | C21: =IF(AND(B19="",B11="",B20="",B21=""),"",CONCATENATE(IF(B19="","",B19)," ",IF(B11="","",B11)," ",IF(B20="","",B20),".",IF(B21="","",B21)))
A22: Заказчик
A23: Организация | C23: =IF(AND(B23="",B24="",B25=""),"",CONCATENATE(IF(B23="","",B23)," ",IF(B24="","",B24),",",IF(B25="","",B25)))
A24: Реквизиты | B24: =IF('Данные организации'!F2="","",'Данные организации'!F2)
A25: адрес | B25: =IF('Данные организации'!F3="","",'Данные организации'!F3)
A26: Должность | C26: =IF(AND(B26="",B23=""),"",CONCATENATE(IF(B26="","",B26)," ",IF(B23="","",B23)))
A27: Ф.И.О. | C27: =IF(AND(B26="",B23="",B27=""),"",CONCATENATE(IF(B26="","",B26)," ",IF(B23="","",B23)," ",IF(B27="","",B27)))
A28: Должность | C28: =IF(AND(B28="",B23=""),"",CONCATENATE(IF(B28="","",B28)," ",IF(B23="","",B23)))
A29: Ф.И.О. | C29: =IF(AND(B28="",B23="",B29=""),"",CONCATENATE(IF(B28="","",B28)," ",IF(B23="","",B23)," ",IF(B29="","",B29)))
A30: Должность | C30: =IF(AND(B30="",B23=""),"",CONCATENATE(IF(B30="","",B30)," ",IF(B23="","",B23)))
A31: Ф.И.О. | C31: =IF(AND(B30="",B23="",B31=""),"",CONCATENATE(IF(B30="","",B30)," ",IF(B23="","",B23)," ",IF(B31="","",B31)))
A32: Должность
A33: Ф.И.О.
A34: Приказ
A35: Проект
A36: Организация
A37: Реквизиты
A38: адрес
A39: Город
A40: №
A41: Название
A42: Члены комиссии
A43: Приказ
A44: Ф.И.О.
A45: Ф.И.О. | C45: =IF(AND(B44="",B45=""),"",CONCATENATE(IF(B44="","",B44)," ",IF(B45="","",B45)))
A46: Ф.И.О.
A47: Ф.И.О. | C47: =IF(AND(B46="",B47=""),"",CONCATENATE(IF(B46="","",B46)," ",IF(B47="","",B47)))
A48: Ф.И.О.
A49: Ф.И.О. | C49: =IF(AND(B48="",B49=""),"",CONCATENATE(IF(B48="","",B48)," ",IF(B49="","",B49)))
A50: Приказы НТД
A51: №

Sheet  Журнал АВК
J1: Приложение 2
B10: ЖУРНАЛ №
C20: =IF('Данные объект'!B3="","",'Данные объект'!B3)
C21: =IF('Данные объект'!B5="","",'Данные объект'!B5)
C22: =IF('Данные объект'!B11="","",'Данные объект'!B11)
I27: =IF('Данные объект'!B6="","",'Данные объект'!B6)
I28: =IF('Данные объект'!B7="","",'Данные объект'!B7)
A34: № п.п. | B34: Дата поставки | C34: Наименование деталей, материалов, изделий, конструкций, оборудования | D34: Количество | E34: Поставщик | F34: Наименование и номер документа изготовителя | G34: Результат проверки сопроводительных документов изготовителя и визуального осмотра на соответствие требованиям утвержденной проектной документации и соответствующим документам по стандартизации | H34: Решение о необходимости проведения инструментального контроля | I34: Результат инструментального контроля | J34: Подпись лица, осуществляющего контроль со стороны лица, осуществляющего строительство, и застройщика (технического заказчика)
A35: 1 | B35: 2 | C35: 3 | D35: 4 | E35: 5 | F35: 6 | G35: 7 | H35: 8 | I35: 9 | J35: 10
A36: 1
A37: 2
A38: 3
A39: 4
A40: 5
A41: 6
A42: 7
A43: 8
A44: 9
A45: 10
A46: 11
A47: 12
... A86: 51

Sheet КТП
K1: Приложение 1
F5: ФОРМА
I6: ГОДЕН
I7: (результат контроля продукции)
A8: Объект строительства:
A9: ='Провод СИП 3'!A9:L9
A13: АКТ № 1/ | G13: =IF('Провод СИП 3'!G13="","",'Провод СИП 3'!G13)
A14: входного контроля
A16: =IF('Данные объект'!B5="","",'Данные объект'!B5) | K16: ='Провод СИП 3'!K16:L16
A17: (место проведения) | K17: (дата)
A19: Нами, комиссией | C19: =IF('Данные объект'!B11="","",'Данные объект'!B11) | H19: =IF('Данные объект'!B43="","",'Данные объект'!B43)
C20: (организация, от которой сформирована комиссия)
A22: Председателя: . | C22: =IF('Данные объект'!C45="","",'Данные объект'!C45)
A23: (должность, организация, фамилия, имя, отчество)
A25: и членов комиссии:
C26: =IF('Данные объект'!C47="","",'Данные объект'!C47)
A27: (должность, организация, фамилия, имя, отчество)
C28: =IF('Данные объект'!C49="","",'Данные объект'!C49)
A29: (должность, организация, фамилия, имя, отчество)
C30: =IF('Данные объект'!B32="","",'Данные объект'!B32)
A31: (должность, организация, фамилия, имя, отчество)
A32: руководствуясь, | C32: =IF('Данные объект'!B51="","",'Данные объект'!B51)
A33: (документ, устанавливающий требевания по организации и проведению входного контроля продукции)
A34: составила настоящий акт о выполненном входном контроле продукции для строительства.
A36: 1. К входному контролю представлена следующая продукция:
A37: Комплектная трансформаторная подстанция КТП-ТК/ВК-250/10/0,4
A38: (наименование продукции)
A39: 1.1. Наименование, номер документа, удостоверяющего качество и НТД на продукцию:
K40: (изготовитель,
H41: НТД
A42: № документа и дата, № партии, дата изготовления) (ГОСТ, ТУ, чертеж КМД)
A43: 1.2. Кол-во: | C43: 1 комп. | E43: Кол-во партии: | G43: 1 комп.
A44: (штуки, объем, вес в ед. изм.) (штуки, объем, вес в ед. изм.)
A45: 1.3. Поставщик: | C45: =IF(K39="","",K39) | F45: Договор
A46: (наименование организации) (реквизиты договора на поставку)
A47: 2. Подготовка продукции к контролю по НТД: | F47: выполнена
A48: (выполнена/не выполнена)
A49: 3. При входном контроле проведены следующие контрольные мероприятия:
A51: Количество, масса, объем проверенной продукции (в ед. изм.) | E51: Вид контроля (НТД) и дата сдачи образцов (проб) на контроль | G51: Приборы контроля | I51: № прибора и дата поверки прибора | K51: № и дата протокола контроля | L51: Заключение по контролю (годен/не годен)
A53: Визуальным осмотром | C53: Инструментальными и приборными методами
A56: 1 | C56: 2 | E56: 3 | G56: 4 | I56: 5 | K56: 6 | L56: 7
A57: =IF(C43="","",C43) | C57: - | E57: Визуальный | G57: - | I57: - | K57: - | L57: годен
A61: 4. В результате проведенного входного контроля представленной продукции установлено:
A62: а) Сопроводительные документы: | E62: соответствует
A63: (соответствуют/не соответствуют)
A64: б) Комплектность (в т.ч. ЗИП): | D64: соответствует
A65: (соответствует/не соответствует)
A66: в) Целостность и сохранность упаковки: | E66: соответствует
A67: (соответствует/не соответствует)
A68: г) Выполнение консервации: | D68: соответствует
A69: (соответствует/не соответствует)
A70: д) Наличие ЗАК/протокола КДО:
A71: (номер ЗАК или протокола КДО и дата выдачм/отсутствует)
A72: Проверенная продукция для последующего применения признана: | H72: пригодной
A73: (пригодной/непригодной)
A74: и допущена к применению при строительно-монтажных работах на объекте____________________________________________________________
A75: (допущена/не допущена) (указать последующее действие с пригодной продукцией)
A77: Продукция признана непригодной по следующим причинам:
A78: ­
A79: (указать причины отбраковки, документальные результаты контроля, протоколы испытания и прочие документы)
A80: непригодная продукия подлежит: | D80: -
A81: (указать последующее действие с непригодной продукцией)
A82: Председатель:
A83: =IF(C22="","",C22)
A84: (должность, организация, подпись, фамилия, имя, отчество)
A85: Члены комиссии:
A86: =IF(C26="","",C26)
A87: (должность, организация, подпись, фамилия, имя, отчество)
A88: =IF(C28="","",C28)
A89: (должность, организация, подпись, фамилия, имя, отчество)
A90: Присутствующие:
A91: =IF(C30="","",C30)
A92: (должность, организация, фамилия, имя, отчество)
A93: Особые отметки:

Sheet ТМГ
K1: Приложение 1
F5: ФОРМА
I6: ГОДЕН
I7: (результат контроля продукции)
A8: Объект строительства:
A9: ='Провод СИП 3'!A9:L9
A13: АКТ № 2/ | G13: =IF('Провод СИП 3'!G13="","",'Провод СИП 3'!G13)
A14: входного контроля
A16: =IF('Данные объект'!B5="","",'Данные объект'!B5) | K16: ='Провод СИП 3'!K16:L16
A17: (место проведения) | K17: (дата)
A19: Нами, комиссией | C19: =IF('Данные объект'!B11="","",'Данные объект'!B11) | H19: =IF('Данные объект'!B43="","",'Данные объект'!B43)
C20: (организация, от которой сформирована комиссия)
A22: Председателя: . | C22: =IF('Данные объект'!C45="","",'Данные объект'!C45)
A23: (должность, организация, фамилия, имя, отчество)
A25: и членов комиссии:
C26: =IF('Данные объект'!C47="","",'Данные объект'!C47)
A27: (должность, организация, фамилия, имя, отчество)
C28: =IF('Данные объект'!C49="","",'Данные объект'!C49)
A29: (должность, организация, фамилия, имя, отчество)
C30: =IF('Данные объект'!B32="","",'Данные объект'!B32)
A31: (должность, организация, фамилия, имя, отчество)
A32: руководствуясь, | C32: =IF('Данные объект'!B51="","",'Данные объект'!B51)
A33: (документ, устанавливающий требевания по организации и проведению входного контроля продукции)
A34: составила настоящий акт о выполненном входном контроле продукции для строительства.
A36: 1. К входному контролю представлена следующая продукция:
A37: Трансформатор ТМГ-250/10-0,4УХЛ1
A38: (наименование продукции)
A39: 1.1. Наименование, номер документа, удостоверяющего качество и НТД на продукцию: | K39: ТОО "Уральский трансформаторный завод"
K40: (изготовитель,
H41: НТД | I41: ГОСТ 11677-85
A42: № документа и дата, № партии, дата изготовления) (ГОСТ, ТУ, чертеж КМД)
A43: 1.2. Кол-во: | E43: Кол-во партии:
A44: (штуки, объем, вес в ед. изм.) (штуки, объем, вес в ед. изм.)
A45: 1.3. Поставщик: | F45: Договор
A46: (наименование организации) (реквизиты договора на поставку)
A47: 2. Подготовка продукции к контролю по НТД: | F47: выполнена
A48: (выполнена/не выполнена)
A49: 3. При входном контроле проведены следующие контрольные мероприятия:
A51: Количество, масса, объем проверенной продукции (в ед. изм.) | E51: Вид контроля (НТД) и дата сдачи образцов (проб) на контроль | G51: Приборы контроля | I51: № прибора и дата поверки прибора | K51: № и дата протокола контроля | L51: Заключение по контролю (годен/не годен)
A53: Визуальным осмотром | C53: Инструментальными и приборными методами
A56: 1 | C56: 2 | E56: 3 | G56: 4 | I56: 5 | K56: 6 | L56: 7
A57: =IF(C43="","",C43) | C57: - | E57: Визуальный | G57: - | I57: - | K57: - | L57: годен
A61: 4. В результате проведенного входного контроля представленной продукции установлено:
A62: а) Сопроводительные документы: | E62: соответствует
A63: (соответствуют/не соответствуют)
A64: б) Комплектность (в т.ч. ЗИП): | D64: соответствует
A65: (соответствует/не соответствует)
A66: в) Целостность и сохранность упаковки: | E66: соответствует
A67: (соответствует/не соответствует)
A68: г) Выполнение консервации: | D68: соответствует
A69: (соответствует/не соответствует)
A70: д) Наличие ЗАК/протокола КДО:
A71: (номер ЗАК или протокола КДО и дата выдачм/отсутствует)
A72: Проверенная продукция для последующего применения признана: | H72: пригодной
A73: (пригодной/непригодной)
A74: и допущена к применению при строительно-монтажных работах на объекте____________________________________________________________
A75: (допущена/не допущена) (указать последующее действие с пригодной продукцией)
A77: Продукция признана непригодной по следующим причинам:
A78: ­
A79: (указать причины отбраковки, документальные результаты контроля, протоколы испытания и прочие документы)
A82: непригодная продукия подлежит: | D82: -
A83: (указать последующее действие с непригодной продукцией)
A84: Председатель:
A85: =IF(C22="","",C22)
A86: (должность, организация, подпись, фамилия, имя, отчество)
A87: Члены комиссии:
A88: =IF(C26="","",C26)
A89: (должность, организация, подпись, фамилия, имя, отчество)
A90: =IF(C28="","",C28)
A91: (должность, организация, подпись, фамилия, имя, отчество)
A92: Присутствующие:
A93: =IF(C30="","",C30)
A94: (должность, организация, фамилия, имя, отчество)
A95: Особые отметки:

Sheet РЛК
K1: Приложение 1
F5: ФОРМА
I6: ГОДЕН
I7: (результат контроля продукции)
A8: Объект строительства:
A9: ='Провод СИП 3'!A9:L9
A13: АКТ №0/ | G13: =IF('Провод СИП 3'!G13="","",'Провод СИП 3'!G13)
A14: входного контроля
A16: =IF('Провод СИП 3'!A16="","",'Провод СИП 3'!A16) | K16: ='Провод СИП 3'!K16:L16
A17: (место проведения) | K17: (дата)
A19: Нами, комиссией | C19: =IF('Данные объект'!B11="","",'Данные объект'!B11) | H19: =IF('Данные объект'!B43="","",'Данные объект'!B43)
C20: (организация, от которой сформирована комиссия)
A22: Председателя: . | C22: =IF('Данные объект'!C45="","",'Данные объект'!C45)
A23: (должность, организация, фамилия, имя, отчество)
A25: и членов комиссии:
C26: =IF('Данные объект'!C47="","",'Данные объект'!C47)
A27: (должность, организация, фамилия, имя, отчество)
C28: =IF('Данные объект'!C49="","",'Данные объект'!C49)
A29: (должность, организация, фамилия, имя, отчество)
C30: =IF('Данные объект'!B32="","",'Данные объект'!B32)
A31: (должность, организация, фамилия, имя, отчество)
A32: руководствуясь, | C32: =IF('Данные объект'!B51="","",'Данные объект'!B51)
A33: (документ, устанавливающий требевания по организации и проведению входного контроля продукции)
A34: составила настоящий акт о выполненном входном контроле продукции для строительства.
A36: 1. К входному контролю представлена следующая продукция:
A37: Разъединитель трехполюсный с приводом РЛК 10/400
A38: (наименование продукции)
A39: 1.1. Наименование, номер документа, удостоверяющего качество и НТД на продукцию:
K40: (изготовитель,
H41: НТД | I41: ГОСТ Р 52726-2007
A42: № документа и дата, № партии, дата изготовления) (ГОСТ, ТУ, чертеж КМД)
A43: 1.2. Кол-во: | E43: Кол-во партии:
A44: (штуки, объем, вес в ед. изм.) (штуки, объем, вес в ед. изм.)
A45: 1.3. Поставщик: | C45: ООО ТК "Норма-кабель" | F45: Договор
A46: (наименование организации) (реквизиты договора на поставку)
A47: 2. Подготовка продукции к контролю по НТД: | F47: выполнена
A48: (выполнена/не выполнена)
A49: 3. При входном контроле проведены следующие контрольные мероприятия:
A51: Количество, масса, объем проверенной продукции (в ед. изм.) | E51: Вид контроля (НТД) и дата сдачи образцов (проб) на контроль | G51: Приборы контроля | I51: № прибора и дата поверки прибора | K51: № и дата протокола контроля | L51: Заключение по контролю (годен/не годен)
A53: Визуальным осмотром | C53: Инструментальными и приборными методами
A56: 1 | C56: 2 | E56: 3 | G56: 4 | I56: 5 | K56: 6 | L56: 7
A57: =IF(C43="","",C43) | C57: - | E57: Визуальный | G57: - | I57: - | K57: - | L57: годен
A61: 4. В результате проведенного входного контроля представленной продукции установлено:
A62: а) Сопроводительные документы: | E62: соответствует
A63: (соответствуют/не соответствуют)
A64: б) Комплектность (в т.ч. ЗИП): | D64: соответствует
A65: (соответствует/не соответствует)
A66: в) Целостность и сохранность упаковки: | E66: соответствует
A67: (соответствует/не соответствует)
A68: г) Выполнение консервации: | D68: соответствует
A69: (соответствует/не соответствует)
A70: д) Наличие ЗАК/протокола КДО:
A71: (номер ЗАК или протокола КДО и дата выдачм/отсутствует)
A72: Проверенная продукция для последующего применения признана: | H72: пригодной
A73: (пригодной/непригодной)
A74: и допущена к применению при строительно-монтажных работах на объекте____________________________________________________________
A75: (допущена/не допущена) (указать последующее действие с пригодной продукцией)
A77: Продукция признана непригодной по следующим причинам:
A78: ­
A79: (указать причины отбраковки, документальные результаты контроля, протоколы испытания и прочие документы)
A82: непригодная продукия подлежит: | D82: -
A83: (указать последующее действие с непригодной продукцией)
A84: Председатель:
A85: =IF(C22="","",C22)
A86: (должность, организация, подпись, фамилия, имя, отчество)
A87: Члены комиссии:
A88: =IF(C26="","",C26)
A89: (должность, организация, подпись, фамилия, имя, отчество)
A90: =IF(C28="","",C28)
A91: (должность, организация, подпись, фамилия, имя, отчество)
A92: Присутствующие:
A93: =IF(C30="","",C30)
A94: (должность, организация, фамилия, имя, отчество)
A95: Особые отметки:

Sheet ПРВТ
K1: Приложение 1
F5: ФОРМА
I6: ГОДЕН
I7: (результат контроля продукции)
A8: Объект строительства:
A9: ='Провод СИП 3'!A9:L9
A13: АКТ № 3/ | G13: =IF('Провод СИП 3'!G13="","",'Провод СИП 3'!G13)
A14: входного контроля
A16: =IF('Провод СИП 3'!A16="","",'Провод СИП 3'!A16) | K16: ='Провод СИП 3'!K16:L16
A17: (место проведения) | K17: (дата)
A19: Нами, комиссией | C19: =IF('Данные объект'!B11="","",'Данные объект'!B11) | H19: =IF('Данные объект'!B43="","",'Данные объект'!B43)
C20: (организация, от которой сформирована комиссия)
A22: Председателя: . | C22: =IF('Данные объект'!C45="","",'Данные объект'!C45)
A23: (должность, организация, фамилия, имя, отчество)
A25: и членов комиссии:
C26: =IF('Данные объект'!C47="","",'Данные объект'!C47)
A27: (должность, организация, фамилия, имя, отчество)
C28: =IF('Данные объект'!C49="","",'Данные объект'!C49)
A29: (должность, организация, фамилия, имя, отчество)
C30: =IF('Данные объект'!B32="","",'Данные объект'!B32)
A31: (должность, организация, фамилия, имя, отчество)
A32: руководствуясь, | C32: =IF('Данные объект'!B51="","",'Данные объект'!B51)
A33: (документ, устанавливающий требевания по организации и проведению входного контроля продукции)
A34: составила настоящий акт о выполненном входном контроле продукции для строительства.
A36: 1. К входному контролю представлена следующая продукция:
A37: Предохранитель-разъеденитель выхлопной ПРВТ-1-10.II-50Л-У1
A38: (наименование продукции)
A39: 1.1. Наименование, номер документа, удостоверяющего качество и НТД на продукцию: | K39: ОАО "ЗЭТО"
K40: (изготовитель,
H41: НТД
A42: № документа и дата, № партии, дата изготовления) (ГОСТ, ТУ, чертеж КМД)
A43: 1.2. Кол-во: | E43: Кол-во партии:
A44: (штуки, объем, вес в ед. изм.) (штуки, объем, вес в ед. изм.)
A45: 1.3. Поставщик: | C45: ООО ТК "Норма-кабель" | F45: Договор
A46: (наименование организации) (реквизиты договора на поставку)
A47: 2. Подготовка продукции к контролю по НТД: | F47: выполнена
A48: (выполнена/не выполнена)
A49: 3. При входном контроле проведены следующие контрольные мероприятия:
A51: Количество, масса, объем проверенной продукции (в ед. изм.) | E51: Вид контроля (НТД) и дата сдачи образцов (проб) на контроль | G51: Приборы контроля | I51: № прибора и дата поверки прибора | K51: № и дата протокола контроля | L51: Заключение по контролю (годен/не годен)
A53: Визуальным осмотром | C53: Инструментальными и приборными методами
A56: 1 | C56: 2 | E56: 3 | G56: 4 | I56: 5 | K56: 6 | L56: 7
A57: =IF(C43="","",C43) | C57: - | E57: Визуальный | G57: - | I57: - | K57: - | L57: годен
A61: 4. В результате проведенного входного контроля представленной продукции установлено:
A62: а) Сопроводительные документы: | E62: соответствует
A63: (соответствуют/не соответствуют)
A64: б) Комплектность (в т.ч. ЗИП): | D64: соответствует
A65: (соответствует/не соответствует)
A66: в) Целостность и сохранность упаковки: | E66: соответствует
A67: (соответствует/не соответствует)
A68: г) Выполнение консервации: | D68: соответствует
A69: (соответствует/не соответствует)
A70: д) Наличие ЗАК/протокола КДО: | D70: -
A71: (номер ЗАК или протокола КДО и дата выдачм/отсутствует)
A72: Проверенная продукция для последующего применения признана: | H72: пригодной
A73: (пригодной/непригодной)
A74: и допущена к применению при строительно-монтажных работах на объекте____________________________________________________________
A75: (допущена/не допущена) (указать последующее действие с пригодной продукцией)
A77: Продукция признана непригодной по следующим причинам:
A78: ­
A79: (указать причины отбраковки, документальные результаты контроля, протоколы испытания и прочие документы)
A80: непригодная продукия подлежит: | D80: -
A81: (указать последующее действие с непригодной продукцией)
A82: Председатель:
A83: =IF(C22="","",C22)
A84: (должность, организация, подпись, фамилия, имя, отчество)
A85: Члены комиссии:
A86: =IF(C26="","",C26)
A87: (должность, организация, подпись, фамилия, имя, отчество)
A88: =IF(C28="","",C28)
A89: (должность, организация, подпись, фамилия, имя, отчество)
A90: Присутствующие:
A91: =IF(C30="","",C30)
A92: (должность, организация, фамилия, имя, отчество)
A93: Особые отметки:

Sheet счетчик СТЭМ
K1: Приложение 1
F5: ФОРМА
I6: ГОДЕН
I7: (результат контроля продукции)
A8: Объект строительства:
A9: =IF('Данные объект'!B3="","",'Данные объект'!B3)
A13: АКТ № 4/ | G13: =IF('Данные объект'!B2="","",'Данные объект'!B2)
A14: входного контроля
A16: =IF('Данные объект'!B5="","",'Данные объект'!B5) | K16: =IF('Данные объект'!B6="","",'Данные объект'!B6)
A17: (место проведения) | K17: (дата)
A19: Нами, комиссией | C19: =IF('Данные объект'!B11="","",'Данные объект'!B11) | H19: =IF('Данные объект'!B43="","",'Данные объект'!B43)
C20: (организация, от которой сформирована комиссия)
A22: Председателя: . | C22: =IF('Данные объект'!C45="","",'Данные объект'!C45)
A23: (должность, организация, фамилия, имя, отчество)
A25: и членов комиссии:
C26: =IF('Данные объект'!C47="","",'Данные объект'!C47)
A27: (должность, организация, фамилия, имя, отчество)
C28: =IF('Данные объект'!C49="","",'Данные объект'!C49)
A29: (должность, организация, фамилия, имя, отчество)
C30: =IF('Данные объект'!B32="","",'Данные объект'!B32)
A31: (должность, организация, фамилия, имя, отчество)
A32: руководствуясь, | C32: =IF('Данные объект'!B51="","",'Данные объект'!B51)
A33: (документ, устанавливающий требевания по организации и проведению входного контроля продукции)
A34: составила настоящий акт о выполненном входном контроле продукции для строительства.
A36: 1. К входному контролю представлена следующая продукция:
A37: Счетчик электрической энергии СТЭМ 300
A38: (наименование продукции)
A39: 1.1. Наименование, номер документа, удостоверяющего качество и НТД на продукцию:
K40: (изготовитель,
H41: НТД | I41: ТР ТС 004/2011, ТР ТС 020/2011
A42: № документа и дата, № партии, дата изготовления) (ГОСТ, ТУ, чертеж КМД)
A43: 1.2. Кол-во: | E43: Кол-во партии: | G43: =IF(C43="","",C43)
A44: (штуки, объем, вес в ед. изм.) (штуки, объем, вес в ед. изм.)
A45: 1.3. Поставщик: | C45: ООО ТК "Норма-кабель" | F45: Договор
A46: (наименование организации) (реквизиты договора на поставку)
A47: 2. Подготовка продукции к контролю по НТД: | F47: выполнена
A48: (выполнена/не выполнена)
A49: 3. При входном контроле проведены следующие контрольные мероприятия:
A51: Количество, масса, объем проверенной продукции (в ед. изм.) | E51: Вид контроля (НТД) и дата сдачи образцов (проб) на контроль | G51: Приборы контроля | I51: № прибора и дата поверки прибора | K51: № и дата протокола контроля | L51: Заключение по контролю (годен/не годен)
A53: Визуальным осмотром | C53: Инструментальными и приборными методами
A56: 1 | C56: 2 | E56: 3 | G56: 4 | I56: 5 | K56: 6 | L56: 7
A57: =IF(C43="","",C43) | C57: - | E57: Визуальный | G57: - | I57: - | K57: - | L57: годен
A59: 4. В результате проведенного входного контроля представленной продукции установлено:
A60: а) Сопроводительные документы: | E60: соответствует
A61: (соответствуют/не соответствуют)
A62: б) Комплектность (в т.ч. ЗИП): | D62: соответствует
A63: (соответствует/не соответствует)
A64: в) Целостность и сохранность упаковки: | E64: соответствует
A65: (соответствует/не соответствует)
A66: г) Выполнение консервации: | D66: соответствует
A67: (соответствует/не соответствует)
A68: д) Наличие ЗАК/протокола КДО:
A69: (номер ЗАК или протокола КДО и дата выдачм/отсутствует)
A70: Проверенная продукция для последующего применения признана: | H70: пригодной
A71: (пригодной/непригодной)
A72: и допущена к применению при строительно-монтажных работах на объекте____________________________________________________________
A73: (допущена/не допущена) (указать последующее действие с пригодной продукцией)
A75: Продукция признана непригодной по следующим причинам:
A76: ­
A77: (указать причины отбраковки, документальные результаты контроля, протоколы испытания и прочие документы)
A78: непригодная продукия подлежит: | D78: -
A79: (указать последующее действие с непригодной продукцией)
A80: Председатель:
A81: =IF(C22="","",C22)
A82: (должность, организация, подпись, фамилия, имя, отчество)
A83: Члены комиссии:
A84: =IF(C26="","",C26)
A85: (должность, организация, подпись, фамилия, имя, отчество)
A86: =IF(C28="","",C28)
A87: (должность, организация, подпись, фамилия, имя, отчество)
A88: Присутствующие:
A89: =IF(C30="","",C30)
A90: (должность, организация, фамилия, имя, отчество)
A91: Особые отметки:

Sheet выключатели ВА
K1: Приложение 1
F5: ФОРМА
I6: ГОДЕН
I7: (результат контроля продукции)
A8: Объект строительства:
A9: ='Провод СИП 3'!A9:L9
A13: АКТ № 5/ | G13: =IF('Провод СИП 3'!G13="","",'Провод СИП 3'!G13)
A14: входного контроля
A16: =IF('Провод СИП 3'!A16="","",'Провод СИП 3'!A16) | K16: ='Провод СИП 3'!K16:L16
A17: (место проведения) | K17: (дата)
A19: Нами, комиссией | C19: =IF('Данные объект'!B11="","",'Данные объект'!B11) | H19: =IF('Данные объект'!B43="","",'Данные объект'!B43)
C20: (организация, от которой сформирована комиссия)
A22: Председателя: . | C22: =IF('Данные объект'!C45="","",'Данные объект'!C45)
A23: (должность, организация, фамилия, имя, отчество)
A25: и членов комиссии:
C26: =IF('Данные объект'!C47="","",'Данные объект'!C47)
A27: (должность, организация, фамилия, имя, отчество)
C28: =IF('Данные объект'!C49="","",'Данные объект'!C49)
A29: (должность, организация, фамилия, имя, отчество)
C30: =IF('Данные объект'!B32="","",'Данные объект'!B32)
A31: (должность, организация, фамилия, имя, отчество)
A32: руководствуясь, | C32: =IF('Данные объект'!B51="","",'Данные объект'!B51)
A33: (документ, устанавливающий требевания по организации и проведению входного контроля продукции)
A34: составила настоящий акт о выполненном входном контроле продукции для строительства.
A36: 1. К входному контролю представлена следующая продукция:
A38: (наименование продукции)
A39: 1.1. Наименование, номер документа, удостоверяющего качество и НТД на продукцию:
K40: (изготовитель,
H41: НТД
A42: № документа и дата, № партии, дата изготовления) (ГОСТ, ТУ, чертеж КМД)
A43: 1.2. Кол-во: | C43: 2 | E43: Кол-во партии: | G43: =IF(C43="","",C43)
A44: (штуки, объем, вес в ед. изм.) (штуки, объем, вес в ед. изм.)
A45: 1.3. Поставщик: | C45: ООО ТК "Норма-кабель" | F45: Договор
A46: (наименование организации) (реквизиты договора на поставку)
A47: 2. Подготовка продукции к контролю по НТД: | F47: выполнена
A48: (выполнена/не выполнена)
A49: 3. При входном контроле проведены следующие контрольные мероприятия:
A51: Количество, масса, объем проверенной продукции (в ед. изм.) | E51: Вид контроля (НТД) и дата сдачи образцов (проб) на контроль | G51: Приборы контроля | I51: № прибора и дата поверки прибора | K51: № и дата протокола контроля | L51: Заключение по контролю (годен/не годен)
A53: Визуальным осмотром | C53: Инструментальными и приборными методами
A56: 1 | C56: 2 | E56: 3 | G56: 4 | I56: 5 | K56: 6 | L56: 7
A57: =IF(C43="","",C43) | C57: - | E57: Визуальный | G57: - | I57: - | K57: - | L57: годен
A59: 4. В результате проведенного входного контроля представленной продукции установлено:
A60: а) Сопроводительные документы: | E60: соответствует
A61: (соответствуют/не соответствуют)
A62: б) Комплектность (в т.ч. ЗИП): | D62: соответствует
A63: (соответствует/не соответствует)
A64: в) Целостность и сохранность упаковки: | E64: соответствует
A65: (соответствует/не соответствует)
A66: г) Выполнение консервации: | D66: соответствует
A67: (соответствует/не соответствует)
A68: д) Наличие ЗАК/протокола КДО: | D68: -
A69: (номер ЗАК или протокола КДО и дата выдачм/отсутствует)
A70: Проверенная продукция для последующего применения признана: | H70: пригодной
A71: (пригодной/непригодной)
A72: и допущена к применению при строительно-монтажных работах на объекте____________________________________________________________
A73: (допущена/не допущена) (указать последующее действие с пригодной продукцией)
A75: Продукция признана непригодной по следующим причинам:
A76: ­
A77: (указать причины отбраковки, документальные результаты контроля, протоколы испытания и прочие документы)
A79: непригодная продукия подлежит: | D79: -
A80: (указать последующее действие с непригодной продукцией)
A81: Председатель:
A82: =IF(C22="","",C22)
A83: (должность, организация, подпись, фамилия, имя, отчество)
A84: Члены комиссии:
A85: =IF(C26="","",C26)
A86: (должность, организация, подпись, фамилия, имя, отчество)
A87: =IF(C28="","",C28)
A88: (должность, организация, подпись, фамилия, имя, отчество)
A89: Присутствующие:
A90: =IF(C30="","",C30)
A91: (должность, организация, фамилия, имя, отчество)
A93: (должность, организация, фамилия, имя, отчество)
A94: Особые отметки:

Sheet стойки
K1: Приложение 1
F5: ФОРМА
I6: ГОДЕН
I7: (результат контроля продукции)
A8: Объект строительства:
A9: ='Провод СИП 3'!A9:L9
A13: АКТ №6/ | G13: =IF('Провод СИП 3'!G13="","",'Провод СИП 3'!G13)
A14: входного контроля
A16: =IF('Провод СИП 3'!A16="","",'Провод СИП 3'!A16) | K16: ='Провод СИП 3'!K16:L16
A17: (место проведения) | K17: (дата)
A19: Нами, комиссией | C19: =IF('Данные объект'!B11="","",'Данные объект'!B11) | H19: =IF('Данные объект'!B43="","",'Данные объект'!B43)
C20: (организация, от которой сформирована комиссия)
A22: Председателя: . | C22: =IF('Данные объект'!C45="","",'Данные объект'!C45)
A23: (должность, организация, фамилия, имя, отчество)
A25: и членов комиссии:
C26: =IF('Данные объект'!C47="","",'Данные объект'!C47)
A27: (должность, организация, фамилия, имя, отчество)
C28: =IF('Данные объект'!C49="","",'Данные объект'!C49)
A29: (должность, организация, фамилия, имя, отчество)
C30: =IF('Данные объект'!B32="","",'Данные объект'!B32)
A31: (должность, организация, фамилия, имя, отчество)
A32: руководствуясь, | C32: =IF('Данные объект'!B51="","",'Данные объект'!B51)
A33: (документ, устанавливающий требевания по организации и проведению входного контроля продукции)
A34: составила настоящий акт о выполненном входном контроле продукции для строительства.
A36: 1. К входному контролю представлена следующая продукция:
A37: Ж/б опоры СВ110-5
A38: (наименование продукции)
A39: 1.1. Наименование, номер документа, удостоверяющего качество и НТД на продукцию:
K40: (изготовитель,
H41: НТД
A42: № документа и дата, № партии, дата изготовления) (ГОСТ, ТУ, чертеж КМД)
A43: 1.2. Кол-во: | E43: Кол-во партии:
A44: (штуки, объем, вес в ед. изм.) (штуки, объем, вес в ед. изм.)
A45: 1.3. Поставщик: | C45: ООО ТК "Норма-кабель" | F45: Договор
A46: (наименование организации) (реквизиты договора на поставку)
A47: 2. Подготовка продукции к контролю по НТД: | F47: выполнена
A48: (выполнена/не выполнена)
A49: 3. При входном контроле проведены следующие контрольные мероприятия:
A51: Количество, масса, объем проверенной продукции (в ед. изм.) | E51: Вид контроля (НТД) и дата сдачи образцов (проб) на контроль | G51: Приборы контроля | I51: № прибора и дата поверки прибора | K51: № и дата протокола контроля | L51: Заключение по контролю (годен/не годен)
A53: Визуальным осмотром | C53: Инструментальными и приборными методами
A56: 1 | C56: 2 | E56: 3 | G56: 4 | I56: 5 | K56: 6 | L56: 7
A57: =IF(C43="","",C43) | C57: - | E57: Визуальный | G57: - | I57: - | K57: - | L57: годен
A61: 4. В результате проведенного входного контроля представленной продукции установлено:
A62: а) Сопроводительные документы: | E62: соответствует
A63: (соответствуют/не соответствуют)
A64: б) Комплектность (в т.ч. ЗИП): | D64: соответствует
A65: (соответствует/не соответствует)
A66: в) Целостность и сохранность упаковки: | E66: соответствует
A67: (соответствует/не соответствует)
A68: г) Выполнение консервации: | D68: соответствует
A69: (соответствует/не соответствует)
A70: д) Наличие ЗАК/протокола КДО:
A71: (номер ЗАК или протокола КДО и дата выдачм/отсутствует)
A72: Проверенная продукция для последующего применения признана: | H72: пригодной
A73: (пригодной/непригодной)
A74: и допущена к применению при строительно-монтажных работах на объекте____________________________________________________________
A75: (допущена/не допущена) (указать последующее действие с пригодной продукцией)
A77: Продукция признана непригодной по следующим причинам:
A78: ­
A79: (указать причины отбраковки, документальные результаты контроля, протоколы испытания и прочие документы)
A82: непригодная продукия подлежит: | D82: -
A83: (указать последующее действие с непригодной продукцией)
A84: Председатель:
A85: =IF(C22="","",C22)
A86: (должность, организация, подпись, фамилия, имя, отчество)
A87: Члены комиссии:
A88: =IF(C26="","",C26)
A89: (должность, организация, подпись, фамилия, имя, отчество)
A90: =IF(C28="","",C28)
A91: (должность, организация, подпись, фамилия, имя, отчество)
A92: Присутствующие:
A93: =IF(C30="","",C30)
A94: (должность, организация, фамилия, имя, отчество)
A95: Особые отметки:

Sheet лин.армат 6-10к
K1: Приложение 1
F5: ФОРМА
I6: ГОДЕН
I7: (результат контроля продукции)
A8: Объект строительства:
A9: ='Провод СИП 3'!A9:L9
A13: АКТ № 7/ | G13: =IF('Провод СИП 3'!G13="","",'Провод СИП 3'!G13)
A14: входного контроля
A16: =IF('Данные объект'!B5="","",'Данные объект'!B5) | K16: ='Провод СИП 3'!K16:L16
A17: (место проведения) | K17: (дата)
A19: Нами, комиссией | C19: =IF('Данные объект'!B11="","",'Данные объект'!B11) | H19: =IF('Данные объект'!B43="","",'Данные объект'!B43)
C20: (организация, от которой сформирована комиссия)
A22: Председателя: . | C22: =IF('Данные объект'!C45="","",'Данные объект'!C45)
A23: (должность, организация, фамилия, имя, отчество)
A25: и членов комиссии:
C26: =IF('Данные объект'!C47="","",'Данные объект'!C47)
A27: (должность, организация, фамилия, имя, отчество)
C28: =IF('Данные объект'!C49="","",'Данные объект'!C49)
A29: (должность, организация, фамилия, имя, отчество)
C30: =IF('Данные объект'!B32="","",'Данные объект'!B32)
A31: (должность, организация, фамилия, имя, отчество)
A32: руководствуясь, | C32: =IF('Данные объект'!B51="","",'Данные объект'!B51)
A33: (документ, устанавливающий требевания по организации и проведению входного контроля продукции)
A34: составила настоящий акт о выполненном входном контроле продукции для строительства.
A36: 1. К входному контролю представлена следующая продукция:
A37: Линейная арматура 10кВ (Траверса ТМ74, ТМ73, Зажим SLW.36, Изолятор штырьевой IF27, Колпачок К-9, Заземляющий проводник ЗП1-1, Плашечный зажим CD35, Зажим ответвительный RP150, Хомут Х51, Вязка спиральная СВ70, Траверса ТМ63, Плашечный зажим CD70, Металлическая лента F207, Скрепа NC20)
A38: (наименование продукции)
A39: 1.1. Наименование, номер документа, удостоверяющего качество и НТД на продукцию:
K40: (изготовитель,
H41: НТД
A42: № документа и дата, № партии, дата изготовления) (ГОСТ, ТУ, чертеж КМД)
A43: 1.2. Кол-во: | E43: Кол-во партии: | G43: =IF(C43="","",C43)
A44: (штуки, объем, вес в ед. изм.) (штуки, объем, вес в ед. изм.)
A45: 1.3. Поставщик: | C45: ООО ТК "Норма-кабель" | F45: Договор
A46: (наименование организации) (реквизиты договора на поставку)
A47: 2. Подготовка продукции к контролю по НТД: | F47: выполнена
A48: (выполнена/не выполнена)
A49: 3. При входном контроле проведены следующие контрольные мероприятия:
A51: Количество, масса, объем проверенной продукции (в ед. изм.) | E51: Вид контроля (НТД) и дата сдачи образцов (проб) на контроль | G51: Приборы контроля | I51: № прибора и дата поверки прибора | K51: № и дата протокола контроля | L51: Заключение по контролю (годен/не годен)
A53: Визуальным осмотром | C53: Инструментальными и приборными методами
A56: 1 | C56: 2 | E56: 3 | G56: 4 | I56: 5 | K56: 6 | L56: 7
C57: - | E57: Визуальный | G57: - | I57: - | K57: - | L57: годен
C58: - | E58: Визуальный | G58: - | I58: - | K58: - | L58: годен
C59: - | E59: Визуальный | G59: - | I59: - | K59: - | L59: годен
C60: - | E60: Визуальный | G60: - | I60: - | K60: - | L60: годен
C61: - | E61: Визуальный | G61: - | I61: - | K61: - | L61: годен
C62: - | E62: Визуальный | G62: - | I62: - | K62: - | L62: годен
C63: - | E63: Визуальный | G63: - | I63: - | K63: - | L63: годен
C64: - | E64: Визуальный | G64: - | I64: - | K64: - | L64: годен
C65: - | E65: Визуальный | G65: - | I65: - | K65: - | L65: годен
C66: - | E66: Визуальный | G66: - | I66: - | K66: - | L66: годен
C67: - | E67: Визуальный | G67: - | I67: - | K67: - | L67: годен
C68: - | E68: Визуальный | G68: - | I68: - | K68: - | L68: годен
... C71: - | E71: Визуальный | G71: - | I71: - | K71: - | L71: годен
A73: 4. В результате проведенного входного контроля представленной продукции установлено:
A74: а) Сопроводительные документы: | E74: соответствует
A75: (соответствуют/не соответствуют)
A76: б) Комплектность (в т.ч. ЗИП): | D76: соответствует
A77: (соответствует/не соответствует)
A78: в) Целостность и сохранность упаковки: | E78: соответствует
A79: (соответствует/не соответствует)
A80: г) Выполнение консервации: | D80: соответствует
A81: (соответствует/не соответствует)
A82: д) Наличие ЗАК/протокола КДО:
A83: (номер ЗАК или протокола КДО и дата выдачм/отсутствует)
A84: Проверенная продукция для последующего применения признана: | H84: пригодной
A85: (пригодной/непригодной)
A86: и допущена к применению при строительно-монтажных работах на объекте____________________________________________________________
A87: (допущена/не допущена) (указать последующее действие с пригодной продукцией)
A89: Продукция признана непригодной по следующим причинам:
A90: ­
A91: (указать причины отбраковки, документальные результаты контроля, протоколы испытания и прочие документы)
A93: непригодная продукия подлежит: | D93: -
A94: (указать последующее действие с непригодной продукцией)
A95: Председатель:
A96: =IF(C22="","",C22)
A97: (должность, организация, подпись, фамилия, имя, отчество)
A98: Члены комиссии:
A99: =IF(C26="","",C26)
A100: (должность, организация, подпись, фамилия, имя, отчество)
A101: =IF(C28="","",C28)
A102: (должность, организация, подпись, фамилия, имя, отчество)
A103: Присутствующие:
A104: =IF(C30="","",C30)
A105: (должность, организация, фамилия, имя, отчество)
A106: Особые отметки:

Sheet лин.армат 0,4
K1: Приложение 1
F5: ФОРМА
I6: ГОДЕН
I7: (результат контроля продукции)
A8: Объект строительства:
A9: ='Провод СИП 3'!A9:L9
A13: АКТ №14/ | G13: =IF('Провод СИП 3'!G13="","",'Провод СИП 3'!G13)
A14: входного контроля
A16: =IF('Данные объект'!B5="","",'Данные объект'!B5) | K16: ='Провод СИП 3'!K16:L16
A17: (место проведения) | K17: (дата)
A19: Нами, комиссией | C19: =IF('Данные объект'!B11="","",'Данные объект'!B11) | H19: =IF('Данные объект'!B43="","",'Данные объект'!B43)
C20: (организация, от которой сформирована комиссия)
A22: Председателя: . | C22: =IF('Данные объект'!C45="","",'Данные объект'!C45)
A23: (должность, организация, фамилия, имя, отчество)
A25: и членов комиссии:
C26: =IF('Данные объект'!C47="","",'Данные объект'!C47)
A27: (должность, организация, фамилия, имя, отчество)
C28: =IF('Данные объект'!C49="","",'Данные объект'!C49)
A29: (должность, организация, фамилия, имя, отчество)
C30: =IF('Данные объект'!B32="","",'Данные объект'!B32)
A31: (должность, организация, фамилия, имя, отчество)
A32: руководствуясь, | C32: =IF('Данные объект'!B51="","",'Данные объект'!B51)
A33: (документ, устанавливающий требевания по организации и проведению входного контроля продукции)
A34: составила настоящий акт о выполненном входном контроле продукции для строительства.
A36: 1. К входному контролю представлена следующая продукция:
A37: Линейная арматура 0,4кВ (Заземляющий проводник ЗП6, Зажим Р72, Ответвительный зажим Р70, Натяжной зажим РА1500, Плашечный зажим ПС-2-1, Анкерный кронштейн CS10.3, Комплект промежуточной подвески ES1500, Стяжной хомут Е778, Мателлическая летна F207, Скрепа NC20, Бугель NB20, Герметичный зажим РС481, Ограничитель перенапряжения ОР600/28, Колпачек изолирующий СЕ16-150)
A38: (наименование продукции)
A39: 1.1. Наименование, номер документа, удостоверяющего качество и НТД на продукцию:
K40: (изготовитель,
H41: НТД
A43: 1.2. Кол-во: | E43: Кол-во партии: | G43: =IF(C43="","",C43)
A44: (штуки, объем, вес в ед. изм.) (штуки, объем, вес в ед. изм.)
A45: 1.3. Поставщик: | C45: ООО ТК "Норма-кабель" | F45: Договор
A46: (наименование организации) (реквизиты договора на поставку)
A47: 2. Подготовка продукции к контролю по НТД: | F47: выполнена
A48: (выполнена/не выполнена)
A49: 3. При входном контроле проведены следующие контрольные мероприятия:
A51: Количество, масса, объем проверенной продукции (в ед. изм.) | E51: Вид контроля (НТД) и дата сдачи образцов (проб) на контроль | G51: Приборы контроля | I51: № прибора и дата поверки прибора | K51: № и дата протокола контроля | L51: Заключение по контролю (годен/не годен)
A53: Визуальным осмотром | C53: Инструментальными и приборными методами
A56: 1 | C56: 2 | E56: 3 | G56: 4 | I56: 5 | K56: 6 | L56: 7
C57: - | E57: Визуальный | G57: - | I57: - | K57: - | L57: годен
C58: - | E58: Визуальный | G58: - | I58: - | K58: - | L58: годен
C59: - | E59: Визуальный | G59: - | I59: - | K59: - | L59: годен
C60: - | E60: Визуальный | G60: - | I60: - | K60: - | L60: годен
C61: - | E61: Визуальный | G61: - | I61: - | K61: - | L61: годен
C62: - | E62: Визуальный | G62: - | I62: - | K62: - | L62: годен
C63: - | E63: Визуальный | G63: - | I63: - | K63: - | L63: годен
C64: - | E64: Визуальный | G64: - | I64: - | K64: - | L64: годен
C65: - | E65: Визуальный | G65: - | I65: - | K65: - | L65: годен
C66: - | E66: Визуальный | G66: - | I66: - | K66: - | L66: годен
C67: - | E67: Визуальный | G67: - | I67: - | K67: - | L67: годен
C68: - | E68: Визуальный | G68: - | I68: - | K68: - | L68: годен
... C70: - | E70: Визуальный | G70: - | I70: - | K70: - | L70: годен
A75: 4. В результате проведенного входного контроля представленной продукции установлено:
A76: а) Сопроводительные документы: | E76: соответствует
A77: (соответствуют/не соответствуют)
A78: б) Комплектность (в т.ч. ЗИП): | D78: соответствует
A79: (соответствует/не соответствует)
A80: в) Целостность и сохранность упаковки: | E80: соответствует
A81: (соответствует/не соответствует)
A82: г) Выполнение консервации: | D82: соответствует
A83: (соответствует/не соответствует)
A84: д) Наличие ЗАК/протокола КДО:
A85: (номер ЗАК или протокола КДО и дата выдачм/отсутствует)
A86: Проверенная продукция для последующего применения признана: | H86: пригодной
A87: (пригодной/непригодной)
A88: и допущена к применению при строительно-монтажных работах на объекте____________________________________________________________
A89: (допущена/не допущена) (указать последующее действие с пригодной продукцией)
A91: Продукция признана непригодной по следующим причинам:
A92: ­
A93: (указать причины отбраковки, документальные результаты контроля, протоколы испытания и прочие документы)
A96: непригодная продукия подлежит: | D96: -
A97: (указать последующее действие с непригодной продукцией)
A98: Председатель:
A99: =IF(C22="","",C22)
A100: (должность, организация, подпись, фамилия, имя, отчество)
A101: Члены комиссии:
A102: =IF(C26="","",C26)
A103: (должность, организация, подпись, фамилия, имя, отчество)
A104: =IF(C28="","",C28)
A105: (должность, организация, подпись, фамилия, имя, отчество)
A106: Присутствующие:
A107: =IF(C30="","",C30)
A108: (должность, организация, фамилия, имя, отчество)
A109: Особые отметки:

Sheet ВРЩ
K1: Приложение 1
F5: ФОРМА
I6: ГОДЕН
I7: (результат контроля продукции)
A8: Объект строительства:
A9: ='Провод СИП 3'!A9:L9
A13: АКТ № 3/ | G13: =IF('Провод СИП 3'!G13="","",'Провод СИП 3'!G13)
A14: входного контроля
A16: =IF('Провод СИП 3'!A16="","",'Провод СИП 3'!A16) | K16: ='Провод СИП 3'!K16:L16
A17: (место проведения) | K17: (дата)
A19: Нами, комиссией | C19: ='Провод СИП 3'!C19:G19 | H19: =IF('Данные объект'!B43="","",'Данные объект'!B43)
C20: (организация, от которой сформирована комиссия)
A22: Председателя: . | C22: =IF('Данные объект'!C45="","",'Данные объект'!C45)
A23: (должность, организация, фамилия, имя, отчество)
A25: и членов комиссии:
C26: =IF('Данные объект'!C47="","",'Данные объект'!C47)
A27: (должность, организация, фамилия, имя, отчество)
C28: =IF('Данные объект'!C49="","",'Данные объект'!C49)
A29: (должность, организация, фамилия, имя, отчество)
C30: =IF('Данные объект'!B32="","",'Данные объект'!B32)
A31: (должность, организация, фамилия, имя, отчество)
A32: руководствуясь, | C32: =IF('Данные объект'!B51="","",'Данные объект'!B51)
A33: (документ, устанавливающий требевания по организации и проведению входного контроля продукции)
A34: составила настоящий акт о выполненном входном контроле продукции для строительства.
A36: 1. К входному контролю представлена следующая продукция:
A37: ВРЩ-0,4кВ
A38: (наименование продукции)
A39: 1.1. Наименование, номер документа, удостоверяющего качество и НТД на продукцию:
K40: (изготовитель,
H41: НТД
A42: № документа и дата, № партии, дата изготовления) (ГОСТ, ТУ, чертеж КМД)
A43: 1.2. Кол-во: | E43: Кол-во партии: | G43: =IF(C43="","",C43)
A44: (штуки, объем, вес в ед. изм.) (штуки, объем, вес в ед. изм.)
A45: 1.3. Поставщик: | F45: Договор | G45: №Т1/22-238
A46: (наименование организации) (реквизиты договора на поставку)
A47: 2. Подготовка продукции к контролю по НТД: | F47: выполнена
A48: (выполнена/не выполнена)
A49: 3. При входном контроле проведены следующие контрольные мероприятия:
A51: Количество, масса, объем проверенной продукции (в ед. изм.) | E51: Вид контроля (НТД) и дата сдачи образцов (проб) на контроль | G51: Приборы контроля | I51: № прибора и дата поверки прибора | K51: № и дата протокола контроля | L51: Заключение по контролю (годен/не годен)
A53: Визуальным осмотром | C53: Инструментальными и приборными методами
A56: 1 | C56: 2 | E56: 3 | G56: 4 | I56: 5 | K56: 6 | L56: 7
A57: =IF(C43="","",C43) | C57: - | E57: Визуальный | G57: - | I57: - | K57: - | L57: годен
A59: 4. В результате проведенного входного контроля представленной продукции установлено:
A60: а) Сопроводительные документы: | E60: соответствует
A61: (соответствуют/не соответствуют)
A62: б) Комплектность (в т.ч. ЗИП): | D62: соответствует
A63: (соответствует/не соответствует)
A64: в) Целостность и сохранность упаковки: | E64: соответствует
A65: (соответствует/не соответствует)
A66: г) Выполнение консервации: | D66: соответствует
A67: (соответствует/не соответствует)
A68: д) Наличие ЗАК/протокола КДО: | D68: -
A69: (номер ЗАК или протокола КДО и дата выдачм/отсутствует)
A70: Проверенная продукция для последующего применения признана: | H70: пригодной
A71: (пригодной/непригодной)
A72: и допущена к применению при строительно-монтажных работах на объекте____________________________________________________________
A73: (допущена/не допущена) (указать последующее действие с пригодной продукцией)
A75: Продукция признана непригодной по следующим причинам:
A76: ­
A77: (указать причины отбраковки, документальные результаты контроля, протоколы испытания и прочие документы)
A80: непригодная продукия подлежит: | D80: -
A81: (указать последующее действие с непригодной продукцией)
A82: Председатель:
A83: =IF(C22="","",C22)
A84: (должность, организация, подпись, фамилия, имя, отчество)
A85: Члены комиссии:
A86: =IF(C26="","",C26)
A87: (должность, организация, подпись, фамилия, имя, отчество)
A88: =IF(C28="","",C28)
A89: (должность, организация, подпись, фамилия, имя, отчество)
A90: Присутствующие:
A91: =IF(C30="","",C30)
A92: (должность, организация, фамилия, имя, отчество)
A93: Особые отметки:

Sheet изоляторы
K1: Приложение 1
F5: ФОРМА
I6: ГОДЕН
I7: (результат контроля продукции)
A8: Объект строительства:
A9: ='Провод СИП 3'!A9:L9
A13: АКТ № 0/ | G13: =IF('Провод СИП 3'!G13="","",'Провод СИП 3'!G13)
A14: входного контроля
A16: =IF('Провод СИП 3'!A16="","",'Провод СИП 3'!A16) | K16: ='Провод СИП 3'!K16:L16
A17: (место проведения) | K17: (дата)
A19: Нами, комиссией | C19: ='Провод СИП 3'!C19:G19 | H19: =IF('Данные объект'!B43="","",'Данные объект'!B43)
C20: (организация, от которой сформирована комиссия)
A22: Председателя: . | C22: =IF('Данные объект'!C45="","",'Данные объект'!C45)
A23: (должность, организация, фамилия, имя, отчество)
A25: и членов комиссии:
C26: =IF('Данные объект'!C47="","",'Данные объект'!C47)
A27: (должность, организация, фамилия, имя, отчество)
C28: =IF('Данные объект'!C49="","",'Данные объект'!C49)
A29: (должность, организация, фамилия, имя, отчество)
C30: =IF('Данные объект'!B32="","",'Данные объект'!B32)
A31: (должность, организация, фамилия, имя, отчество)
A33: (должность, организация, фамилия, имя, отчество)
A34: руководствуясь, | C34: =IF('Данные объект'!B51="","",'Данные объект'!B51)
A35: (документ, устанавливающий требевания по организации и проведению входного контроля продукции)
A36: составила настоящий акт о выполненном входном контроле продукции для строительства.
A38: 1. К входному контролю представлена следующая продукция:
A39: Изолятор штырьевой ШФ20-Г
A40: (наименование продукции)
A41: 1.1. Наименование, номер документа, удостоверяющего качество и НТД на продукцию:
K42: (изготовитель,
H43: НТД | I43: ГОСТ 1232-2017
A44: № документа и дата, № партии, дата изготовления) (ГОСТ, ТУ, чертеж КМД)
A45: 1.2. Кол-во: | E45: Кол-во партии:
A46: (штуки, объем, вес в ед. изм.) (штуки, объем, вес в ед. изм.)
A47: 1.3. Поставщик: | C47: ООО ТК "Норма-кабель" | F47: Договор
A48: (наименование организации) (реквизиты договора на поставку)
A49: 2. Подготовка продукции к контролю по НТД: | F49: выполнена
A50: (выполнена/не выполнена)
A51: 3. При входном контроле проведены следующие контрольные мероприятия:
A53: Количество, масса, объем проверенной продукции (в ед. изм.) | E53: Вид контроля (НТД) и дата сдачи образцов (проб) на контроль | G53: Приборы контроля | I53: № прибора и дата поверки прибора | K53: № и дата протокола контроля | L53: Заключение по контролю (годен/не годен)
A55: Визуальным осмотром | C55: Инструментальными и приборными методами
A58: 1 | C58: 2 | E58: 3 | G58: 4 | I58: 5 | K58: 6 | L58: 7
A59: =IF(C45="","",C45) | C59: - | E59: Визуальный | G59: - | I59: - | K59: - | L59: годен
A61: 4. В результате проведенного входного контроля представленной продукции установлено:
A62: а) Сопроводительные документы: | E62: соответствует
A63: (соответствуют/не соответствуют)
A64: б) Комплектность (в т.ч. ЗИП): | D64: соответствует
A65: (соответствует/не соответствует)
A66: в) Целостность и сохранность упаковки: | E66: соответствует
A67: (соответствует/не соответствует)
A68: г) Выполнение консервации: | D68: соответствует
A69: (соответствует/не соответствует)
A70: д) Наличие ЗАК/протокола КДО:
A71: (номер ЗАК или протокола КДО и дата выдачм/отсутствует)
A72: Проверенная продукция для последующего применения признана: | H72: пригодной
A73: (пригодной/непригодной)
A74: и допущена к применению при строительно-монтажных работах на объекте____________________________________________________________
A75: (допущена/не допущена) (указать последующее действие с пригодной продукцией)
A77: Продукция признана непригодной по следующим причинам:
A78: ­
A79: (указать причины отбраковки, документальные результаты контроля, протоколы испытания и прочие документы)
A82: непригодная продукия подлежит: | D82: -
A83: (указать последующее действие с непригодной продукцией)
A84: Председатель:
A85: =IF(C22="","",C22)
A86: (должность, организация, подпись, фамилия, имя, отчество)
A87: Члены комиссии:
A88: =IF(C26="","",C26)
A89: (должность, организация, подпись, фамилия, имя, отчество)
A90: =IF(C28="","",C28)
A91: (должность, организация, подпись, фамилия, имя, отчество)
A92: Присутствующие:
A93: =IF(C30="","",C30)
A94: (должность, организация, фамилия, имя, отчество)
A95: Особые отметки:

Sheet  муфты 
K1: Приложение 1
F5: ФОРМА
I6: ГОДЕН
I7: (результат контроля продукции)
A8: Объект строительства:
A9: =IF('Данные объект'!B3="","",'Данные объект'!B3)
A13: АКТ № 8/ | G13: =IF('Данные объект'!B2="","",'Данные объект'!B2)
A14: входного контроля
A16: =IF('Данные объект'!B5="","",'Данные объект'!B5) | K16: =IF('Данные объект'!B6="","",'Данные объект'!B6)
A17: (место проведения) | K17: (дата)
A19: Нами, комиссией | C19: ='Провод СИП 3'!C19:G19 | H19: =IF('Данные объект'!B43="","",'Данные объект'!B43)
C20: (организация, от которой сформирована комиссия)
A22: Председателя: . | C22: =IF('Данные объект'!C45="","",'Данные объект'!C45)
A23: (должность, организация, фамилия, имя, отчество)
A25: и членов комиссии:
C26: =IF('Данные объект'!C47="","",'Данные объект'!C47)
A27: (должность, организация, фамилия, имя, отчество)
C28: =IF('Данные объект'!C49="","",'Данные объект'!C49)
A29: (должность, организация, фамилия, имя, отчество)
C30: =IF('Данные объект'!B32="","",'Данные объект'!B32)
A31: (должность, организация, фамилия, имя, отчество)
A32: руководствуясь, | C32: =IF('Данные объект'!B51="","",'Данные объект'!B51)
A33: (документ, устанавливающий требевания по организации и проведению входного контроля продукции)
A34: составила настоящий акт о выполненном входном контроле продукции для строительства.
A36: 1. К входному контролю представлена следующая продукция:
A37: Муфта концевая термоусаживаемая 3 КВНТп-1 70/120
A38: (наименование продукции)
A39: 1.1. Наименование, номер документа, удостоверяющего качество и НТД на продукцию:
K40: (изготовитель,
H41: НТД | I41: ГОСТ 34839-2022
A42: № документа и дата, № партии, дата изготовления) (ГОСТ, ТУ, чертеж КМД)
A43: 1.2. Кол-во: | E43: Кол-во партии: | G43: =IF(C43="","",C43)
A44: (штуки, объем, вес в ед. изм.) (штуки, объем, вес в ед. изм.)
A45: 1.3. Поставщик: | F45: Договор
A46: (наименование организации) (реквизиты договора на поставку)
A47: 2. Подготовка продукции к контролю по НТД: | F47: выполнена
A48: (выполнена/не выполнена)
A49: 3. При входном контроле проведены следующие контрольные мероприятия:
A51: Количество, масса, объем проверенной продукции (в ед. изм.) | E51: Вид контроля (НТД) и дата сдачи образцов (проб) на контроль | G51: Приборы контроля | I51: № прибора и дата поверки прибора | K51: № и дата протокола контроля | L51: Заключение по контролю (годен/не годен)
A53: Визуальным осмотром | C53: Инструментальными и приборными методами
A56: 1 | C56: 2 | E56: 3 | G56: 4 | I56: 5 | K56: 6 | L56: 7
A57: 3 КВНТп-1 70/120 | C57: - | E57: Визуальный | G57: - | I57: - | K57: - | L57: годен
A59: 4. В результате проведенного входного контроля представленной продукции установлено:
A60: а) Сопроводительные документы: | E60: соответствует
A61: (соответствуют/не соответствуют)
A62: б) Комплектность (в т.ч. ЗИП): | D62: соответствует
A63: (соответствует/не соответствует)
A64: в) Целостность и сохранность упаковки: | E64: соответствует
A65: (соответствует/не соответствует)
A66: г) Выполнение консервации: | D66: соответствует
A67: (соответствует/не соответствует)
A68: д) Наличие ЗАК/протокола КДО: | D68: -
A69: (номер ЗАК или протокола КДО и дата выдачм/отсутствует)
A70: Проверенная продукция для последующего применения признана: | H70: пригодной
A71: (пригодной/непригодной)
A72: и допущена к применению при строительно-монтажных работах на объекте____________________________________________________________
A73: (допущена/не допущена) (указать последующее действие с пригодной продукцией)
A75: Продукция признана непригодной по следующим причинам:
A76: ­
A77: (указать причины отбраковки, документальные результаты контроля, протоколы испытания и прочие документы)
A80: непригодная продукия подлежит: | D80: -
A81: (указать последующее действие с непригодной продукцией)
A82: Председатель:
A83: =IF(C22="","",C22)
A84: (должность, организация, подпись, фамилия, имя, отчество)
A85: Члены комиссии:
A86: =IF(C26="","",C26)
A87: (должность, организация, подпись, фамилия, имя, отчество)
A88: =IF(C28="","",C28)
A89: (должность, организация, подпись, фамилия, имя, отчество)
A90: Присутствующие:
A91: =IF(C30="","",C30)
A92: (должность, организация, фамилия, имя, отчество)
A93: Особые отметки:

Sheet ПКТ
K1: Приложение 1
F5: ФОРМА
I6: ГОДЕН
I7: (результат контроля продукции)
A8: Объект строительства:
A9: ='Провод СИП 3'!A9:L9
A13: АКТ № 0/ | G13: =IF('Провод СИП 3'!G13="","",'Провод СИП 3'!G13)
A14: входного контроля
A16: =IF('Провод СИП 3'!A16="","",'Провод СИП 3'!A16) | K16: ='Провод СИП 3'!K16:L16
A17: (место проведения) | K17: (дата)
A19: Нами, комиссией | C19: ='Провод СИП 3'!C19:G19 | H19: =IF('Данные объект'!B43="","",'Данные объект'!B43)
C20: (организация, от которой сформирована комиссия)
A22: Председателя: . | C22: =IF('Данные объект'!C45="","",'Данные объект'!C45)
A23: (должность, организация, фамилия, имя, отчество)
A25: и членов комиссии:
C26: =IF('Данные объект'!C47="","",'Данные объект'!C47)
A27: (должность, организация, фамилия, имя, отчество)
C28: =IF('Данные объект'!C49="","",'Данные объект'!C49)
A29: (должность, организация, фамилия, имя, отчество)
C30: =IF('Данные объект'!B32="","",'Данные объект'!B32)
A31: (должность, организация, фамилия, имя, отчество)
A32: руководствуясь, | C32: =IF('Данные объект'!B51="","",'Данные объект'!B51)
A33: (документ, устанавливающий требевания по организации и проведению входного контроля продукции)
A34: составила настоящий акт о выполненном входном контроле продукции для строительства.
A36: 1. К входному контролю представлена следующая продукция:
A37: Предохранитель высоковольтный с кварцевым наполнителем 3ПКТ-103-6-100А-31,5УЗ
A38: (наименование продукции)
A39: 1.1. Наименование, номер документа, удостоверяющего качество и НТД на продукцию:
K40: (изготовитель,
H41: НТД
A42: № документа и дата, № партии, дата изготовления) (ГОСТ, ТУ, чертеж КМД)
A43: 1.2. Кол-во: | E43: Кол-во партии: | G43: =IF(C43="","",C43)
A44: (штуки, объем, вес в ед. изм.) (штуки, объем, вес в ед. изм.)
A45: 1.3. Поставщик: | C45: ООО ТК "Норма-кабель" | F45: Договор
A46: (наименование организации) (реквизиты договора на поставку)
A47: 2. Подготовка продукции к контролю по НТД: | F47: выполнена
A48: (выполнена/не выполнена)
A49: 3. При входном контроле проведены следующие контрольные мероприятия:
A51: Количество, масса, объем проверенной продукции (в ед. изм.) | E51: Вид контроля (НТД) и дата сдачи образцов (проб) на контроль | G51: Приборы контроля | I51: № прибора и дата поверки прибора | K51: № и дата протокола контроля | L51: Заключение по контролю (годен/не годен)
A53: Визуальным осмотром | C53: Инструментальными и приборными методами
A56: 1 | C56: 2 | E56: 3 | G56: 4 | I56: 5 | K56: 6 | L56: 7
A57: =IF(C43="","",C43) | C57: - | E57: Визуальный | G57: - | I57: - | K57: - | L57: годен
A59: 4. В результате проведенного входного контроля представленной продукции установлено:
A60: а) Сопроводительные документы: | E60: соответствует
A61: (соответствуют/не соответствуют)
A62: б) Комплектность (в т.ч. ЗИП): | D62: соответствует
A63: (соответствует/не соответствует)
A64: в) Целостность и сохранность упаковки: | E64: соответствует
A65: (соответствует/не соответствует)
A66: г) Выполнение консервации: | D66: соответствует
A67: (соответствует/не соответствует)
A68: д) Наличие ЗАК/протокола КДО: | D68: -
A69: (номер ЗАК или протокола КДО и дата выдачм/отсутствует)
A70: Проверенная продукция для последующего применения признана: | H70: пригодной
A71: (пригодной/непригодной)
A72: и допущена к применению при строительно-монтажных работах на объекте____________________________________________________________
A73: (допущена/не допущена) (указать последующее действие с пригодной продукцией)
A75: Продукция признана непригодной по следующим причинам:
A76: ­
A77: (указать причины отбраковки, документальные результаты контроля, протоколы испытания и прочие документы)
A80: непригодная продукия подлежит: | D80: -
A81: (указать последующее действие с непригодной продукцией)
A82: Председатель:
A83: =IF(C22="","",C22)
A84: (должность, организация, подпись, фамилия, имя, отчество)
A85: Члены комиссии:
A86: =IF(C26="","",C26)
A87: (должность, организация, подпись, фамилия, имя, отчество)
A88: =IF(C28="","",C28)
A89: (должность, организация, подпись, фамилия, имя, отчество)
A90: Присутствующие:
A91: =IF(C30="","",C30)
A92: (должность, организация, фамилия, имя, отчество)
A93: Особые отметки:

Sheet ТТ Т-0,66
K1: Приложение 1
F5: ФОРМА
I6: ГОДЕН
I7: (результат контроля продукции)
A8: Объект строительства:
A9: ='Провод СИП 3'!A9:L9
A13: АКТ № 0/ | G13: =IF('Провод СИП 3'!G13="","",'Провод СИП 3'!G13)
A14: входного контроля
A16: =IF('Провод СИП 3'!A16="","",'Провод СИП 3'!A16) | K16: ='Провод СИП 3'!K16:L16
A17: (место проведения) | K17: (дата)
A19: Нами, комиссией | C19: ='Провод СИП 3'!C19:G19 | H19: =IF('Данные объект'!B43="","",'Данные объект'!B43)
C20: (организация, от которой сформирована комиссия)
A22: Председателя: . | C22: =IF('Данные объект'!C45="","",'Данные объект'!C45)
A23: (должность, организация, фамилия, имя, отчество)
A25: и членов комиссии:
C26: =IF('Данные объект'!C47="","",'Данные объект'!C47)
A27: (должность, организация, фамилия, имя, отчество)
C28: =IF('Данные объект'!C49="","",'Данные объект'!C49)
A29: (должность, организация, фамилия, имя, отчество)
C30: =IF('Данные объект'!B32="","",'Данные объект'!B32)
A31: (должность, организация, фамилия, имя, отчество)
A32: руководствуясь, | C32: =IF('Данные объект'!B51="","",'Данные объект'!B51)
A33: (документ, устанавливающий требевания по организации и проведению входного контроля продукции)
A34: составила настоящий акт о выполненном входном контроле продукции для строительства.
A36: 1. К входному контролю представлена следующая продукция:
A37: Трансформатор тока Т-0,66 400/5
A38: (наименование продукции)
A39: 1.1. Наименование, номер документа, удостоверяющего качество и НТД на продукцию: | K39: ФК ИК-1
K40: (изготовитель,
H41: НТД
A42: № документа и дата, № партии, дата изготовления) (ГОСТ, ТУ, чертеж КМД)
A43: 1.2. Кол-во: | E43: Кол-во партии: | G43: =IF(C43="","",C43)
A44: (штуки, объем, вес в ед. изм.) (штуки, объем, вес в ед. изм.)
A45: 1.3. Поставщик: | C45: ООО ТК "Норма-кабель" | F45: Договор
A46: (наименование организации) (реквизиты договора на поставку)
A47: 2. Подготовка продукции к контролю по НТД: | F47: выполнена
A48: (выполнена/не выполнена)
A49: 3. При входном контроле проведены следующие контрольные мероприятия:
A51: Количество, масса, объем проверенной продукции (в ед. изм.) | E51: Вид контроля (НТД) и дата сдачи образцов (проб) на контроль | G51: Приборы контроля | I51: № прибора и дата поверки прибора | K51: № и дата протокола контроля | L51: Заключение по контролю (годен/не годен)
A53: Визуальным осмотром | C53: Инструментальными и приборными методами
A56: 1 | C56: 2 | E56: 3 | G56: 4 | I56: 5 | K56: 6 | L56: 7
A57: =IF(C43="","",C43) | C57: - | E57: Визуальный | G57: - | I57: - | K57: - | L57: годен
A59: 4. В результате проведенного входного контроля представленной продукции установлено:
A60: а) Сопроводительные документы: | E60: соответствует
A61: (соответствуют/не соответствуют)
A62: б) Комплектность (в т.ч. ЗИП): | D62: соответствует
A63: (соответствует/не соответствует)
A64: в) Целостность и сохранность упаковки: | E64: соответствует
A65: (соответствует/не соответствует)
A66: г) Выполнение консервации: | D66: соответствует
A67: (соответствует/не соответствует)
A68: д) Наличие ЗАК/протокола КДО:
A69: (номер ЗАК или протокола КДО и дата выдачм/отсутствует)
A70: Проверенная продукция для последующего применения признана: | H70: пригодной
A71: (пригодной/непригодной)
A72: и допущена к применению при строительно-монтажных работах на объекте____________________________________________________________
A73: (допущена/не допущена) (указать последующее действие с пригодной продукцией)
A75: Продукция признана непригодной по следующим причинам:
A76: ­
A77: (указать причины отбраковки, документальные результаты контроля, протоколы испытания и прочие документы)
A80: непригодная продукия подлежит: | D80: -
A81: (указать последующее действие с непригодной продукцией)
A82: Председатель:
A83: =IF(C22="","",C22)
A84: (должность, организация, подпись, фамилия, имя, отчество)
A85: Члены комиссии:
A86: =IF(C26="","",C26)
A87: (должность, организация, подпись, фамилия, имя, отчество)
A88: =IF(C28="","",C28)
A89: (должность, организация, подпись, фамилия, имя, отчество)
A90: Присутствующие:
A91: =IF(C30="","",C30)
A92: (должность, организация, фамилия, имя, отчество)
A93: Особые отметки:

Sheet РМК
K1: Приложение 1
F5: ФОРМА
I6: ГОДЕН
I7: (результат контроля продукции)
A8: Объект строительства:
A9: ='Провод СИП 3'!A9:L9
A13: АКТ № 0/ | G13: =IF('Провод СИП 3'!G13="","",'Провод СИП 3'!G13)
A14: входного контроля
A16: =IF('Провод СИП 3'!A16="","",'Провод СИП 3'!A16) | K16: ='Провод СИП 3'!K16:L16
A17: (место проведения) | K17: (дата)
A19: Нами, комиссией | C19: ='Провод СИП 3'!C19:G19 | H19: =IF('Данные объект'!B43="","",'Данные объект'!B43)
C20: (организация, от которой сформирована комиссия)
A22: Председателя: . | C22: =IF('Данные объект'!C45="","",'Данные объект'!C45)
A23: (должность, организация, фамилия, имя, отчество)
A25: и членов комиссии:
C26: =IF('Данные объект'!C47="","",'Данные объект'!C47)
A27: (должность, организация, фамилия, имя, отчество)
C28: =IF('Данные объект'!C49="","",'Данные объект'!C49)
A29: (должность, организация, фамилия, имя, отчество)
C30: =IF('Данные объект'!B32="","",'Данные объект'!B32)
A31: (должность, организация, фамилия, имя, отчество)
A32: руководствуясь, | C32: =IF('Данные объект'!B51="","",'Данные объект'!B51)
A33: (документ, устанавливающий требевания по организации и проведению входного контроля продукции)
A34: составила настоящий акт о выполненном входном контроле продукции для строительства.
A36: 1. К входному контролю представлена следующая продукция:
A37: Длинно-искровой разрядник РМК
A38: (наименование продукции)
A39: 1.1. Наименование, номер документа, удостоверяющего качество и НТД на продукцию:
K40: (изготовитель,
H41: НТД
A42: № документа и дата, № партии, дата изготовления) (ГОСТ, ТУ, чертеж КМД)
A43: 1.2. Кол-во: | E43: Кол-во партии: | G43: =IF(C43="","",C43)
A44: (штуки, объем, вес в ед. изм.) (штуки, объем, вес в ед. изм.)
A45: 1.3. Поставщик: | C45: ООО ТК "Норма-кабель" | F45: Договор
A46: (наименование организации) (реквизиты договора на поставку)
A47: 2. Подготовка продукции к контролю по НТД: | F47: выполнена
A48: (выполнена/не выполнена)
A49: 3. При входном контроле проведены следующие контрольные мероприятия:
A51: Количество, масса, объем проверенной продукции (в ед. изм.) | E51: Вид контроля (НТД) и дата сдачи образцов (проб) на контроль | G51: Приборы контроля | I51: № прибора и дата поверки прибора | K51: № и дата протокола контроля | L51: Заключение по контролю (годен/не годен)
A53: Визуальным осмотром | C53: Инструментальными и приборными методами
A56: 1 | C56: 2 | E56: 3 | G56: 4 | I56: 5 | K56: 6 | L56: 7
A57: =IF(C43="","",C43) | C57: - | E57: Визуальный | G57: - | I57: - | K57: - | L57: годен
A59: 4. В результате проведенного входного контроля представленной продукции установлено:
A60: а) Сопроводительные документы: | E60: соответствует
A61: (соответствуют/не соответствуют)
A62: б) Комплектность (в т.ч. ЗИП): | D62: соответствует
A63: (соответствует/не соответствует)
A64: в) Целостность и сохранность упаковки: | E64: соответствует
A65: (соответствует/не соответствует)
A66: г) Выполнение консервации: | D66: соответствует
A67: (соответствует/не соответствует)
A68: д) Наличие ЗАК/протокола КДО:
A69: (номер ЗАК или протокола КДО и дата выдачм/отсутствует)
A70: Проверенная продукция для последующего применения признана: | H70: пригодной
A71: (пригодной/непригодной)
A72: и допущена к применению при строительно-монтажных работах на объекте____________________________________________________________
A73: (допущена/не допущена) (указать последующее действие с пригодной продукцией)
A75: Продукция признана непригодной по следующим причинам:
A76: ­
A77: (указать причины отбраковки, документальные результаты контроля, протоколы испытания и прочие документы)
A80: непригодная продукия подлежит: | D80: -
A81: (указать последующее действие с непригодной продукцией)
A82: Председатель:
A83: =IF(C22="","",C22)
A84: (должность, организация, подпись, фамилия, имя, отчество)
A85: Члены комиссии:
A86: =IF(C26="","",C26)
A87: (должность, организация, подпись, фамилия, имя, отчество)
A88: =IF(C28="","",C28)
A89: (должность, организация, подпись, фамилия, имя, отчество)
A90: Присутствующие:
A91: =IF(C30="","",C30)
A92: (должность, организация, фамилия, имя, отчество)
A93: Особые отметки:

Sheet КРН
K1: Приложение 1
F5: ФОРМА
I6: ГОДЕН
I7: (результат контроля продукции)
A8: Объект строительства:
A9: ='Провод СИП 3'!A9:L9
A13: АКТ № 0/ | G13: =IF('Провод СИП 3'!G13="","",'Провод СИП 3'!G13)
A14: входного контроля
A16: =IF('Провод СИП 3'!A16="","",'Провод СИП 3'!A16) | K16: ='Провод СИП 3'!K16:L16
A17: (место проведения) | K17: (дата)
A19: Нами, комиссией | C19: =IF(каб.АСБ!C19="","",каб.АСБ!C19) | H19: =IF('Данные объект'!B43="","",'Данные объект'!B43)
C20: (организация, от которой сформирована комиссия)
A22: Председателя: . | C22: =IF('Данные объект'!C45="","",'Данные объект'!C45)
A23: (должность, организация, фамилия, имя, отчество)
A25: и членов комиссии:
C26: =IF('Данные объект'!C47="","",'Данные объект'!C47)
A27: (должность, организация, фамилия, имя, отчество)
C28: =IF('Данные объект'!C49="","",'Данные объект'!C49)
A29: (должность, организация, фамилия, имя, отчество)
C30: =IF('Данные объект'!B32="","",'Данные объект'!B32)
A31: (должность, организация, фамилия, имя, отчество)
A32: руководствуясь, | C32: =IF('Данные объект'!B51="","",'Данные объект'!B51)
A33: (документ, устанавливающий требевания по организации и проведению входного контроля продукции)
A34: составила настоящий акт о выполненном входном контроле продукции для строительства.
A36: 1. К входному контролю представлена следующая продукция:
A37: Комплектное распределительное устройство наружной установки, 10кВ, 1000А, ввод КРУН-017-1000-УХЛ1; Комплектное распределительное устройство наружной установки, 10кВ, 1000А, линия КРУН-002-1000-УХЛ1
A38: (наименование продукции)
A39: 1.1. Наименование, номер документа, удостоверяющего качество и НТД на продукцию: | K39: АО"ЧЭАЗ"
K40: (изготовитель,
H41: НТД | I41: ГОСТ 14693-90
A42: № документа и дата, № партии, дата изготовления) (ГОСТ, ТУ, чертеж КМД)
A43: 1.2. Кол-во: | E43: Кол-во партии: | G43: =IF(C43="","",C43)
A44: (штуки, объем, вес в ед. изм.) (штуки, объем, вес в ед. изм.)
A45: 1.3. Поставщик: | F45: Договор
A46: (наименование организации) (реквизиты договора на поставку)
A47: 2. Подготовка продукции к контролю по НТД: | F47: выполнена
A48: (выполнена/не выполнена)
A49: 3. При входном контроле проведены следующие контрольные мероприятия:
A51: Количество, масса, объем проверенной продукции (в ед. изм.) | E51: Вид контроля (НТД) и дата сдачи образцов (проб) на контроль | G51: Приборы контроля | I51: № прибора и дата поверки прибора | K51: № и дата протокола контроля | L51: Заключение по контролю (годен/не годен)
A53: Визуальным осмотром | C53: Инструментальными и приборными методами
A56: 1 | C56: 2 | E56: 3 | G56: 4 | I56: 5 | K56: 6 | L56: 7
A57: =IF(C43="","",C43) | C57: - | E57: Визуальный | G57: - | I57: - | K57: - | L57: годен
A59: 4. В результате проведенного входного контроля представленной продукции установлено:
A60: а) Сопроводительные документы: | E60: соответствует
A61: (соответствуют/не соответствуют)
A62: б) Комплектность (в т.ч. ЗИП): | D62: соответствует
A63: (соответствует/не соответствует)
A64: в) Целостность и сохранность упаковки: | E64: соответствует
A65: (соответствует/не соответствует)
A66: г) Выполнение консервации: | D66: соответствует
A67: (соответствует/не соответствует)
A68: д) Наличие ЗАК/протокола КДО:
A69: (номер ЗАК или протокола КДО и дата выдачм/отсутствует)
A70: Проверенная продукция для последующего применения признана: | H70: пригодной
A71: (пригодной/непригодной)
A72: и допущена к применению при строительно-монтажных работах на объекте____________________________________________________________
A73: (допущена/не допущена) (указать последующее действие с пригодной продукцией)
A75: Продукция признана непригодной по следующим причинам:
A76: ­
A77: (указать причины отбраковки, документальные результаты контроля, протоколы испытания и прочие документы)
A80: непригодная продукия подлежит: | D80: -
A81: (указать последующее действие с непригодной продукцией)
A82: Председатель:
A83: =IF(C22="","",C22)
A84: (должность, организация, подпись, фамилия, имя, отчество)
A85: Члены комиссии:
A86: =IF(C26="","",C26)
A87: (должность, организация, подпись, фамилия, имя, отчество)
A88: =IF(C28="","",C28)
A89: (должность, организация, подпись, фамилия, имя, отчество)
A90: Присутствующие:
A91: =IF(C30="","",C30)
A92: (должность, организация, фамилия, имя, отчество)
A93: Особые отметки:

Sheet КСО
K1: Приложение 1
F5: ФОРМА
I6: ГОДЕН
I7: (результат контроля продукции)
A8: Объект строительства:
A9: =IF('Данные объект'!B3="","",'Данные объект'!B3)
A13: АКТ №4/ | G13: =IF('Данные объект'!B2="","",'Данные объект'!B2)
A14: входного контроля
A16: =IF('Провод СИП 3'!A16="","",'Провод СИП 3'!A16) | K16: =IF('Данные объект'!B6="","",'Данные объект'!B6)
A17: (место проведения) | K17: (дата)
A19: Нами, комиссией | C19: ='Провод СИП 3'!C19:G19 | H19: =IF('Данные объект'!B43="","",'Данные объект'!B43)
C20: (организация, от которой сформирована комиссия)
A22: Председателя: . | C22: =IF('Данные объект'!C45="","",'Данные объект'!C45)
A23: (должность, организация, фамилия, имя, отчество)
A25: и членов комиссии:
C26: =IF('Данные объект'!C47="","",'Данные объект'!C47)
A27: (должность, организация, фамилия, имя, отчество)
C28: =IF('Данные объект'!C49="","",'Данные объект'!C49)
A29: (должность, организация, фамилия, имя, отчество)
C30: =IF('Данные объект'!B32="","",'Данные объект'!B32)
A31: (должность, организация, фамилия, имя, отчество)
A32: руководствуясь, | C32: =IF('Данные объект'!B51="","",'Данные объект'!B51)
A33: (документ, устанавливающий требевания по организации и проведению входного контроля продукции)
A34: составила настоящий акт о выполненном входном контроле продукции для строительства.
A36: 1. К входному контролю представлена следующая продукция:
A37: Ячейка КСО-298 MSI
A38: (наименование продукции)
A39: 1.1. Наименование, номер документа, удостоверяющего качество и НТД на продукцию: | K39: АО"ГК"Электрощит" - ТМ Самара"
K40: (изготовитель,
H41: НТД
A42: № документа и дата, № партии, дата изготовления) (ГОСТ, ТУ, чертеж КМД)
A43: 1.2. Кол-во: | E43: Кол-во партии: | G43: =IF(C43="","",C43)
A44: (штуки, объем, вес в ед. изм.) (штуки, объем, вес в ед. изм.)
A45: 1.3. Поставщик: | F45: Договор
A46: (наименование организации) (реквизиты договора на поставку)
A47: 2. Подготовка продукции к контролю по НТД: | F47: выполнена
A48: (выполнена/не выполнена)
A49: 3. При входном контроле проведены следующие контрольные мероприятия:
A51: Количество, масса, объем проверенной продукции (в ед. изм.) | E51: Вид контроля (НТД) и дата сдачи образцов (проб) на контроль | G51: Приборы контроля | I51: № прибора и дата поверки прибора | K51: № и дата протокола контроля | L51: Заключение по контролю (годен/не годен)
A53: Визуальным осмотром | C53: Инструментальными и приборными методами
A56: 1 | C56: 2 | E56: 3 | G56: 4 | I56: 5 | K56: 6 | L56: 7
A57: =IF(C43="","",C43) | C57: - | E57: Визуальный | G57: - | I57: - | K57: - | L57: годен
A59: 4. В результате проведенного входного контроля представленной продукции установлено:
A60: а) Сопроводительные документы: | E60: соответствует
A61: (соответствуют/не соответствуют)
A62: б) Комплектность (в т.ч. ЗИП): | D62: соответствует
A63: (соответствует/не соответствует)
A64: в) Целостность и сохранность упаковки: | E64: соответствует
A65: (соответствует/не соответствует)
A66: г) Выполнение консервации: | D66: соответствует
A67: (соответствует/не соответствует)
A68: д) Наличие ЗАК/протокола КДО:
A69: (номер ЗАК или протокола КДО и дата выдачм/отсутствует)
A70: Проверенная продукция для последующего применения признана: | H70: пригодной
A71: (пригодной/непригодной)
A72: и допущена к применению при строительно-монтажных работах на объекте____________________________________________________________
A73: (допущена/не допущена) (указать последующее действие с пригодной продукцией)
A75: Продукция признана непригодной по следующим причинам:
A76: ­
A77: (указать причины отбраковки, документальные результаты контроля, протоколы испытания и прочие документы)
A80: непригодная продукия подлежит: | D80: -
A81: (указать последующее действие с непригодной продукцией)
A82: Председатель:
A83: =IF(C22="","",C22)
A84: (должность, организация, подпись, фамилия, имя, отчество)
A85: Члены комиссии:
A86: =IF(C26="","",C26)
A87: (должность, организация, подпись, фамилия, имя, отчество)
A88: =IF(C28="","",C28)
A89: (должность, организация, подпись, фамилия, имя, отчество)
A90: Присутствующие:
A91: =IF(C30="","",C30)
A92: (должность, организация, фамилия, имя, отчество)
A93: Особые отметки:

Sheet ТОЛ
K1: Приложение 1
F5: ФОРМА
I6: ГОДЕН
I7: (результат контроля продукции)
A8: Объект строительства:
A9: =IF('Данные объект'!B3="","",'Данные объект'!B3)
A13: АКТ № 5/ | G13: =IF('Данные объект'!B2="","",'Данные объект'!B2)
A14: входного контроля
A16: =IF('Провод СИП 3'!A16="","",'Провод СИП 3'!A16) | K16: =IF('Данные объект'!B6="","",'Данные объект'!B6)
A17: (место проведения) | K17: (дата)
A19: Нами, комиссией | C19: ='Провод СИП 3'!C19:G19 | H19: =IF('Данные объект'!B43="","",'Данные объект'!B43)
C20: (организация, от которой сформирована комиссия)
A22: Председателя: . | C22: =IF('Данные объект'!C45="","",'Данные объект'!C45)
A23: (должность, организация, фамилия, имя, отчество)
A25: и членов комиссии:
C26: =IF('Данные объект'!C47="","",'Данные объект'!C47)
A27: (должность, организация, фамилия, имя, отчество)
C28: =IF('Данные объект'!C49="","",'Данные объект'!C49)
A29: (должность, организация, фамилия, имя, отчество)
C30: =IF('Данные объект'!B32="","",'Данные объект'!B32)
A31: (должность, организация, фамилия, имя, отчество)
A32: руководствуясь, | C32: =IF('Данные объект'!B51="","",'Данные объект'!B51)
A33: (документ, устанавливающий требевания по организации и проведению входного контроля продукции)
A34: составила настоящий акт о выполненном входном контроле продукции для строительства.
A36: 1. К входному контролю представлена следующая продукция:
A37: Трансформатор тока ТОЛ-10 300А.
A38: (наименование продукции)
A39: 1.1. Наименование, номер документа, удостоверяющего качество и НТД на продукцию:
K40: (изготовитель,
H41: НТД | I41: ГОСТ 7746-2015
A42: № документа и дата, № партии, дата изготовления) (ГОСТ, ТУ, чертеж КМД)
A43: 1.2. Кол-во: | C43: 6шт | E43: Кол-во партии: | G43: =IF(C43="","",C43)
A44: (штуки, объем, вес в ед. изм.) (штуки, объем, вес в ед. изм.)
A45: 1.3. Поставщик: | F45: Договор
A46: (наименование организации) (реквизиты договора на поставку)
A47: 2. Подготовка продукции к контролю по НТД: | F47: выполнена
A48: (выполнена/не выполнена)
A49: 3. При входном контроле проведены следующие контрольные мероприятия:
A51: Количество, масса, объем проверенной продукции (в ед. изм.) | E51: Вид контроля (НТД) и дата сдачи образцов (проб) на контроль | G51: Приборы контроля | I51: № прибора и дата поверки прибора | K51: № и дата протокола контроля | L51: Заключение по контролю (годен/не годен)
A53: Визуальным осмотром | C53: Инструментальными и приборными методами
A56: 1 | C56: 2 | E56: 3 | G56: 4 | I56: 5 | K56: 6 | L56: 7
A57: =IF(C43="","",C43) | C57: - | E57: Визуальный | G57: - | I57: - | K57: - | L57: годен
A59: 4. В результате проведенного входного контроля представленной продукции установлено:
A60: а) Сопроводительные документы: | E60: соответствует
A61: (соответствуют/не соответствуют)
A62: б) Комплектность (в т.ч. ЗИП): | D62: соответствует
A63: (соответствует/не соответствует)
A64: в) Целостность и сохранность упаковки: | E64: соответствует
A65: (соответствует/не соответствует)
A66: г) Выполнение консервации: | D66: соответствует
A67: (соответствует/не соответствует)
A68: д) Наличие ЗАК/протокола КДО:
A69: (номер ЗАК или протокола КДО и дата выдачм/отсутствует)
A70: Проверенная продукция для последующего применения признана: | H70: пригодной
A71: (пригодной/непригодной)
A72: и допущена к применению при строительно-монтажных работах на объекте____________________________________________________________
A73: (допущена/не допущена) (указать последующее действие с пригодной продукцией)
A75: Продукция признана непригодной по следующим причинам:
A76: ­
A77: (указать причины отбраковки, документальные результаты контроля, протоколы испытания и прочие документы)
A80: непригодная продукия подлежит: | D80: -
A81: (указать последующее действие с непригодной продукцией)
A82: Председатель:
A83: =IF(C22="","",C22)
A84: (должность, организация, подпись, фамилия, имя, отчество)
A85: Члены комиссии:
A86: =IF(C26="","",C26)
A87: (должность, организация, подпись, фамилия, имя, отчество)
A88: =IF(C28="","",C28)
A89: (должность, организация, подпись, фамилия, имя, отчество)
A90: Присутствующие:
A91: =IF(C30="","",C30)
A92: (должность, организация, фамилия, имя, отчество)
A93: Особые отметки:

Sheet Провод СИП 3
K1: Приложение 1
F5: ФОРМА
I6: ГОДЕН
I7: (результат контроля продукции)
A8: Объект строительства:
A9: =IF('Данные объект'!B3="","",'Данные объект'!B3)
A13: АКТ №9/ | G13: =IF('Данные объект'!B2="","",'Данные объект'!B2)
A14: входного контроля
A16: =IF('Данные объект'!B5="","",'Данные объект'!B5) | K16: =IF('Данные объект'!B6="","",'Данные объект'!B6)
A17: (место проведения) | K17: (дата)
A19: Нами, комиссией | C19: =IF('Данные объект'!B11="","",'Данные объект'!B11) | H19: =IF('Данные объект'!B43="","",'Данные объект'!B43)
C20: (организация, от которой сформирована комиссия)
A22: Председателя: . | C22: =IF('Данные объект'!C45="","",'Данные объект'!C45)
A23: (должность, организация, фамилия, имя, отчество)
A25: и членов комиссии:
C26: =IF('Данные объект'!C47="","",'Данные объект'!C47)
A27: (должность, организация, фамилия, имя, отчество)
C28: =IF('Данные объект'!C49="","",'Данные объект'!C49)
A29: (должность, организация, фамилия, имя, отчество)
C30: =IF('Данные объект'!B32="","",'Данные объект'!B32)
A31: (должность, организация, фамилия, имя, отчество)
A32: руководствуясь, | C32: =IF('Данные объект'!B51="","",'Данные объект'!B51)
A33: (документ, устанавливающий требевания по организации и проведению входного контроля продукции)
A34: составила настоящий акт о выполненном входном контроле продукции для строительства.
A36: 1. К входному контролю представлена следующая продукция:
A37: Провод 3СИП3 1х70
A38: (наименование продукции)
A39: 1.1. Наименование, номер документа, удостоверяющего качество и НТД на продукцию:
K40: (изготовитель,
H41: НТД | I41: ГОСТ 31946-2012
A42: № документа и дата, № партии, дата изготовления) (ГОСТ, ТУ, чертеж КМД)
A43: 1.2. Кол-во: | E43: Кол-во партии:
A44: (штуки, объем, вес в ед. изм.) (штуки, объем, вес в ед. изм.)
A45: 1.3. Поставщик: | C45: ООО ТК "Норма-кабель" | F45: Договор
A46: (наименование организации) (реквизиты договора на поставку)
A47: 2. Подготовка продукции к контролю по НТД: | F47: выполнена
A48: (выполнена/не выполнена)
A49: 3. При входном контроле проведены следующие контрольные мероприятия:
A51: Количество, масса, объем проверенной продукции (в ед. изм.) | E51: Вид контроля (НТД) и дата сдачи образцов (проб) на контроль | G51: Приборы контроля | I51: № прибора и дата поверки прибора | K51: № и дата протокола контроля | L51: Заключение по контролю (годен/не годен)
A53: Визуальным осмотром | C53: Инструментальными и приборными методами
A56: 1 | C56: 2 | E56: 3 | G56: 4 | I56: 5 | K56: 6 | L56: 7
A57: =IF(C43="","",C43) | C57: - | E57: Визуальный | G57: - | I57: - | K57: - | L57: годен
A61: 4. В результате проведенного входного контроля представленной продукции установлено:
A62: а) Сопроводительные документы: | E62: соответствует
A63: (соответствуют/не соответствуют)
A64: б) Комплектность (в т.ч. ЗИП): | D64: соответствует
A65: (соответствует/не соответствует)
A66: в) Целостность и сохранность упаковки: | E66: соответствует
A67: (соответствует/не соответствует)
A68: г) Выполнение консервации: | D68: соответствует
A69: (соответствует/не соответствует)
A70: д) Наличие ЗАК/протокола КДО:
A71: (номер ЗАК или протокола КДО и дата выдачм/отсутствует)
A72: Проверенная продукция для последующего применения признана: | H72: пригодной
A73: (пригодной/непригодной)
A74: и допущена к применению при строительно-монтажных работах на объекте____________________________________________________________
A75: (допущена/не допущена) (указать последующее действие с пригодной продукцией)
A77: Продукция признана непригодной по следующим причинам:
A78: ­
A79: (указать причины отбраковки, документальные результаты контроля, протоколы испытания и прочие документы)
A82: непригодная продукия подлежит: | D82: -
A83: (указать последующее действие с непригодной продукцией)
A84: Председатель:
A85: =IF(C22="","",C22)
A86: (должность, организация, подпись, фамилия, имя, отчество)
A87: Члены комиссии:
A88: =IF(C26="","",C26)
A89: (должность, организация, подпись, фамилия, имя, отчество)
A90: =IF(C28="","",C28)
A91: (должность, организация, подпись, фамилия, имя, отчество)
A92: Присутствующие:
A93: =IF(C30="","",C30)
A94: (должность, организация, фамилия, имя, отчество)
A95: Особые отметки:

Sheet Провод СИП 2
K1: Приложение 1
F5: ФОРМА
I6: ГОДЕН
I7: (результат контроля продукции)
A8: Объект строительства:
A9: =IF('Данные объект'!B3="","",'Данные объект'!B3)
A13: АКТ №1/ | G13: =IF('Данные объект'!B2="","",'Данные объект'!B2)
A14: входного контроля
A16: =IF('Данные объект'!B5="","",'Данные объект'!B5) | K16: =IF('Данные объект'!B6="","",'Данные объект'!B6)
A17: (место проведения) | K17: (дата)
A19: Нами, комиссией | C19: =IF('Данные объект'!B11="","",'Данные объект'!B11) | H19: =IF('Данные объект'!B43="","",'Данные объект'!B43)
C20: (организация, от которой сформирована комиссия)
A22: Председателя: . | C22: =IF('Данные объект'!C45="","",'Данные объект'!C45)
A23: (должность, организация, фамилия, имя, отчество)
A25: и членов комиссии:
C26: =IF('Данные объект'!C47="","",'Данные объект'!C47)
A27: (должность, организация, фамилия, имя, отчество)
C28: =IF('Данные объект'!C49="","",'Данные объект'!C49)
A29: (должность, организация, фамилия, имя, отчество)
C30: =IF('Данные объект'!B32="","",'Данные объект'!B32)
A31: (должность, организация, фамилия, имя, отчество)
A33: (должность, организация, фамилия, имя, отчество)
A34: руководствуясь, | C34: =IF('Данные объект'!B51="","",'Данные объект'!B51)
A35: (документ, устанавливающий требевания по организации и проведению входного контроля продукции)
A36: составила настоящий акт о выполненном входном контроле продукции для строительства.
A38: 1. К входному контролю представлена следующая продукция:
A39: Провод СИП2 3х70+1х70
A40: (наименование продукции)
A41: 1.1. Наименование, номер документа, удостоверяющего качество и НТД на продукцию:
K42: (изготовитель,
H43: НТД | I43: ГОСТ 31946-2012
A44: № документа и дата, № партии, дата изготовления) (ГОСТ, ТУ, чертеж КМД)
A45: 1.2. Кол-во: | E45: Кол-во партии:
A46: (штуки, объем, вес в ед. изм.) (штуки, объем, вес в ед. изм.)
A47: 1.3. Поставщик: | C47: ООО ТК "Норма-кабель" | F47: Договор
A48: (наименование организации) (реквизиты договора на поставку)
A49: 2. Подготовка продукции к контролю по НТД: | F49: выполнена
A50: (выполнена/не выполнена)
A51: 3. При входном контроле проведены следующие контрольные мероприятия:
A53: Количество, масса, объем проверенной продукции (в ед. изм.) | E53: Вид контроля (НТД) и дата сдачи образцов (проб) на контроль | G53: Приборы контроля | I53: № прибора и дата поверки прибора | K53: № и дата протокола контроля | L53: Заключение по контролю (годен/не годен)
A55: Визуальным осмотром | C55: Инструментальными и приборными методами
A58: 1 | C58: 2 | E58: 3 | G58: 4 | I58: 5 | K58: 6 | L58: 7
A59: =IF(C45="","",C45) | C59: - | E59: Визуальный | G59: - | I59: - | K59: - | L59: годен
A63: 4. В результате проведенного входного контроля представленной продукции установлено:
A64: а) Сопроводительные документы: | E64: соответствует
A65: (соответствуют/не соответствуют)
A66: б) Комплектность (в т.ч. ЗИП): | D66: соответствует
A67: (соответствует/не соответствует)
A68: в) Целостность и сохранность упаковки: | E68: соответствует
A69: (соответствует/не соответствует)
A70: г) Выполнение консервации: | D70: соответствует
A71: (соответствует/не соответствует)
A72: д) Наличие ЗАК/протокола КДО:
A73: (номер ЗАК или протокола КДО и дата выдачм/отсутствует)
A74: Проверенная продукция для последующего применения признана: | H74: пригодной
A75: (пригодной/непригодной)
A76: и допущена к применению при строительно-монтажных работах на объекте____________________________________________________________
A77: (допущена/не допущена) (указать последующее действие с пригодной продукцией)
A79: Продукция признана непригодной по следующим причинам:
A80: ­
A81: (указать причины отбраковки, документальные результаты контроля, протоколы испытания и прочие документы)
A84: непригодная продукия подлежит: | D84: -
A85: (указать последующее действие с непригодной продукцией)
A86: Председатель:
A87: =IF(C22="","",C22)
A88: (должность, организация, подпись, фамилия, имя, отчество)
A89: Члены комиссии:
A90: =IF(C26="","",C26)
A91: (должность, организация, подпись, фамилия, имя, отчество)
A92: =IF(C28="","",C28)
A93: (должность, организация, подпись, фамилия, имя, отчество)
A94: Присутствующие:
A95: =IF(C30="","",C30)
A96: (должность, организация, фамилия, имя, отчество)
A97: Особые отметки:

Sheet провод Пувг
K1: Приложение 1
F5: ФОРМА
I6: ГОДЕН
I7: (результат контроля продукции)
A8: Объект строительства:
A9: =IF('Данные объект'!B3="","",'Данные объект'!B3)
A13: АКТ № 6/ | G13: =IF('Провод СИП 3'!G13="","",'Провод СИП 3'!G13)
A14: входного контроля
A16: =IF('Провод СИП 3'!A16="","",'Провод СИП 3'!A16) | K16: ='Провод СИП 3'!K16:L16
A17: (место проведения) | K17: (дата)
A19: Нами, комиссией | C19: ='Провод СИП 3'!C19:G19 | H19: =IF('Данные объект'!B43="","",'Данные объект'!B43)
C20: (организация, от которой сформирована комиссия)
A22: Председателя: . | C22: =IF('Данные объект'!C45="","",'Данные объект'!C45)
A23: (должность, организация, фамилия, имя, отчество)
A25: и членов комиссии:
C26: =IF('Данные объект'!C47="","",'Данные объект'!C47)
A27: (должность, организация, фамилия, имя, отчество)
C28: =IF('Данные объект'!C49="","",'Данные объект'!C49)
A29: (должность, организация, фамилия, имя, отчество)
C30: =IF('Данные объект'!B32="","",'Данные объект'!B32)
A31: (должность, организация, фамилия, имя, отчество)
A32: руководствуясь, | C32: =IF('Данные объект'!B51="","",'Данные объект'!B51)
A33: (документ, устанавливающий требевания по организации и проведению входного контроля продукции)
A34: составила настоящий акт о выполненном входном контроле продукции для строительства.
A36: 1. К входному контролю представлена следующая продукция:
A37: Провод установочный с медной жилой на напряжение 380 В гибкий сечением 10 мм² ПуГВ 1х10
A38: (наименование продукции)
A39: 1.1. Наименование, номер документа, удостоверяющего качество и НТД на продукцию:
K40: (изготовитель,
H41: НТД | I41: ГОСТ 31947-2012
A42: № документа и дата, № партии, дата изготовления) (ГОСТ, ТУ, чертеж КМД)
A43: 1.2. Кол-во: | E43: Кол-во партии: | G43: =IF(C43="","",C43)
A44: (штуки, объем, вес в ед. изм.) (штуки, объем, вес в ед. изм.)
A45: 1.3. Поставщик: | F45: Договор
A46: (наименование организации) (реквизиты договора на поставку)
A47: 2. Подготовка продукции к контролю по НТД: | F47: выполнена
A48: (выполнена/не выполнена)
A49: 3. При входном контроле проведены следующие контрольные мероприятия:
A51: Количество, масса, объем проверенной продукции (в ед. изм.) | E51: Вид контроля (НТД) и дата сдачи образцов (проб) на контроль | G51: Приборы контроля | I51: № прибора и дата поверки прибора | K51: № и дата протокола контроля | L51: Заключение по контролю (годен/не годен)
A53: Визуальным осмотром | C53: Инструментальными и приборными методами
A56: 1 | C56: 2 | E56: 3 | G56: 4 | I56: 5 | K56: 6 | L56: 7
A57: =IF(C43="","",C43) | C57: - | E57: Визуальный | G57: - | I57: - | K57: - | L57: годен
A59: 4. В результате проведенного входного контроля представленной продукции установлено:
A60: а) Сопроводительные документы: | E60: соответствует
A61: (соответствуют/не соответствуют)
A62: б) Комплектность (в т.ч. ЗИП): | D62: соответствует
A63: (соответствует/не соответствует)
A64: в) Целостность и сохранность упаковки: | E64: соответствует
A65: (соответствует/не соответствует)
A66: г) Выполнение консервации: | D66: соответствует
A67: (соответствует/не соответствует)
A68: д) Наличие ЗАК/протокола КДО: | D68: -
A69: (номер ЗАК или протокола КДО и дата выдачм/отсутствует)
A70: Проверенная продукция для последующего применения признана: | H70: пригодной
A71: (пригодной/непригодной)
A72: и допущена к применению при строительно-монтажных работах на объекте____________________________________________________________
A73: (допущена/не допущена) (указать последующее действие с пригодной продукцией)
A75: Продукция признана непригодной по следующим причинам:
A76: ­
A77: (указать причины отбраковки, документальные результаты контроля, протоколы испытания и прочие документы)
A80: непригодная продукия подлежит: | D80: -
A81: (указать последующее действие с непригодной продукцией)
A82: Председатель:
A83: =IF(C22="","",C22)
A84: (должность, организация, подпись, фамилия, имя, отчество)
A85: Члены комиссии:
A86: =IF(C26="","",C26)
A87: (должность, организация, подпись, фамилия, имя, отчество)
A88: =IF(C28="","",C28)
A89: (должность, организация, подпись, фамилия, имя, отчество)
A90: Присутствующие:
A91: =IF(C30="","",C30)
A92: (должность, организация, фамилия, имя, отчество)
A93: Особые отметки:

Sheet провод ПВС
K1: Приложение 1
F5: ФОРМА
I6: ГОДЕН
I7: (результат контроля продукции)
A8: Объект строительства:
A9: ='Провод СИП 3'!A9:L9
A13: АКТ № 0/ | G13: =IF('Провод СИП 3'!G13="","",'Провод СИП 3'!G13)
A14: входного контроля
A16: =IF('Данные объект'!B5="","",'Данные объект'!B5) | K16: ='Провод СИП 3'!K16:L16
A17: (место проведения) | K17: (дата)
A19: Нами, комиссией | C19: ='Провод СИП 3'!C19:G19 | H19: =IF('Данные объект'!B43="","",'Данные объект'!B43)
C20: (организация, от которой сформирована комиссия)
A22: Председателя: . | C22: =IF('Данные объект'!C45="","",'Данные объект'!C45)
A23: (должность, организация, фамилия, имя, отчество)
A25: и членов комиссии:
C26: =IF('Данные объект'!C47="","",'Данные объект'!C47)
A27: (должность, организация, фамилия, имя, отчество)
C28: =IF('Данные объект'!C49="","",'Данные объект'!C49)
A29: (должность, организация, фамилия, имя, отчество)
C30: =IF('Данные объект'!B32="","",'Данные объект'!B32)
A31: (должность, организация, фамилия, имя, отчество)
A32: руководствуясь, | C32: =IF('Данные объект'!B51="","",'Данные объект'!B51)
A33: (документ, устанавливающий требевания по организации и проведению входного контроля продукции)
A34: составила настоящий акт о выполненном входном контроле продукции для строительства.
A36: 1. К входному контролю представлена следующая продукция:
A37: Провод с резиновой изоляцией ПВС 2х2,5
A38: (наименование продукции)
A39: 1.1. Наименование, номер документа, удостоверяющего качество и НТД на продукцию:
K40: (изготовитель,
H41: НТД | I41: ГОСТ 7399-97
A42: № документа и дата, № партии, дата изготовления) (ГОСТ, ТУ, чертеж КМД)
A43: 1.2. Кол-во: | E43: Кол-во партии: | G43: =IF(C43="","",C43)
A44: (штуки, объем, вес в ед. изм.) (штуки, объем, вес в ед. изм.)
A45: 1.3. Поставщик: | F45: Договор
A46: (наименование организации) (реквизиты договора на поставку)
A47: 2. Подготовка продукции к контролю по НТД: | F47: выполнена
A48: (выполнена/не выполнена)
A49: 3. При входном контроле проведены следующие контрольные мероприятия:
A51: Количество, масса, объем проверенной продукции (в ед. изм.) | E51: Вид контроля (НТД) и дата сдачи образцов (проб) на контроль | G51: Приборы контроля | I51: № прибора и дата поверки прибора | K51: № и дата протокола контроля | L51: Заключение по контролю (годен/не годен)
A53: Визуальным осмотром | C53: Инструментальными и приборными методами
A56: 1 | C56: 2 | E56: 3 | G56: 4 | I56: 5 | K56: 6 | L56: 7
A57: =IF(C43="","",C43) | C57: - | E57: Визуальный | G57: - | I57: - | K57: - | L57: годен
A59: 4. В результате проведенного входного контроля представленной продукции установлено:
A60: а) Сопроводительные документы: | E60: соответствует
A61: (соответствуют/не соответствуют)
A62: б) Комплектность (в т.ч. ЗИП): | D62: соответствует
A63: (соответствует/не соответствует)
A64: в) Целостность и сохранность упаковки: | E64: соответствует
A65: (соответствует/не соответствует)
A66: г) Выполнение консервации: | D66: соответствует
A67: (соответствует/не соответствует)
A68: д) Наличие ЗАК/протокола КДО: | D68: -
A69: (номер ЗАК или протокола КДО и дата выдачм/отсутствует)
A70: Проверенная продукция для последующего применения признана: | H70: пригодной
A71: (пригодной/непригодной)
A72: и допущена к применению при строительно-монтажных работах на объекте____________________________________________________________
A73: (допущена/не допущена) (указать последующее действие с пригодной продукцией)
A75: Продукция признана непригодной по следующим причинам:
A76: ­
A77: (указать причины отбраковки, документальные результаты контроля, протоколы испытания и прочие документы)
A80: непригодная продукия подлежит: | D80: -
A81: (указать последующее действие с непригодной продукцией)
A82: Председатель:
A83: =IF(C22="","",C22)
A84: (должность, организация, подпись, фамилия, имя, отчество)
A85: Члены комиссии:
A86: =IF(C26="","",C26)
A87: (должность, организация, подпись, фамилия, имя, отчество)
A88: =IF(C28="","",C28)
A89: (должность, организация, подпись, фамилия, имя, отчество)
A90: Присутствующие:
A91: =IF(C30="","",C30)
A92: (должность, организация, фамилия, имя, отчество)
A93: Особые отметки:

Sheet каб.АСБ
K1: Приложение 1
F5: ФОРМА
I6: ГОДЕН
I7: (результат контроля продукции)
A8: Объект строительства:
A9: ='Провод СИП 3'!A9:L9
A13: АКТ № 10/ | G13: =IF('Провод СИП 3'!G13="","",'Провод СИП 3'!G13)
A14: входного контроля
A16: =IF('Провод СИП 3'!A16="","",'Провод СИП 3'!A16) | K16: ='Провод СИП 3'!K16:L16
A17: (место проведения) | K17: (дата)
A19: Нами, комиссией | C19: ='Провод СИП 3'!C19:G19 | H19: =IF('Данные объект'!B43="","",'Данные объект'!B43)
C20: (организация, от которой сформирована комиссия)
A22: Председателя: . | C22: =IF('Данные объект'!C45="","",'Данные объект'!C45)
A23: (должность, организация, фамилия, имя, отчество)
A25: и членов комиссии:
C26: =IF('Данные объект'!C47="","",'Данные объект'!C47)
A27: (должность, организация, фамилия, имя, отчество)
C28: =IF('Данные объект'!C49="","",'Данные объект'!C49)
A29: (должность, организация, фамилия, имя, отчество)
C30: =IF('Данные объект'!B32="","",'Данные объект'!B32)
A31: (должность, организация, фамилия, имя, отчество)
A32: руководствуясь, | C32: =IF('Данные объект'!B51="","",'Данные объект'!B51)
A33: (документ, устанавливающий требевания по организации и проведению входного контроля продукции)
A34: составила настоящий акт о выполненном входном контроле продукции для строительства.
A36: 1. К входному контролю представлена следующая продукция:
A37: Кабель АСБл-10 3х120
A38: (наименование продукции)
A39: 1.1. Наименование, номер документа, удостоверяющего качество и НТД на продукцию:
K40: (изготовитель,
H41: НТД | I41: ГОСТ 18410-73
A42: № документа и дата, № партии, дата изготовления) (ГОСТ, ТУ, чертеж КМД)
A43: 1.2. Кол-во: | E43: Кол-во партии:
A44: (штуки, объем, вес в ед. изм.) (штуки, объем, вес в ед. изм.)
A45: 1.3. Поставщик: | F45: Договор
A46: (наименование организации) (реквизиты договора на поставку)
A47: 2. Подготовка продукции к контролю по НТД: | F47: выполнена
A48: (выполнена/не выполнена)
A49: 3. При входном контроле проведены следующие контрольные мероприятия:
A51: Количество, масса, объем проверенной продукции (в ед. изм.) | E51: Вид контроля (НТД) и дата сдачи образцов (проб) на контроль | G51: Приборы контроля | I51: № прибора и дата поверки прибора | K51: № и дата протокола контроля | L51: Заключение по контролю (годен/не годен)
A53: Визуальным осмотром | C53: Инструментальными и приборными методами
A56: 1 | C56: 2 | E56: 3 | G56: 4 | I56: 5 | K56: 6 | L56: 7
A57: =IF(C43="","",C43) | C57: - | E57: Визуальный | G57: - | I57: - | K57: - | L57: годен
A59: 4. В результате проведенного входного контроля представленной продукции установлено:
A60: а) Сопроводительные документы: | E60: соответствует
A61: (соответствуют/не соответствуют)
A62: б) Комплектность (в т.ч. ЗИП): | D62: соответствует
A63: (соответствует/не соответствует)
A64: в) Целостность и сохранность упаковки: | E64: соответствует
A65: (соответствует/не соответствует)
A66: г) Выполнение консервации: | D66: соответствует
A67: (соответствует/не соответствует)
A68: д) Наличие ЗАК/протокола КДО: | D68: -
A69: (номер ЗАК или протокола КДО и дата выдачм/отсутствует)
A70: Проверенная продукция для последующего применения признана: | H70: пригодной
A71: (пригодной/непригодной)
A72: и допущена к применению при строительно-монтажных работах на объекте____________________________________________________________
A73: (допущена/не допущена) (указать последующее действие с пригодной продукцией)
A75: Продукция признана непригодной по следующим причинам:
A76: ­
A77: (указать причины отбраковки, документальные результаты контроля, протоколы испытания и прочие документы)
A80: непригодная продукия подлежит: | D80: -
A81: (указать последующее действие с непригодной продукцией)
A82: Председатель:
A83: =IF(C22="","",C22)
A84: (должность, организация, подпись, фамилия, имя, отчество)
A85: Члены комиссии:
A86: =IF(C26="","",C26)
A87: (должность, организация, подпись, фамилия, имя, отчество)
A88: =IF(C28="","",C28)
A89: (должность, организация, подпись, фамилия, имя, отчество)
A90: Присутствующие:
A91: =IF(C30="","",C30)
A92: (должность, организация, фамилия, имя, отчество)
A93: Особые отметки:

Sheet АВБшв
K1: Приложение 1
F5: ФОРМА
I6: ГОДЕН
I7: (результат контроля продукции)
A8: Объект строительства:
A9: ='Провод СИП 3'!A9:L9
A13: АКТ № 7/ | G13: =IF('Провод СИП 3'!G13="","",'Провод СИП 3'!G13)
A14: входного контроля
A16: =IF('Данные объект'!B5="","",'Данные объект'!B5) | K16: ='Провод СИП 3'!K16:L16
A17: (место проведения) | K17: (дата)
A19: Нами, комиссией | C19: ='Провод СИП 3'!C19:G19 | H19: =IF('Данные объект'!B43="","",'Данные объект'!B43)
C20: (организация, от которой сформирована комиссия)
A22: Председателя: . | C22: =IF('Данные объект'!C45="","",'Данные объект'!C45)
A23: (должность, организация, фамилия, имя, отчество)
A25: и членов комиссии:
C26: =IF('Данные объект'!C47="","",'Данные объект'!C47)
A27: (должность, организация, фамилия, имя, отчество)
C28: =IF('Данные объект'!C49="","",'Данные объект'!C49)
A29: (должность, организация, фамилия, имя, отчество)
C30: =IF('Данные объект'!B32="","",'Данные объект'!B32)
A31: (должность, организация, фамилия, имя, отчество)
A32: руководствуясь, | C32: =IF('Данные объект'!B51="","",'Данные объект'!B51)
A33: (документ, устанавливающий требевания по организации и проведению входного контроля продукции)
A34: составила настоящий акт о выполненном входном контроле продукции для строительства.
A36: 1. К входному контролю представлена следующая продукция:
A37: Кабель алюминиевый АВБбШв- 4х150 мм2
A38: (наименование продукции)
A39: 1.1. Наименование, номер документа, удостоверяющего качество и НТД на продукцию:
K40: (изготовитель,
H41: НТД | I41: ГОСТ 31996-2012
A42: № документа и дата, № партии, дата изготовления) (ГОСТ, ТУ, чертеж КМД)
A43: 1.2. Кол-во: | E43: Кол-во партии:
A44: (штуки, объем, вес в ед. изм.) (штуки, объем, вес в ед. изм.)
A45: 1.3. Поставщик: | F45: Договор
A46: (наименование организации) (реквизиты договора на поставку)
A47: 2. Подготовка продукции к контролю по НТД: | F47: выполнена
A48: (выполнена/не выполнена)
A49: 3. При входном контроле проведены следующие контрольные мероприятия:
A51: Количество, масса, объем проверенной продукции (в ед. изм.) | E51: Вид контроля (НТД) и дата сдачи образцов (проб) на контроль | G51: Приборы контроля | I51: № прибора и дата поверки прибора | K51: № и дата протокола контроля | L51: Заключение по контролю (годен/не годен)
A53: Визуальным осмотром | C53: Инструментальными и приборными методами
A56: 1 | C56: 2 | E56: 3 | G56: 4 | I56: 5 | K56: 6 | L56: 7
A57: 4х150 - 129м | C57: - | E57: Визуальный | G57: - | I57: - | K57: - | L57: годен
A59: 4. В результате проведенного входного контроля представленной продукции установлено:
A60: а) Сопроводительные документы: | E60: соответствует
A61: (соответствуют/не соответствуют)
A62: б) Комплектность (в т.ч. ЗИП): | D62: соответствует
A63: (соответствует/не соответствует)
A64: в) Целостность и сохранность упаковки: | E64: соответствует
A65: (соответствует/не соответствует)
A66: г) Выполнение консервации: | D66: соответствует
A67: (соответствует/не соответствует)
A68: д) Наличие ЗАК/протокола КДО:
A69: (номер ЗАК или протокола КДО и дата выдачм/отсутствует)
A70: Проверенная продукция для последующего применения признана: | H70: пригодной
A71: (пригодной/непригодной)
A72: и допущена к применению при строительно-монтажных работах на объекте____________________________________________________________
A73: (допущена/не допущена) (указать последующее действие с пригодной продукцией)
A75: Продукция признана непригодной по следующим причинам:
A76: ­
A77: (указать причины отбраковки, документальные результаты контроля, протоколы испытания и прочие документы)
A80: непригодная продукия подлежит: | D80: -
A81: (указать последующее действие с непригодной продукцией)
A82: Председатель:
A83: =IF(C22="","",C22)
A84: (должность, организация, подпись, фамилия, имя, отчество)
A85: Члены комиссии:
A86: =IF(C26="","",C26)
A87: (должность, организация, подпись, фамилия, имя, отчество)
A88: =IF(C28="","",C28)
A89: (должность, организация, подпись, фамилия, имя, отчество)
A90: Присутствующие:
A91: =IF(C30="","",C30)
A92: (должность, организация, фамилия, имя, отчество)
A93: Особые отметки:

Sheet КВВГ
K1: Приложение 1
F5: ФОРМА
I6: ГОДЕН
I7: (результат контроля продукции)
A8: Объект строительства:
A9: ='Провод СИП 3'!A9:L9
A13: АКТ № 0/ | G13: =IF('Провод СИП 3'!G13="","",'Провод СИП 3'!G13)
A14: входного контроля
A16: =IF('Данные объект'!B5="","",'Данные объект'!B5) | K16: ='Провод СИП 3'!K16:L16
A17: (место проведения) | K17: (дата)
A19: Нами, комиссией | C19: ='Провод СИП 3'!C19:G19 | H19: =IF('Данные объект'!B43="","",'Данные объект'!B43)
C20: (организация, от которой сформирована комиссия)
A22: Председателя: . | C22: =IF('Данные объект'!C45="","",'Данные объект'!C45)
A23: (должность, организация, фамилия, имя, отчество)
A25: и членов комиссии:
C26: =IF('Данные объект'!C47="","",'Данные объект'!C47)
A27: (должность, организация, фамилия, имя, отчество)
C28: =IF('Данные объект'!C49="","",'Данные объект'!C49)
A29: (должность, организация, фамилия, имя, отчество)
C30: =IF('Данные объект'!B32="","",'Данные объект'!B32)
A31: (должность, организация, фамилия, имя, отчество)
A32: руководствуясь, | C32: =IF('Данные объект'!B51="","",'Данные объект'!B51)
A33: (документ, устанавливающий требевания по организации и проведению входного контроля продукции)
A34: составила настоящий акт о выполненном входном контроле продукции для строительства.
A36: 1. К входному контролю представлена следующая продукция:
A37: Кабель контрольный КВВГнг 10х2,5
A38: (наименование продукции)
A39: 1.1. Наименование, номер документа, удостоверяющего качество и НТД на продукцию:
K40: (изготовитель,
H41: НТД | I41: ТУ 16.К71-310-2001
A42: № документа и дата, № партии, дата изготовления) (ГОСТ, ТУ, чертеж КМД)
A43: 1.2. Кол-во: | E43: Кол-во партии: | G43: =IF(C43="","",C43)
A44: (штуки, объем, вес в ед. изм.) (штуки, объем, вес в ед. изм.)
A45: 1.3. Поставщик: | F45: Договор
A46: (наименование организации) (реквизиты договора на поставку)
A47: 2. Подготовка продукции к контролю по НТД: | F47: выполнена
A48: (выполнена/не выполнена)
A49: 3. При входном контроле проведены следующие контрольные мероприятия:
A51: Количество, масса, объем проверенной продукции (в ед. изм.) | E51: Вид контроля (НТД) и дата сдачи образцов (проб) на контроль | G51: Приборы контроля | I51: № прибора и дата поверки прибора | K51: № и дата протокола контроля | L51: Заключение по контролю (годен/не годен)
A53: Визуальным осмотром | C53: Инструментальными и приборными методами
A56: 1 | C56: 2 | E56: 3 | G56: 4 | I56: 5 | K56: 6 | L56: 7
A57: =IF(C43="","",C43) | C57: - | E57: Визуальный | G57: - | I57: - | K57: - | L57: годен
A59: 4. В результате проведенного входного контроля представленной продукции установлено:
A60: а) Сопроводительные документы: | E60: соответствует
A61: (соответствуют/не соответствуют)
A62: б) Комплектность (в т.ч. ЗИП): | D62: соответствует
A63: (соответствует/не соответствует)
A64: в) Целостность и сохранность упаковки: | E64: соответствует
A65: (соответствует/не соответствует)
A66: г) Выполнение консервации: | D66: соответствует
A67: (соответствует/не соответствует)
A68: д) Наличие ЗАК/протокола КДО:
A69: (номер ЗАК или протокола КДО и дата выдачм/отсутствует)
A70: Проверенная продукция для последующего применения признана: | H70: пригодной
A71: (пригодной/непригодной)
A72: и допущена к применению при строительно-монтажных работах на объекте____________________________________________________________
A73: (допущена/не допущена) (указать последующее действие с пригодной продукцией)
A75: Продукция признана непригодной по следующим причинам:
A76: ­
A77: (указать причины отбраковки, документальные результаты контроля, протоколы испытания и прочие документы)
A80: непригодная продукия подлежит: | D80: -
A81: (указать последующее действие с непригодной продукцией)
A82: Председатель:
A83: =IF(C22="","",C22)
A84: (должность, организация, подпись, фамилия, имя, отчество)
A85: Члены комиссии:
A86: =IF(C26="","",C26)
A87: (должность, организация, подпись, фамилия, имя, отчество)
A88: =IF(C28="","",C28)
A89: (должность, организация, подпись, фамилия, имя, отчество)
A90: Присутствующие:
A91: =IF(C30="","",C30)
A92: (должность, организация, фамилия, имя, отчество)
A93: Особые отметки:

Sheet  фунд.КТП
K1: Приложение 1
F5: ФОРМА
I6: ГОДЕН
I7: (результат контроля продукции)
A8: Объект строительства:
A9: ='Провод СИП 3'!A9:L9
A13: АКТ № 11/ | G13: =IF('Провод СИП 3'!G13="","",'Провод СИП 3'!G13)
A14: входного контроля
A16: =IF('Данные объект'!B5="","",'Данные объект'!B5) | K16: ='Провод СИП 3'!K16:L16
A17: (место проведения) | K17: (дата)
A19: Нами, комиссией | C19: =IF('Данные объект'!B11="","",'Данные объект'!B11) | H19: =IF('Данные объект'!B43="","",'Данные объект'!B43)
C20: (организация, от которой сформирована комиссия)
A22: Председателя: . | C22: =IF('Данные объект'!C45="","",'Данные объект'!C45)
A23: (должность, организация, фамилия, имя, отчество)
A25: и членов комиссии:
C26: =IF('Данные объект'!C47="","",'Данные объект'!C47)
A27: (должность, организация, фамилия, имя, отчество)
C28: =IF('Данные объект'!C49="","",'Данные объект'!C49)
A29: (должность, организация, фамилия, имя, отчество)
C30: =IF('Данные объект'!B32="","",'Данные объект'!B32)
A31: (должность, организация, фамилия, имя, отчество)
A32: руководствуясь, | C32: =IF('Данные объект'!B51="","",'Данные объект'!B51)
A33: (документ, устанавливающий требевания по организации и проведению входного контроля продукции)
A34: составила настоящий акт о выполненном входном контроле продукции для строительства.
A36: 1. К входному контролю представлена следующая продукция:
A37: Фундаментные блоки ФБС 24.4.6-Т;
A38: (наименование продукции)
A39: 1.1. Наименование, номер документа, удостоверяющего качество и НТД на продукцию:
K40: (изготовитель,
H41: НТД | I41: ГОСТ 13579-78
A42: № документа и дата, № партии, дата изготовления) (ГОСТ, ТУ, чертеж КМД)
A43: 1.2. Кол-во: | E43: Кол-во партии: | G43: =IF(C43="","",C43)
A44: (штуки, объем, вес в ед. изм.) (штуки, объем, вес в ед. изм.)
A45: 1.3. Поставщик: | F45: Договор
A46: (наименование организации) (реквизиты договора на поставку)
A47: 2. Подготовка продукции к контролю по НТД: | F47: выполнена
A48: (выполнена/не выполнена)
A49: 3. При входном контроле проведены следующие контрольные мероприятия:
A51: Количество, масса, объем проверенной продукции (в ед. изм.) | E51: Вид контроля (НТД) и дата сдачи образцов (проб) на контроль | G51: Приборы контроля | I51: № прибора и дата поверки прибора | K51: № и дата протокола контроля | L51: Заключение по контролю (годен/не годен)
A53: Визуальным осмотром | C53: Инструментальными и приборными методами
A56: 1 | C56: 2 | E56: 3 | G56: 4 | I56: 5 | K56: 6 | L56: 7
A57: =IF(C43="","",C43) | C57: - | E57: Визуальный | G57: - | I57: - | K57: - | L57: годен
A59: 4. В результате проведенного входного контроля представленной продукции установлено:
A60: а) Сопроводительные документы: | E60: соответствует
A61: (соответствуют/не соответствуют)
A62: б) Комплектность (в т.ч. ЗИП): | D62: соответствует
A63: (соответствует/не соответствует)
A64: в) Целостность и сохранность упаковки: | E64: соответствует
A65: (соответствует/не соответствует)
A66: г) Выполнение консервации: | D66: соответствует
A67: (соответствует/не соответствует)
A68: д) Наличие ЗАК/протокола КДО: | D68: -
A69: (номер ЗАК или протокола КДО и дата выдачм/отсутствует)
A70: Проверенная продукция для последующего применения признана: | H70: пригодной
A71: (пригодной/непригодной)
A72: и допущена к применению при строительно-монтажных работах на объекте____________________________________________________________
A73: (допущена/не допущена) (указать последующее действие с пригодной продукцией)
A75: Продукция признана непригодной по следующим причинам:
A76: ­
A77: (указать причины отбраковки, документальные результаты контроля, протоколы испытания и прочие документы)
A78: непригодная продукия подлежит: | D78: -
A79: (указать последующее действие с непригодной продукцией)
A80: Председатель:
A81: =IF(C22="","",C22)
A82: (должность, организация, подпись, фамилия, имя, отчество)
A83: Члены комиссии:
A84: =IF(C26="","",C26)
A85: (должность, организация, подпись, фамилия, имя, отчество)
A86: =IF(C28="","",C28)
A87: (должность, организация, подпись, фамилия, имя, отчество)
A88: Присутствующие:
A89: =IF(C30="","",C30)
A90: (должность, организация, фамилия, имя, отчество)
A91: Особые отметки:

Sheet труба
K1: Приложение 1
F5: ФОРМА
I6: ГОДЕН
I7: (результат контроля продукции)
A8: Объект строительства:
A9: ='Провод СИП 3'!A9:L9
A13: АКТ № 8/ | G13: =IF('Провод СИП 3'!G13="","",'Провод СИП 3'!G13)
A14: входного контроля
A16: =IF('Данные объект'!B5="","",'Данные объект'!B5) | K16: ='Провод СИП 3'!K16:L16
A17: (место проведения) | K17: (дата)
A19: Нами, комиссией | C19: ='Провод СИП 3'!C19:G19 | H19: =IF('Данные объект'!B43="","",'Данные объект'!B43)
C20: (организация, от которой сформирована комиссия)
A22: Председателя: . | C22: =IF('Данные объект'!C45="","",'Данные объект'!C45)
A23: (должность, организация, фамилия, имя, отчество)
A25: и членов комиссии:
C26: =IF('Данные объект'!C47="","",'Данные объект'!C47)
A27: (должность, организация, фамилия, имя, отчество)
C28: =IF('Данные объект'!C49="","",'Данные объект'!C49)
A29: (должность, организация, фамилия, имя, отчество)
C30: =IF('Данные объект'!B32="","",'Данные объект'!B32)
A31: (должность, организация, фамилия, имя, отчество)
A33: (должность, организация, фамилия, имя, отчество)
A34: руководствуясь, | C34: =IF('Данные объект'!B51="","",'Данные объект'!B51)
A35: (документ, устанавливающий требевания по организации и проведению входного контроля продукции)
A36: составила настоящий акт о выполненном входном контроле продукции для строительства.
A38: 1. К входному контролю представлена следующая продукция:
A39: Труба профильная 80х80х3
A40: (наименование продукции)
A41: 1.1. Наименование, номер документа, удостоверяющего качество и НТД на продукцию:
K42: (изготовитель,
H43: НТД | I43: ГОСТ 8639-82
A44: № документа и дата, № партии, дата изготовления) (ГОСТ, ТУ, чертеж КМД)
A45: 1.2. Кол-во: | E45: Кол-во партии: | G45: =IF(C45="","",C45)
A46: (штуки, объем, вес в ед. изм.) (штуки, объем, вес в ед. изм.)
A47: 1.3. Поставщик: | F47: Договор
A48: (наименование организации) (реквизиты договора на поставку)
A49: 2. Подготовка продукции к контролю по НТД: | F49: выполнена
A50: (выполнена/не выполнена)
A51: 3. При входном контроле проведены следующие контрольные мероприятия:
A53: Количество, масса, объем проверенной продукции (в ед. изм.) | E53: Вид контроля (НТД) и дата сдачи образцов (проб) на контроль | G53: Приборы контроля | I53: № прибора и дата поверки прибора | K53: № и дата протокола контроля | L53: Заключение по контролю (годен/не годен)
A55: Визуальным осмотром | C55: Инструментальными и приборными методами
A58: 1 | C58: 2 | E58: 3 | G58: 4 | I58: 5 | K58: 6 | L58: 7
A59: =IF(C45="","",C45) | C59: - | E59: Визуальный | G59: - | I59: - | K59: - | L59: годен
A61: 4. В результате проведенного входного контроля представленной продукции установлено:
A62: а) Сопроводительные документы: | E62: соответствует
A63: (соответствуют/не соответствуют)
A64: б) Комплектность (в т.ч. ЗИП): | D64: соответствует
A65: (соответствует/не соответствует)
A66: в) Целостность и сохранность упаковки: | E66: соответствует
A67: (соответствует/не соответствует)
A68: г) Выполнение консервации: | D68: соответствует
A69: (соответствует/не соответствует)
A70: д) Наличие ЗАК/протокола КДО: | D70: -
A71: (номер ЗАК или протокола КДО и дата выдачм/отсутствует)
A72: Проверенная продукция для последующего применения признана: | H72: пригодной
A73: (пригодной/непригодной)
A74: и допущена к применению при строительно-монтажных работах на объекте____________________________________________________________
A75: (допущена/не допущена) (указать последующее действие с пригодной продукцией)
A77: Продукция признана непригодной по следующим причинам:
A78: ­
A79: (указать причины отбраковки, документальные результаты контроля, протоколы испытания и прочие документы)
A82: непригодная продукия подлежит: | D82: -
A83: (указать последующее действие с непригодной продукцией)
A84: Председатель:
A85: =IF(C22="","",C22)
A86: (должность, организация, подпись, фамилия, имя, отчество)
A87: Члены комиссии:
A88: =IF(C26="","",C26)
A89: (должность, организация, подпись, фамилия, имя, отчество)
A90: =IF(C28="","",C28)
A91: (должность, организация, подпись, фамилия, имя, отчество)
A92: Присутствующие:
A93: =IF(C30="","",C30)
A94: (должность, организация, фамилия, имя, отчество)
A95: Особые отметки:

Sheet песок
K1: Приложение 1
F5: ФОРМА
I6: ГОДЕН
I7: (результат контроля продукции)
A8: Объект строительства:
A9: =IF('Данные объект'!B3="","",'Данные объект'!B3)
A13: АКТ № 8/ | G13: =IF('Данные объект'!B2="","",'Данные объект'!B2)
A14: входного контроля
A16: =IF('Данные объект'!B5="","",'Данные объект'!B5) | K16: ='Провод СИП 3'!K16:L16
A17: (место проведения) | K17: (дата)
A19: Нами, комиссией | C19: ='Провод СИП 3'!C19:G19 | H19: =IF('Данные объект'!B43="","",'Данные объект'!B43)
C20: (организация, от которой сформирована комиссия)
A22: Председателя: . | C22: =IF('Данные объект'!C45="","",'Данные объект'!C45)
A23: (должность, организация, фамилия, имя, отчество)
A25: и членов комиссии:
C26: =IF('Данные объект'!C47="","",'Данные объект'!C47)
A27: (должность, организация, фамилия, имя, отчество)
C28: =IF('Данные объект'!C49="","",'Данные объект'!C49)
A29: (должность, организация, фамилия, имя, отчество)
C30: =IF('Данные объект'!B32="","",'Данные объект'!B32)
A31: (должность, организация, фамилия, имя, отчество)
A33: (должность, организация, фамилия, имя, отчество)
A34: руководствуясь, | C34: =IF('Данные объект'!B51="","",'Данные объект'!B51)
A35: (документ, устанавливающий требевания по организации и проведению входного контроля продукции)
A36: составила настоящий акт о выполненном входном контроле продукции для строительства.
A38: 1. К входному контролю представлена следующая продукция:
A39: Песок для строительных работ фракционированный, средний 1 класс
A40: (наименование продукции)
A41: 1.1. Наименование, номер документа, удостоверяющего качество и НТД на продукцию:
K42: (изготовитель,
A43: Паспорт б/н | H43: НТД | I43: ГОСТ 8639-82
A44: № документа и дата, № партии, дата изготовления) (ГОСТ, ТУ, чертеж КМД)
A45: 1.2. Кол-во: | E45: Кол-во партии: | G45: -
A46: (штуки, объем, вес в ед. изм.) (штуки, объем, вес в ед. изм.)
A47: 1.3. Поставщик: | F47: Договор
A48: (наименование организации) (реквизиты договора на поставку)
A49: 2. Подготовка продукции к контролю по НТД: | F49: выполнена
A50: (выполнена/не выполнена)
A51: 3. При входном контроле проведены следующие контрольные мероприятия:
A53: Количество, масса, объем проверенной продукции (в ед. изм.) | E53: Вид контроля (НТД) и дата сдачи образцов (проб) на контроль | G53: Приборы контроля | I53: № прибора и дата поверки прибора | K53: № и дата протокола контроля | L53: Заключение по контролю (годен/не годен)
A55: Визуальным осмотром | C55: Инструментальными и приборными методами
A58: 1 | C58: 2 | E58: 3 | G58: 4 | I58: 5 | K58: 6 | L58: 7
A59: =IF(C45="","",C45) | C59: - | E59: Визуальный | G59: - | I59: - | K59: - | L59: годен
A61: 4. В результате проведенного входного контроля представленной продукции установлено:
A62: а) Сопроводительные документы: | E62: соответствует
A63: (соответствуют/не соответствуют)
A64: б) Комплектность (в т.ч. ЗИП): | D64: соответствует
A65: (соответствует/не соответствует)
A66: в) Целостность и сохранность упаковки: | E66: соответствует
A67: (соответствует/не соответствует)
A68: г) Выполнение консервации: | D68: соответствует
A69: (соответствует/не соответствует)
A70: д) Наличие ЗАК/протокола КДО: | D70: -
A71: (номер ЗАК или протокола КДО и дата выдачм/отсутствует)
A72: Проверенная продукция для последующего применения признана: | H72: пригодной
A73: (пригодной/непригодной)
A74: и допущена к применению при строительно-монтажных работах на объекте____________________________________________________________
A75: (допущена/не допущена) (указать последующее действие с пригодной продукцией)
A77: Продукция признана непригодной по следующим причинам:
A78: ­
A79: (указать причины отбраковки, документальные результаты контроля, протоколы испытания и прочие документы)
A82: непригодная продукия подлежит: | D82: -
A83: (указать последующее действие с непригодной продукцией)
A84: Председатель:
A85: =IF(C22="","",C22)
A86: (должность, организация, подпись, фамилия, имя, отчество)
A87: Члены комиссии:
A88: =IF(C26="","",C26)
A89: (должность, организация, подпись, фамилия, имя, отчество)
A90: =IF(C28="","",C28)
A91: (должность, организация, подпись, фамилия, имя, отчество)
A92: Присутствующие:
A93: =IF(C30="","",C30)
A94: (должность, организация, фамилия, имя, отчество)
A95: Особые отметки:

Sheet краска
I1: ГОДЕН
I2: (результат контроля продукции)
A3: Объект строительства:
A4: =IF('Данные объект'!B3="","",'Данные объект'!B3)
A8: АКТ № 6/ | G8: =IF('Данные объект'!B2="","",'Данные объект'!B2)
A9: входного контроля
A11: =IF('Данные объект'!B5="","",'Данные объект'!B5)
A12: (место проведения) | K12: (дата)
A14: Нами, комиссией | C14: =IF('Данные объект'!B11="","",'Данные объект'!B11)
C15: (организация, от которой сформирована комиссия)
A17: Председателя: . | C17: =IF('Данные объект'!C45="","",'Данные объект'!C45)
A18: (должность, организация, фамилия, имя, отчество)
A20: и членов комиссии:
C21: =IF('Данные объект'!C47="","",'Данные объект'!C47)
A22: (должность, организация, фамилия, имя, отчество)
C23: =IF('Данные объект'!C49="","",'Данные объект'!C49)
A24: (должность, организация, фамилия, имя, отчество)
A26: (должность, организация, фамилия, имя, отчество)
C27: =IF('Данные объект'!B32="","",'Данные объект'!B32)
A28: (должность, организация, фамилия, имя, отчество)
A29: руководствуясь, | C29: =IF('Данные объект'!B51="","",'Данные объект'!B51)
A30: (документ, устанавливающий требевания по организации и проведению входного контроля продукции)
A31: составила настоящий акт о выполненном входном контроле продукции для строительства.
A33: 1. К входному контролю представлена следующая продукция:
A34: Краска ПФ 115
A35: (наименование продукции)
A36: 1.1. Наименование, номер документа, удостоверяющего качество и НТД на продукцию:
K37: (изготовитель,
H38: НТД | I38: ГОСТ 6465-2023
A39: № документа и дата, № партии, дата изготовления) (ГОСТ, ТУ, чертеж КМД)
A40: 1.2. Кол-во: | E40: Кол-во партии:
A41: (штуки, объем, вес в ед. изм.) (штуки, объем, вес в ед. изм.)
A42: 1.3. Поставщик: | F42: Договор | G42: №2911/22-1
A43: (наименование организации) (реквизиты договора на поставку)
A44: 2. Подготовка продукции к контролю по НТД: | F44: выполнена
A45: (выполнена/не выполнена)
A46: 3. При входном контроле проведены следующие контрольные мероприятия:
A48: Количество, масса, объем проверенной продукции (в ед. изм.) | E48: Вид контроля (НТД) и дата сдачи образцов (проб) на контроль | G48: Приборы контроля | I48: № прибора и дата поверки прибора | K48: № и дата протокола контроля | L48: Заключение по контролю (годен/не годен)
A50: Визуальным осмотром | C50: Инструментальными и приборными методами
A53: 1 | C53: 2 | E53: 3 | G53: 4 | I53: 5 | K53: 6 | L53: 7
A54: =IF(C40="","",C40) | C54: - | E54: Визуальный | G54: - | I54: - | K54: - | L54: годен
A56: 4. В результате проведенного входного контроля представленной продукции установлено:
A57: а) Сопроводительные документы: | E57: соответствует
A58: (соответствуют/не соответствуют)
A59: б) Комплектность (в т.ч. ЗИП): | D59: соответствует
A60: (соответствует/не соответствует)
A61: в) Целостность и сохранность упаковки: | E61: соответствует
A62: (соответствует/не соответствует)
A63: г) Выполнение консервации: | D63: соответствует
A64: (соответствует/не соответствует)
A65: д) Наличие ЗАК/протокола КДО: | D65: -
A66: (номер ЗАК или протокола КДО и дата выдачм/отсутствует)
A67: Проверенная продукция для последующего применения признана: | H67: пригодной
A68: (пригодной/непригодной)
A69: и допущена к применению при строительно-монтажных работах на объекте____________________________________________________________
A70: (допущена/не допущена) (указать последующее действие с пригодной продукцией)
A72: Продукция признана непригодной по следующим причинам:
A73: ­
A74: (указать причины отбраковки, документальные результаты контроля, протоколы испытания и прочие документы)
A77: непригодная продукия подлежит: | D77: -
A78: (указать последующее действие с непригодной продукцией)
A79: Председатель:
A80: =IF(C17="","",C17)
A81: (должность, организация, подпись, фамилия, имя, отчество)
A82: Члены комиссии:
A83: =IF(C21="","",C21)
A84: (должность, организация, подпись, фамилия, имя, отчество)
A85: =IF(C23="","",C23)
A86: (должность, организация, подпись, фамилия, имя, отчество)
A88: (должность, организация, подпись, фамилия, имя, отчество)
A90: (должность, организация, подпись фамилия, имя, отчество)
A91: Присутствующие:
A92: =IF(C27="","",C27)
A93: (должность, организация, фамилия, имя, отчество)
A95: (должность, организация, фамилия, имя, отчество)
A96: Особые отметки:

Sheet уголок 50
K1: Приложение 1
F5: ФОРМА
I6: ГОДЕН
I7: (результат контроля продукции)
A8: Объект строительства:
A9: =IF('Данные объект'!B3="","",'Данные объект'!B3)
A13: АКТ №12/ | G13: =IF('Данные объект'!B2="","",'Данные объект'!B2)
A14: входного контроля
A16: =IF('Данные объект'!B5="","",'Данные объект'!B5) | K16: =IF('Данные объект'!B6="","",'Данные объект'!B6)
A17: (место проведения) | K17: (дата)
A19: Нами, комиссией | C19: ='Провод СИП 3'!C19:G19 | H19: =IF('Данные объект'!B43="","",'Данные объект'!B43)
C20: (организация, от которой сформирована комиссия)
A22: Председателя: . | C22: =IF('Данные объект'!C45="","",'Данные объект'!C45)
A23: (должность, организация, фамилия, имя, отчество)
A25: и членов комиссии:
C26: =IF('Данные объект'!C47="","",'Данные объект'!C47)
A27: (должность, организация, фамилия, имя, отчество)
C28: =IF('Данные объект'!C49="","",'Данные объект'!C49)
A29: (должность, организация, фамилия, имя, отчество)
C30: =IF('Данные объект'!B32="","",'Данные объект'!B32)
A31: (должность, организация, фамилия, имя, отчество)
A32: руководствуясь, | C32: =IF('Данные объект'!B51="","",'Данные объект'!B51)
A33: (документ, устанавливающий требевания по организации и проведению входного контроля продукции)
A34: составила настоящий акт о выполненном входном контроле продукции для строительства.
A36: 1. К входному контролю представлена следующая продукция:
A37: Уголок 50х50х5
A38: (наименование продукции)
A39: 1.1. Наименование, номер документа, удостоверяющего качество и НТД на продукцию:
K40: (изготовитель,
H41: НТД | I41: ГОСТ 8509-93
A42: № документа и дата, № партии, дата изготовления) (ГОСТ, ТУ, чертеж КМД)
A43: 1.2. Кол-во: | E43: Кол-во партии: | G43: -
A44: (штуки, объем, вес в ед. изм.) (штуки, объем, вес в ед. изм.)
A45: 1.3. Поставщик: | F45: Договор | G45: №2911/22-1
A46: (наименование организации) (реквизиты договора на поставку)
A47: 2. Подготовка продукции к контролю по НТД: | F47: выполнена
A48: (выполнена/не выполнена)
A49: 3. При входном контроле проведены следующие контрольные мероприятия:
A51: Количество, масса, объем проверенной продукции (в ед. изм.) | E51: Вид контроля (НТД) и дата сдачи образцов (проб) на контроль | G51: Приборы контроля | I51: № прибора и дата поверки прибора | K51: № и дата протокола контроля | L51: Заключение по контролю (годен/не годен)
A53: Визуальным осмотром | C53: Инструментальными и приборными методами
A56: 1 | C56: 2 | E56: 3 | G56: 4 | I56: 5 | K56: 6 | L56: 7
A57: =IF(C43="","",C43) | C57: - | E57: Визуальный | G57: - | I57: - | K57: - | L57: годен
A59: 4. В результате проведенного входного контроля представленной продукции установлено:
A60: а) Сопроводительные документы: | E60: соответствует
A61: (соответствуют/не соответствуют)
A62: б) Комплектность (в т.ч. ЗИП): | D62: соответствует
A63: (соответствует/не соответствует)
A64: в) Целостность и сохранность упаковки: | E64: соответствует
A65: (соответствует/не соответствует)
A66: г) Выполнение консервации: | D66: соответствует
A67: (соответствует/не соответствует)
A68: д) Наличие ЗАК/протокола КДО: | D68: -
A69: (номер ЗАК или протокола КДО и дата выдачм/отсутствует)
A70: Проверенная продукция для последующего применения признана: | H70: пригодной
A71: (пригодной/непригодной)
A72: и допущена к применению при строительно-монтажных работах на объекте____________________________________________________________
A73: (допущена/не допущена) (указать последующее действие с пригодной продукцией)
A75: Продукция признана непригодной по следующим причинам:
A76: ­
A77: (указать причины отбраковки, документальные результаты контроля, протоколы испытания и прочие документы)
A80: непригодная продукия подлежит: | D80: -
A81: (указать последующее действие с непригодной продукцией)
A82: Председатель:
A83: =IF(C22="","",C22)
A84: (должность, организация, подпись, фамилия, имя, отчество)
A85: Члены комиссии:
A86: =IF(C26="","",C26)
A87: (должность, организация, подпись, фамилия, имя, отчество)
A88: =IF(C28="","",C28)
A89: (должность, организация, подпись, фамилия, имя, отчество)
A90: Присутствующие:
A91: =IF(C30="","",C30)
A92: (должность, организация, фамилия, имя, отчество)
A93: Особые отметки:

Sheet уголок  63
K1: Приложение 1
F5: ФОРМА
I6: ГОДЕН
I7: (результат контроля продукции)
A8: Объект строительства:
A9: =IF('Данные объект'!B3="","",'Данные объект'!B3)
A13: АКТ №13/ | G13: =IF('Данные объект'!B2="","",'Данные объект'!B2)
A14: входного контроля
A16: =IF('Данные объект'!B5="","",'Данные объект'!B5) | K16: =IF('Данные объект'!B6="","",'Данные объект'!B6)
A17: (место проведения) | K17: (дата)
A19: Нами, комиссией | C19: ='Провод СИП 3'!C19:G19 | H19: =IF('Данные объект'!B43="","",'Данные объект'!B43)
C20: (организация, от которой сформирована комиссия)
A22: Председателя: . | C22: =IF('Данные объект'!C45="","",'Данные объект'!C45)
A23: (должность, организация, фамилия, имя, отчество)
A25: и членов комиссии:
C26: =IF('Данные объект'!C47="","",'Данные объект'!C47)
A27: (должность, организация, фамилия, имя, отчество)
C28: =IF('Данные объект'!C49="","",'Данные объект'!C49)
A29: (должность, организация, фамилия, имя, отчество)
A31: (должность, организация, фамилия, имя, отчество)
C32: =IF('Данные объект'!B32="","",'Данные объект'!B32)
A33: (должность, организация, фамилия, имя, отчество)
A34: руководствуясь, | C34: =IF('Данные объект'!B51="","",'Данные объект'!B51)
A35: (документ, устанавливающий требевания по организации и проведению входного контроля продукции)
A36: составила настоящий акт о выполненном входном контроле продукции для строительства.
A38: 1. К входному контролю представлена следующая продукция:
A39: Уголок 63х63х5
A40: (наименование продукции)
A41: 1.1. Наименование, номер документа, удостоверяющего качество и НТД на продукцию:
K42: (изготовитель,
H43: НТД | I43: ГОСТ 8509-93
A44: № документа и дата, № партии, дата изготовления) (ГОСТ, ТУ, чертеж КМД)
A45: 1.2. Кол-во: | E45: Кол-во партии:
A46: (штуки, объем, вес в ед. изм.) (штуки, объем, вес в ед. изм.)
A47: 1.3. Поставщик: | F47: Договор | G47: №2911/22-1
A48: (наименование организации) (реквизиты договора на поставку)
A49: 2. Подготовка продукции к контролю по НТД: | F49: выполнена
A50: (выполнена/не выполнена)
A51: 3. При входном контроле проведены следующие контрольные мероприятия:
A53: Количество, масса, объем проверенной продукции (в ед. изм.) | E53: Вид контроля (НТД) и дата сдачи образцов (проб) на контроль | G53: Приборы контроля | I53: № прибора и дата поверки прибора | K53: № и дата протокола контроля | L53: Заключение по контролю (годен/не годен)
A55: Визуальным осмотром | C55: Инструментальными и приборными методами
A58: 1 | C58: 2 | E58: 3 | G58: 4 | I58: 5 | K58: 6 | L58: 7
A59: =IF(C45="","",C45) | C59: - | E59: Визуальный | G59: - | I59: - | K59: - | L59: годен
A61: 4. В результате проведенного входного контроля представленной продукции установлено:
A62: а) Сопроводительные документы: | E62: соответствует
A63: (соответствуют/не соответствуют)
A64: б) Комплектность (в т.ч. ЗИП): | D64: соответствует
A65: (соответствует/не соответствует)
A66: в) Целостность и сохранность упаковки: | E66: соответствует
A67: (соответствует/не соответствует)
A68: г) Выполнение консервации: | D68: соответствует
A69: (соответствует/не соответствует)
A70: д) Наличие ЗАК/протокола КДО: | D70: -
A71: (номер ЗАК или протокола КДО и дата выдачм/отсутствует)
A72: Проверенная продукция для последующего применения признана: | H72: пригодной
A73: (пригодной/непригодной)
A74: и допущена к применению при строительно-монтажных работах на объекте____________________________________________________________
A75: (допущена/не допущена) (указать последующее действие с пригодной продукцией)
A77: Продукция признана непригодной по следующим причинам:
A78: ­
A79: (указать причины отбраковки, документальные результаты контроля, протоколы испытания и прочие документы)
A82: непригодная продукия подлежит: | D82: -
A83: (указать последующее действие с непригодной продукцией)
A84: Председатель:
A85: =IF(C22="","",C22)
A86: (должность, организация, подпись, фамилия, имя, отчество)
A87: Члены комиссии:
A88: =IF(C26="","",C26)
A89: (должность, организация, подпись, фамилия, имя, отчество)
A90: =IF(C28="","",C28)
A91: (должность, организация, подпись, фамилия, имя, отчество)
A92: Присутствующие:
A93: =IF(C32="","",C32)
A94: (должность, организация, фамилия, имя, отчество)
A96: (должность, организация, фамилия, имя, отчество)
A97: Особые отметки:

Sheet пол.40х4
K1: Приложение 1
F5: ФОРМА
I6: ГОДЕН
I7: (результат контроля продукции)
A8: Объект строительства:
A9: =IF('Данные объект'!B3="","",'Данные объект'!B3)
A13: АКТ № 14/ | G13: =IF('Данные объект'!B2="","",'Данные объект'!B2)
A14: входного контроля
A16: =IF('Данные объект'!B5="","",'Данные объект'!B5) | K16: =IF('Данные объект'!B6="","",'Данные объект'!B6)
A17: (место проведения) | K17: (дата)
A19: Нами, комиссией | C19: ='Провод СИП 3'!C19:G19 | H19: =IF('Данные объект'!B43="","",'Данные объект'!B43)
C20: (организация, от которой сформирована комиссия)
A22: Председателя: . | C22: =IF('Данные объект'!C45="","",'Данные объект'!C45)
A23: (должность, организация, фамилия, имя, отчество)
A25: и членов комиссии:
C26: =IF('Данные объект'!C47="","",'Данные объект'!C47)
A27: (должность, организация, фамилия, имя, отчество)
C28: =IF('Данные объект'!C49="","",'Данные объект'!C49)
A29: (должность, организация, фамилия, имя, отчество)
C30: =IF('Данные объект'!B32="","",'Данные объект'!B32)
A31: (должность, организация, фамилия, имя, отчество)
A32: руководствуясь, | C32: =IF('Данные объект'!B51="","",'Данные объект'!B51)
A33: (документ, устанавливающий требевания по организации и проведению входного контроля продукции)
A34: составила настоящий акт о выполненном входном контроле продукции для строительства.
A36: 1. К входному контролю представлена следующая продукция:
A37: Стальная полоса 40х4
A38: (наименование продукции)
A39: 1.1. Наименование, номер документа, удостоверяющего качество и НТД на продукцию: | K39: МЗ Балаково
K40: (изготовитель,
H41: НТД | I41: ГОСТ 380-2005/ ГОСТ 535-2005/ ГОСТ 103-2006
A42: № документа и дата, № партии, дата изготовления) (ГОСТ, ТУ, чертеж КМД)
A43: 1.2. Кол-во: | E43: Кол-во партии: | G43: -
A44: (штуки, объем, вес в ед. изм.) (штуки, объем, вес в ед. изм.)
A45: 1.3. Поставщик: | F45: Договор | G45: №2911/22-1
A46: (наименование организации) (реквизиты договора на поставку)
A47: 2. Подготовка продукции к контролю по НТД: | F47: выполнена
A48: (выполнена/не выполнена)
A49: 3. При входном контроле проведены следующие контрольные мероприятия:
A51: Количество, масса, объем проверенной продукции (в ед. изм.) | E51: Вид контроля (НТД) и дата сдачи образцов (проб) на контроль | G51: Приборы контроля | I51: № прибора и дата поверки прибора | K51: № и дата протокола контроля | L51: Заключение по контролю (годен/не годен)
A53: Визуальным осмотром | C53: Инструментальными и приборными методами
A56: 1 | C56: 2 | E56: 3 | G56: 4 | I56: 5 | K56: 6 | L56: 7
A57: =IF(C43="","",C43) | C57: - | E57: Визуальный | G57: - | I57: - | K57: - | L57: годен
A59: 4. В результате проведенного входного контроля представленной продукции установлено:
A60: а) Сопроводительные документы: | E60: соответствует
A61: (соответствуют/не соответствуют)
A62: б) Комплектность (в т.ч. ЗИП): | D62: соответствует
A63: (соответствует/не соответствует)
A64: в) Целостность и сохранность упаковки: | E64: соответствует
A65: (соответствует/не соответствует)
A66: г) Выполнение консервации: | D66: соответствует
A67: (соответствует/не соответствует)
A68: д) Наличие ЗАК/протокола КДО: | D68: -
A69: (номер ЗАК или протокола КДО и дата выдачм/отсутствует)
A70: Проверенная продукция для последующего применения признана: | H70: пригодной
A71: (пригодной/непригодной)
A72: и допущена к применению при строительно-монтажных работах на объекте____________________________________________________________
A73: (допущена/не допущена) (указать последующее действие с пригодной продукцией)
A75: Продукция признана непригодной по следующим причинам:
A76: ­
A77: (указать причины отбраковки, документальные результаты контроля, протоколы испытания и прочие документы)
A80: непригодная продукия подлежит: | D80: -
A81: (указать последующее действие с непригодной продукцией)
A82: Председатель:
A83: =IF(C22="","",C22)
A84: (должность, организация, подпись, фамилия, имя, отчество)
A85: Члены комиссии:
A86: =IF(C26="","",C26)
A87: (должность, организация, подпись, фамилия, имя, отчество)
A88: =IF(C28="","",C28)
A89: (должность, организация, подпись, фамилия, имя, отчество)
A90: Присутствующие:
A91: =IF(C30="","",C30)
A92: (должность, организация, фамилия, имя, отчество)
A93: Особые отметки:

Sheet пол.50х4
K1: Приложение 1
F5: ФОРМА
I6: ГОДЕН
I7: (результат контроля продукции)
A8: Объект строительства:
A9: =IF('Данные объект'!B3="","",'Данные объект'!B3)
A13: АКТ № 15/ | G13: =IF('Данные объект'!B2="","",'Данные объект'!B2)
A14: входного контроля
A16: =IF('Данные объект'!B5="","",'Данные объект'!B5) | K16: =IF('Данные объект'!B6="","",'Данные объект'!B6)
A17: (место проведения) | K17: (дата)
A19: Нами, комиссией | C19: ='Провод СИП 3'!C19:G19 | H19: =IF('Данные объект'!B43="","",'Данные объект'!B43)
C20: (организация, от которой сформирована комиссия)
A22: Председателя: . | C22: =IF('Данные объект'!C45="","",'Данные объект'!C45)
A23: (должность, организация, фамилия, имя, отчество)
A25: и членов комиссии:
C26: =IF('Данные объект'!C47="","",'Данные объект'!C47)
A27: (должность, организация, фамилия, имя, отчество)
C28: =IF('Данные объект'!C49="","",'Данные объект'!C49)
A29: (должность, организация, фамилия, имя, отчество)
C30: =IF('Данные объект'!B32="","",'Данные объект'!B32)
A31: (должность, организация, фамилия, имя, отчество)
A32: руководствуясь, | C32: =IF('Данные объект'!B51="","",'Данные объект'!B51)
A33: (документ, устанавливающий требевания по организации и проведению входного контроля продукции)
A34: составила настоящий акт о выполненном входном контроле продукции для строительства.
A36: 1. К входному контролю представлена следующая продукция:
A37: Стальная полоса 50х4
A38: (наименование продукции)
A39: 1.1. Наименование, номер документа, удостоверяющего качество и НТД на продукцию:
K40: (изготовитель,
H41: НТД | I41: ГОСТ 380-2005/ ГОСТ 535-2005/ ГОСТ 103-2006
A42: № документа и дата, № партии, дата изготовления) (ГОСТ, ТУ, чертеж КМД)
A43: 1.2. Кол-во: | E43: Кол-во партии:
A44: (штуки, объем, вес в ед. изм.) (штуки, объем, вес в ед. изм.)
A45: 1.3. Поставщик: | F45: Договор | G45: №2911/22-1
A46: (наименование организации) (реквизиты договора на поставку)
A47: 2. Подготовка продукции к контролю по НТД: | F47: выполнена
A48: (выполнена/не выполнена)
A49: 3. При входном контроле проведены следующие контрольные мероприятия:
A51: Количество, масса, объем проверенной продукции (в ед. изм.) | E51: Вид контроля (НТД) и дата сдачи образцов (проб) на контроль | G51: Приборы контроля | I51: № прибора и дата поверки прибора | K51: № и дата протокола контроля | L51: Заключение по контролю (годен/не годен)
A53: Визуальным осмотром | C53: Инструментальными и приборными методами
A56: 1 | C56: 2 | E56: 3 | G56: 4 | I56: 5 | K56: 6 | L56: 7
A57: =IF(C43="","",C43) | C57: - | E57: Визуальный | G57: - | I57: - | K57: - | L57: годен
A59: 4. В результате проведенного входного контроля представленной продукции установлено:
A60: а) Сопроводительные документы: | E60: соответствует
A61: (соответствуют/не соответствуют)
A62: б) Комплектность (в т.ч. ЗИП): | D62: соответствует
A63: (соответствует/не соответствует)
A64: в) Целостность и сохранность упаковки: | E64: соответствует
A65: (соответствует/не соответствует)
A66: г) Выполнение консервации: | D66: соответствует
A67: (соответствует/не соответствует)
A68: д) Наличие ЗАК/протокола КДО: | D68: -
A69: (номер ЗАК или протокола КДО и дата выдачм/отсутствует)
A70: Проверенная продукция для последующего применения признана: | H70: пригодной
A71: (пригодной/непригодной)
A72: и допущена к применению при строительно-монтажных работах на объекте____________________________________________________________
A73: (допущена/не допущена) (указать последующее действие с пригодной продукцией)
A75: Продукция признана непригодной по следующим причинам:
A76: ­
A77: (указать причины отбраковки, документальные результаты контроля, протоколы испытания и прочие документы)
A80: непригодная продукия подлежит: | D80: -
A81: (указать последующее действие с непригодной продукцией)
A82: Председатель:
A83: =IF(C22="","",C22)
A84: (должность, организация, подпись, фамилия, имя, отчество)
A85: Члены комиссии:
A86: =IF(C26="","",C26)
A87: (должность, организация, подпись, фамилия, имя, отчество)
A88: =IF(C28="","",C28)
A89: (должность, организация, подпись, фамилия, имя, отчество)
A90: Присутствующие:
A91: =IF(C30="","",C30)
A92: (должность, организация, фамилия, имя, отчество)
A93: Особые отметки:

Sheet арм. 10
K1: Приложение 1
F5: ФОРМА
I6: ГОДЕН
I7: (результат контроля продукции)
A8: Объект строительства:
A9: ='Провод СИП 3'!A9:L9
A13: АКТ № 16/ | G13: =IF('Провод СИП 3'!G13="","",'Провод СИП 3'!G13)
A14: входного контроля
A16: =IF('Провод СИП 3'!A16="","",'Провод СИП 3'!A16) | K16: ='Провод СИП 3'!K16:L16
A17: (место проведения) | K17: (дата)
A19: Нами, комиссией | C19: ='Провод СИП 3'!C19:G19 | H19: =IF('Данные объект'!B43="","",'Данные объект'!B43)
C20: (организация, от которой сформирована комиссия)
A22: Председателя: . | C22: =IF('Данные объект'!C45="","",'Данные объект'!C45)
A23: (должность, организация, фамилия, имя, отчество)
A25: и членов комиссии:
C26: =IF('Данные объект'!C47="","",'Данные объект'!C47)
A27: (должность, организация, фамилия, имя, отчество)
C28: =IF('Данные объект'!C49="","",'Данные объект'!C49)
A29: (должность, организация, фамилия, имя, отчество)
C30: =IF('Данные объект'!B32="","",'Данные объект'!B32)
A31: (должность, организация, фамилия, имя, отчество)
A32: руководствуясь, | C32: =IF('Данные объект'!B51="","",'Данные объект'!B51)
A33: (документ, устанавливающий требевания по организации и проведению входного контроля продукции)
A34: составила настоящий акт о выполненном входном контроле продукции для строительства.
A36: 1. К входному контролю представлена следующая продукция:
A37: Сталь круглая Ø10
A38: (наименование продукции)
A39: 1.1. Наименование, номер документа, удостоверяющего качество и НТД на продукцию:
K40: (изготовитель,
H41: НТД | I41: ГОСТ 2590-88
A42: № документа и дата, № партии, дата изготовления) (ГОСТ, ТУ, чертеж КМД)
A43: 1.2. Кол-во: | E43: Кол-во партии: | G43: -
A44: (штуки, объем, вес в ед. изм.) (штуки, объем, вес в ед. изм.)
A45: 1.3. Поставщик: | F45: Договор | G45: №2911/22-1
A46: (наименование организации) (реквизиты договора на поставку)
A47: 2. Подготовка продукции к контролю по НТД: | F47: выполнена
A48: (выполнена/не выполнена)
A49: 3. При входном контроле проведены следующие контрольные мероприятия:
A51: Количество, масса, объем проверенной продукции (в ед. изм.) | E51: Вид контроля (НТД) и дата сдачи образцов (проб) на контроль | G51: Приборы контроля | I51: № прибора и дата поверки прибора | K51: № и дата протокола контроля | L51: Заключение по контролю (годен/не годен)
A53: Визуальным осмотром | C53: Инструментальными и приборными методами
A56: 1 | C56: 2 | E56: 3 | G56: 4 | I56: 5 | K56: 6 | L56: 7
A57: =IF(C43="","",C43) | C57: - | E57: Визуальный | G57: - | I57: - | K57: - | L57: годен
A59: 4. В результате проведенного входного контроля представленной продукции установлено:
A60: а) Сопроводительные документы: | E60: соответствует
A61: (соответствуют/не соответствуют)
A62: б) Комплектность (в т.ч. ЗИП): | D62: соответствует
A63: (соответствует/не соответствует)
A64: в) Целостность и сохранность упаковки: | E64: соответствует
A65: (соответствует/не соответствует)
A66: г) Выполнение консервации: | D66: соответствует
A67: (соответствует/не соответствует)
A68: д) Наличие ЗАК/протокола КДО: | D68: -
A69: (номер ЗАК или протокола КДО и дата выдачм/отсутствует)
A70: Проверенная продукция для последующего применения признана: | H70: пригодной
A71: (пригодной/непригодной)
A72: и допущена к применению при строительно-монтажных работах на объекте____________________________________________________________
A73: (допущена/не допущена) (указать последующее действие с пригодной продукцией)
A75: Продукция признана непригодной по следующим причинам:
A76: ­
A77: (указать причины отбраковки, документальные результаты контроля, протоколы испытания и прочие документы)
A80: непригодная продукия подлежит: | D80: -
A81: (указать последующее действие с непригодной продукцией)
A82: Председатель:
A83: =IF(C22="","",C22)
A84: (должность, организация, подпись, фамилия, имя, отчество)
A85: Члены комиссии:
A86: =IF(C26="","",C26)
A87: (должность, организация, подпись, фамилия, имя, отчество)
A88: =IF(C28="","",C28)
A89: (должность, организация, подпись, фамилия, имя, отчество)
A90: Присутствующие:
A91: =IF(C30="","",C30)
A92: (должность, организация, фамилия, имя, отчество)
A93: Особые отметки:

Sheet арм. 12
K1: Приложение 1
F5: ФОРМА
I6: ГОДЕН
I7: (результат контроля продукции)
A8: Объект строительства:
A9: ='Провод СИП 3'!A9:L9
A13: АКТ № 17/ | G13: =IF('Провод СИП 3'!G13="","",'Провод СИП 3'!G13)
A14: входного контроля
A16: =IF('Данные объект'!B5="","",'Данные объект'!B5) | K16: ='Провод СИП 3'!K16:L16
A17: (место проведения) | K17: (дата)
A19: Нами, комиссией | C19: ='Провод СИП 3'!C19:G19 | H19: =IF('Данные объект'!B43="","",'Данные объект'!B43)
C20: (организация, от которой сформирована комиссия)
A22: Председателя: . | C22: =IF('Данные объект'!C45="","",'Данные объект'!C45)
A23: (должность, организация, фамилия, имя, отчество)
A25: и членов комиссии:
C26: =IF('Данные объект'!C47="","",'Данные объект'!C47)
A27: (должность, организация, фамилия, имя, отчество)
C28: =IF('Данные объект'!C49="","",'Данные объект'!C49)
A29: (должность, организация, фамилия, имя, отчество)
C30: =IF('Данные объект'!B32="","",'Данные объект'!B32)
A31: (должность, организация, фамилия, имя, отчество)
A32: руководствуясь, | C32: =IF('Данные объект'!B51="","",'Данные объект'!B51)
A33: (документ, устанавливающий требевания по организации и проведению входного контроля продукции)
A34: составила настоящий акт о выполненном входном контроле продукции для строительства.
A36: 1. К входному контролю представлена следующая продукция:
A37: Сталь круглая Ø12
A38: (наименование продукции)
A39: 1.1. Наименование, номер документа, удостоверяющего качество и НТД на продукцию:
K40: (изготовитель,
H41: НТД | I41: ГОСТ 5781-82
A42: № документа и дата, № партии, дата изготовления) (ГОСТ, ТУ, чертеж КМД)
A43: 1.2. Кол-во: | E43: Кол-во партии:
A44: (штуки, объем, вес в ед. изм.) (штуки, объем, вес в ед. изм.)
A45: 1.3. Поставщик: | F45: Договор | G45: №2911/22-1
A46: (наименование организации) (реквизиты договора на поставку)
A47: 2. Подготовка продукции к контролю по НТД: | F47: выполнена
A48: (выполнена/не выполнена)
A49: 3. При входном контроле проведены следующие контрольные мероприятия:
A51: Количество, масса, объем проверенной продукции (в ед. изм.) | E51: Вид контроля (НТД) и дата сдачи образцов (проб) на контроль | G51: Приборы контроля | I51: № прибора и дата поверки прибора | K51: № и дата протокола контроля | L51: Заключение по контролю (годен/не годен)
A53: Визуальным осмотром | C53: Инструментальными и приборными методами
A56: 1 | C56: 2 | E56: 3 | G56: 4 | I56: 5 | K56: 6 | L56: 7
A57: =IF(C43="","",C43) | C57: - | E57: Визуальный | G57: - | I57: - | K57: - | L57: годен
A59: 4. В результате проведенного входного контроля представленной продукции установлено:
A60: а) Сопроводительные документы: | E60: соответствует
A61: (соответствуют/не соответствуют)
A62: б) Комплектность (в т.ч. ЗИП): | D62: соответствует
A63: (соответствует/не соответствует)
A64: в) Целостность и сохранность упаковки: | E64: соответствует
A65: (соответствует/не соответствует)
A66: г) Выполнение консервации: | D66: соответствует
A67: (соответствует/не соответствует)
A68: д) Наличие ЗАК/протокола КДО: | D68: -
A69: (номер ЗАК или протокола КДО и дата выдачм/отсутствует)
A70: Проверенная продукция для последующего применения признана: | H70: пригодной
A71: (пригодной/непригодной)
A72: и допущена к применению при строительно-монтажных работах на объекте____________________________________________________________
A73: (допущена/не допущена) (указать последующее действие с пригодной продукцией)
A75: Продукция признана непригодной по следующим причинам:
A76: ­
A77: (указать причины отбраковки, документальные результаты контроля, протоколы испытания и прочие документы)
A80: непригодная продукия подлежит: | D80: -
A81: (указать последующее действие с непригодной продукцией)
A82: Председатель:
A83: =IF(C22="","",C22)
A84: (должность, организация, подпись, фамилия, имя, отчество)
A85: Члены комиссии:
A86: =IF(C26="","",C26)
A87: (должность, организация, подпись, фамилия, имя, отчество)
A88: =IF(C28="","",C28)
A89: (должность, организация, подпись, фамилия, имя, отчество)
A90: Присутствующие:
A91: =IF(C30="","",C30)
A92: (должность, организация, фамилия, имя, отчество)
A93: Особые отметки:

Sheet арм. 8
K1: Приложение 1
F5: ФОРМА
I6: ГОДЕН
I7: (результат контроля продукции)
A8: Объект строительства:
A9: ='Провод СИП 3'!A9:L9
A13: АКТ № 11/ | G13: =IF('Провод СИП 3'!G13="","",'Провод СИП 3'!G13)
A14: входного контроля
A16: =IF('Провод СИП 3'!A16="","",'Провод СИП 3'!A16) | K16: ='Провод СИП 3'!K16:L16
A17: (место проведения) | K17: (дата)
A19: Нами, комиссией | C19: ='Провод СИП 3'!C19:G19 | H19: =IF('Данные объект'!B43="","",'Данные объект'!B43)
C20: (организация, от которой сформирована комиссия)
A22: Председателя: . | C22: =IF('Данные объект'!C45="","",'Данные объект'!C45)
A23: (должность, организация, фамилия, имя, отчество)
A25: и членов комиссии:
C26: =IF('Данные объект'!C47="","",'Данные объект'!C47)
A27: (должность, организация, фамилия, имя, отчество)
C28: =IF('Данные объект'!C49="","",'Данные объект'!C49)
A29: (должность, организация, фамилия, имя, отчество)
C30: =IF('Данные объект'!B32="","",'Данные объект'!B32)
A31: (должность, организация, фамилия, имя, отчество)
A32: руководствуясь, | C32: =IF('Данные объект'!B51="","",'Данные объект'!B51)
A33: (документ, устанавливающий требевания по организации и проведению входного контроля продукции)
A34: составила настоящий акт о выполненном входном контроле продукции для строительства.
A36: 1. К входному контролю представлена следующая продукция:
A37: Сталь круглая Ø8
A38: (наименование продукции)
A39: 1.1. Наименование, номер документа, удостоверяющего качество и НТД на продукцию: | K39: ОАО "Белорусский металлургический завод"
K40: (изготовитель,
H41: НТД | I41: ГОСТ 34028-2016
A42: № документа и дата, № партии, дата изготовления) (ГОСТ, ТУ, чертеж КМД)
A43: 1.2. Кол-во: | E43: Кол-во партии: | G43: -
A44: (штуки, объем, вес в ед. изм.) (штуки, объем, вес в ед. изм.)
A45: 1.3. Поставщик: | F45: Договор | G45: №2911/22-1
A46: (наименование организации) (реквизиты договора на поставку)
A47: 2. Подготовка продукции к контролю по НТД: | F47: выполнена
A48: (выполнена/не выполнена)
A49: 3. При входном контроле проведены следующие контрольные мероприятия:
A51: Количество, масса, объем проверенной продукции (в ед. изм.) | E51: Вид контроля (НТД) и дата сдачи образцов (проб) на контроль | G51: Приборы контроля | I51: № прибора и дата поверки прибора | K51: № и дата протокола контроля | L51: Заключение по контролю (годен/не годен)
A53: Визуальным осмотром | C53: Инструментальными и приборными методами
A56: 1 | C56: 2 | E56: 3 | G56: 4 | I56: 5 | K56: 6 | L56: 7
A57: =IF(C43="","",C43) | C57: - | E57: Визуальный | G57: - | I57: - | K57: - | L57: годен
A59: 4. В результате проведенного входного контроля представленной продукции установлено:
A60: а) Сопроводительные документы: | E60: соответствует
A61: (соответствуют/не соответствуют)
A62: б) Комплектность (в т.ч. ЗИП): | D62: соответствует
A63: (соответствует/не соответствует)
A64: в) Целостность и сохранность упаковки: | E64: соответствует
A65: (соответствует/не соответствует)
A66: г) Выполнение консервации: | D66: соответствует
A67: (соответствует/не соответствует)
A68: д) Наличие ЗАК/протокола КДО: | D68: -
A69: (номер ЗАК или протокола КДО и дата выдачм/отсутствует)
A70: Проверенная продукция для последующего применения признана: | H70: пригодной
A71: (пригодной/непригодной)
A72: и допущена к применению при строительно-монтажных работах на объекте____________________________________________________________
A73: (допущена/не допущена) (указать последующее действие с пригодной продукцией)
A75: Продукция признана непригодной по следующим причинам:
A76: ­
A77: (указать причины отбраковки, документальные результаты контроля, протоколы испытания и прочие документы)
A80: непригодная продукия подлежит: | D80: -
A81: (указать последующее действие с непригодной продукцией)
A82: Председатель:
A83: =IF(C22="","",C22)
A84: (должность, организация, подпись, фамилия, имя, отчество)
A85: Члены комиссии:
A86: =IF(C26="","",C26)
A87: (должность, организация, подпись, фамилия, имя, отчество)
A88: =IF(C28="","",C28)
A89: (должность, организация, подпись, фамилия, имя, отчество)
A90: Присутствующие:
A91: =IF(C30="","",C30)
A92: (должность, организация, фамилия, имя, отчество)
A93: Особые отметки:

Sheet швеллер
K1: Приложение 1
F5: ФОРМА
I6: ГОДЕН
I7: (результат контроля продукции)
A8: Объект строительства:
A9: ='Провод СИП 3'!A9:L9
A13: АКТ № 14/ | G13: =IF('Провод СИП 3'!G13="","",'Провод СИП 3'!G13)
A14: входного контроля
A16: =IF('Данные объект'!B5="","",'Данные объект'!B5) | K16: ='Провод СИП 3'!K16:L16
A17: (место проведения) | K17: (дата)
A19: Нами, комиссией | C19: ='Провод СИП 3'!C19:G19 | H19: =IF('Данные объект'!B43="","",'Данные объект'!B43)
C20: (организация, от которой сформирована комиссия)
A22: Председателя: . | C22: =IF('Данные объект'!C45="","",'Данные объект'!C45)
A23: (должность, организация, фамилия, имя, отчество)
A25: и членов комиссии:
C26: =IF('Данные объект'!C47="","",'Данные объект'!C47)
A27: (должность, организация, фамилия, имя, отчество)
C28: =IF('Данные объект'!C49="","",'Данные объект'!C49)
A29: (должность, организация, фамилия, имя, отчество)
C30: =IF('Данные объект'!B32="","",'Данные объект'!B32)
A31: (должность, организация, фамилия, имя, отчество)
A32: руководствуясь, | C32: =IF('Данные объект'!B51="","",'Данные объект'!B51)
A33: (документ, устанавливающий требевания по организации и проведению входного контроля продукции)
A34: составила настоящий акт о выполненном входном контроле продукции для строительства.
A36: 1. К входному контролю представлена следующая продукция:
A37: Швеллер №10П
A38: (наименование продукции)
A39: 1.1. Наименование, номер документа, удостоверяющего качество и НТД на продукцию:
K40: (изготовитель,
H41: НТД | I41: ­
A42: № документа и дата, № партии, дата изготовления) (ГОСТ, ТУ, чертеж КМД)
A43: 1.2. Кол-во: | E43: Кол-во партии: | G43: =IF(C43="","",C43)
A44: (штуки, объем, вес в ед. изм.) (штуки, объем, вес в ед. изм.)
A45: 1.3. Поставщик: | F45: Договор
A46: (наименование организации) (реквизиты договора на поставку)
A47: 2. Подготовка продукции к контролю по НТД: | F47: выполнена
A48: (выполнена/не выполнена)
A49: 3. При входном контроле проведены следующие контрольные мероприятия:
A51: Количество, масса, объем проверенной продукции (в ед. изм.) | E51: Вид контроля (НТД) и дата сдачи образцов (проб) на контроль | G51: Приборы контроля | I51: № прибора и дата поверки прибора | K51: № и дата протокола контроля | L51: Заключение по контролю (годен/не годен)
A53: Визуальным осмотром | C53: Инструментальными и приборными методами
A56: 1 | C56: 2 | E56: 3 | G56: 4 | I56: 5 | K56: 6 | L56: 7
A57: =IF(C43="","",C43) | C57: - | E57: Визуальный | G57: - | I57: - | K57: - | L57: годен
A59: 4. В результате проведенного входного контроля представленной продукции установлено:
A60: а) Сопроводительные документы: | E60: соответствует
A61: (соответствуют/не соответствуют)
A62: б) Комплектность (в т.ч. ЗИП): | D62: соответствует
A63: (соответствует/не соответствует)
A64: в) Целостность и сохранность упаковки: | E64: соответствует
A65: (соответствует/не соответствует)
A66: г) Выполнение консервации: | D66: соответствует
A67: (соответствует/не соответствует)
A68: д) Наличие ЗАК/протокола КДО: | D68: -
A69: (номер ЗАК или протокола КДО и дата выдачм/отсутствует)
A70: Проверенная продукция для последующего применения признана: | H70: пригодной
A71: (пригодной/непригодной)
A72: и допущена к применению при строительно-монтажных работах на объекте____________________________________________________________
A73: (допущена/не допущена) (указать последующее действие с пригодной продукцией)
A75: Продукция признана непригодной по следующим причинам:
A76: ­
A77: (указать причины отбраковки, документальные результаты контроля, протоколы испытания и прочие документы)
A80: непригодная продукия подлежит: | D80: -
A81: (указать последующее действие с непригодной продукцией)
A82: Председатель:
A83: =IF(C22="","",C22)
A84: (должность, организация, подпись, фамилия, имя, отчество)
A85: Члены комиссии:
A86: =IF(C26="","",C26)
A87: (должность, организация, подпись, фамилия, имя, отчество)
A88: =IF(C28="","",C28)
A89: (должность, организация, подпись, фамилия, имя, отчество)
A90: Присутствующие:
A91: =IF(C30="","",C30)
A92: (должность, организация, фамилия, имя, отчество)
A93: Особые отметки:

Sheet Профлист
K1: Приложение 1
F5: ФОРМА
I6: ГОДЕН
I7: (результат контроля продукции)
A8: Объект строительства:
A9: =IF('Данные объект'!B3="","",'Данные объект'!B3)
A13: АКТ № 18/ | G13: =IF('Данные объект'!B2="","",'Данные объект'!B2)
A14: входного контроля
A16: =IF('Данные объект'!B5="","",'Данные объект'!B5) | K16: =IF('Данные объект'!B6="","",'Данные объект'!B6)
A17: (место проведения) | K17: (дата)
A19: Нами, комиссией | C19: ='Провод СИП 3'!C19:G19 | H19: =IF('Данные объект'!B43="","",'Данные объект'!B43)
C20: (организация, от которой сформирована комиссия)
A22: Председателя: . | C22: =IF('Данные объект'!C45="","",'Данные объект'!C45)
A23: (должность, организация, фамилия, имя, отчество)
A25: и членов комиссии:
C26: =IF('Данные объект'!C47="","",'Данные объект'!C47)
A27: (должность, организация, фамилия, имя, отчество)
C28: =IF('Данные объект'!C49="","",'Данные объект'!C49)
A29: (должность, организация, фамилия, имя, отчество)
C30: =IF('Данные объект'!B32="","",'Данные объект'!B32)
A31: (должность, организация, фамилия, имя, отчество)
A32: руководствуясь, | C32: =IF('Данные объект'!B51="","",'Данные объект'!B51)
A33: (документ, устанавливающий требевания по организации и проведению входного контроля продукции)
A34: составила настоящий акт о выполненном входном контроле продукции для строительства.
A36: 1. К входному контролю представлена следующая продукция:
A37: Профлист оцинкованный
A38: (наименование продукции)
A39: 1.1. Наименование, номер документа, удостоверяющего качество и НТД на продукцию:
K40: (изготовитель,
H41: НТД
A42: № документа и дата, № партии, дата изготовления) (ГОСТ, ТУ, чертеж КМД)
A43: 1.2. Кол-во: | E43: Кол-во партии: | G43: =IF(C43="","",C43)
A44: (штуки, объем, вес в ед. изм.) (штуки, объем, вес в ед. изм.)
A45: 1.3. Поставщик: | F45: Договор
A46: (наименование организации) (реквизиты договора на поставку)
A47: 2. Подготовка продукции к контролю по НТД: | F47: выполнена
A48: (выполнена/не выполнена)
A49: 3. При входном контроле проведены следующие контрольные мероприятия:
A51: Количество, масса, объем проверенной продукции (в ед. изм.) | E51: Вид контроля (НТД) и дата сдачи образцов (проб) на контроль | G51: Приборы контроля | I51: № прибора и дата поверки прибора | K51: № и дата протокола контроля | L51: Заключение по контролю (годен/не годен)
A53: Визуальным осмотром | C53: Инструментальными и приборными методами
A56: 1 | C56: 2 | E56: 3 | G56: 4 | I56: 5 | K56: 6 | L56: 7
A57: =IF(A37="","",A37) | C57: - | E57: Визуальный | G57: - | I57: - | K57: - | L57: годен
A59: 4. В результате проведенного входного контроля представленной продукции установлено:
A60: а) Сопроводительные документы: | E60: соответствует
A61: (соответствуют/не соответствуют)
A62: б) Комплектность (в т.ч. ЗИП): | D62: соответствует
A63: (соответствует/не соответствует)
A64: в) Целостность и сохранность упаковки: | E64: соответствует
A65: (соответствует/не соответствует)
A66: г) Выполнение консервации: | D66: соответствует
A67: (соответствует/не соответствует)
A68: д) Наличие ЗАК/протокола КДО: | D68: -
A69: (номер ЗАК или протокола КДО и дата выдачм/отсутствует)
A70: Проверенная продукция для последующего применения признана: | H70: пригодной
A71: (пригодной/непригодной)
A72: и допущена к применению при строительно-монтажных работах на объекте____________________________________________________________
A73: (допущена/не допущена) (указать последующее действие с пригодной продукцией)
A75: Продукция признана непригодной по следующим причинам:
A76: ­
A77: (указать причины отбраковки, документальные результаты контроля, протоколы испытания и прочие документы)
A80: непригодная продукия подлежит: | D80: -
A81: (указать последующее действие с непригодной продукцией)
A82: Председатель:
A83: =IF(C22="","",C22)
A84: (должность, организация, подпись, фамилия, имя, отчество)
A85: Члены комиссии:
A86: =IF(C26="","",C26)
A87: (должность, организация, подпись, фамилия, имя, отчество)
A88: =IF(C28="","",C28)
A89: (должность, организация, подпись, фамилия, имя, отчество)
A90: Присутствующие:
A91: =IF(C30="","",C30)
A92: (должность, организация, фамилия, имя, отчество)
A93: Особые отметки:

Sheet упл.каб.прох.
K1: Приложение 1
F5: ФОРМА
I6: ГОДЕН
I7: (результат контроля продукции)
A8: Объект строительства:
A9: ='Провод СИП 3'!A9:L9
A13: АКТ № 0/ | G13: =IF('Провод СИП 3'!G13="","",'Провод СИП 3'!G13)
A14: входного контроля
A16: =IF('Данные объект'!B5="","",'Данные объект'!B5) | K16: ='Провод СИП 3'!K16:L16
A17: (место проведения) | K17: (дата)
A19: Нами, комиссией | C19: ='Провод СИП 3'!C19:G19 | H19: =IF('Данные объект'!B43="","",'Данные объект'!B43)
C20: (организация, от которой сформирована комиссия)
A22: Председателя: . | C22: =IF('Данные объект'!C45="","",'Данные объект'!C45)
A23: (должность, организация, фамилия, имя, отчество)
A25: и членов комиссии:
C26: =IF('Данные объект'!C47="","",'Данные объект'!C47)
A27: (должность, организация, фамилия, имя, отчество)
C28: =IF('Данные объект'!C49="","",'Данные объект'!C49)
A29: (должность, организация, фамилия, имя, отчество)
C30: =IF('Данные объект'!B32="","",'Данные объект'!B32)
A31: (должность, организация, фамилия, имя, отчество)
A33: (должность, организация, фамилия, имя, отчество)
A34: руководствуясь, | C34: =IF('Данные объект'!B51="","",'Данные объект'!B51)
A35: (документ, устанавливающий требевания по организации и проведению входного контроля продукции)
A36: составила настоящий акт о выполненном входном контроле продукции для строительства.
A38: 1. К входному контролю представлена следующая продукция:
A39: Уплотнитель кабельных проходов УКПТ 175/55
A40: (наименование продукции)
A41: 1.1. Наименование, номер документа, удостоверяющего качество и НТД на продукцию: | K41: ООО"Сфера"
K42: (изготовитель,
H43: НТД | I43: ­
A44: № документа и дата, № партии, дата изготовления) (ГОСТ, ТУ, чертеж КМД)
A45: 1.2. Кол-во: | E45: Кол-во партии: | G45: =IF(C45="","",C45)
A46: (штуки, объем, вес в ед. изм.) (штуки, объем, вес в ед. изм.)
A47: 1.3. Поставщик: | F47: Договор
A48: (наименование организации) (реквизиты договора на поставку)
A49: 2. Подготовка продукции к контролю по НТД: | F49: выполнена
A50: (выполнена/не выполнена)
A51: 3. При входном контроле проведены следующие контрольные мероприятия:
A53: Количество, масса, объем проверенной продукции (в ед. изм.) | E53: Вид контроля (НТД) и дата сдачи образцов (проб) на контроль | G53: Приборы контроля | I53: № прибора и дата поверки прибора | K53: № и дата протокола контроля | L53: Заключение по контролю (годен/не годен)
A55: Визуальным осмотром | C55: Инструментальными и приборными методами
A58: 1 | C58: 2 | E58: 3 | G58: 4 | I58: 5 | K58: 6 | L58: 7
A59: =IF(C45="","",C45) | C59: - | E59: Визуальный | G59: - | I59: - | K59: - | L59: годен
A61: 4. В результате проведенного входного контроля представленной продукции установлено:
A62: а) Сопроводительные документы: | E62: соответствует
A63: (соответствуют/не соответствуют)
A64: б) Комплектность (в т.ч. ЗИП): | D64: соответствует
A65: (соответствует/не соответствует)
A66: в) Целостность и сохранность упаковки: | E66: соответствует
A67: (соответствует/не соответствует)
A68: г) Выполнение консервации: | D68: соответствует
A69: (соответствует/не соответствует)
A70: д) Наличие ЗАК/протокола КДО: | D70: -
A71: (номер ЗАК или протокола КДО и дата выдачм/отсутствует)
A72: Проверенная продукция для последующего применения признана: | H72: пригодной
A73: (пригодной/непригодной)
A74: и допущена к применению при строительно-монтажных работах на объекте____________________________________________________________
A75: (допущена/не допущена) (указать последующее действие с пригодной продукцией)
A77: Продукция признана непригодной по следующим причинам:
A78: ­
A79: (указать причины отбраковки, документальные результаты контроля, протоколы испытания и прочие документы)
A82: непригодная продукия подлежит: | D82: -
A83: (указать последующее действие с непригодной продукцией)
A84: Председатель:
A85: =IF(C22="","",C22)
A86: (должность, организация, подпись, фамилия, имя, отчество)
A87: Члены комиссии:
A88: =IF(C26="","",C26)
A89: (должность, организация, подпись, фамилия, имя, отчество)
A90: =IF(C28="","",C28)
A91: (должность, организация, подпись, фамилия, имя, отчество)
A92: Присутствующие:
A93: =IF(C30="","",C30)
A94: (должность, организация, фамилия, имя, отчество)
A95: Особые отметки:

Sheet сиг.лента
K1: Приложение 1
F5: ФОРМА
I6: ГОДЕН
I7: (результат контроля продукции)
A8: Объект строительства:
A9: ='Провод СИП 3'!A9:L9
A13: АКТ № 0/ | G13: =IF('Провод СИП 3'!G13="","",'Провод СИП 3'!G13)
A14: входного контроля
A16: =IF('Данные объект'!B5="","",'Данные объект'!B5) | K16: ='Провод СИП 3'!K16:L16
A17: (место проведения) | K17: (дата)
A19: Нами, комиссией | C19: ='Провод СИП 3'!C19:G19 | H19: =IF('Данные объект'!B43="","",'Данные объект'!B43)
C20: (организация, от которой сформирована комиссия)
A22: Председателя: . | C22: =IF('Данные объект'!C45="","",'Данные объект'!C45)
A23: (должность, организация, фамилия, имя, отчество)
A25: и членов комиссии:
C26: =IF('Данные объект'!C47="","",'Данные объект'!C47)
A27: (должность, организация, фамилия, имя, отчество)
C28: =IF('Данные объект'!C49="","",'Данные объект'!C49)
A29: (должность, организация, фамилия, имя, отчество)
C30: =IF('Данные объект'!B32="","",'Данные объект'!B32)
A31: (должность, организация, фамилия, имя, отчество)
A32: руководствуясь, | C32: =IF('Данные объект'!B51="","",'Данные объект'!B51)
A33: (документ, устанавливающий требевания по организации и проведению входного контроля продукции)
A34: составила настоящий акт о выполненном входном контроле продукции для строительства.
A36: 1. К входному контролю представлена следующая продукция:
A37: Сигнальная лента ЛЭС 450
A38: (наименование продукции)
A39: 1.1. Наименование, номер документа, удостоверяющего качество и НТД на продукцию:
K40: (изготовитель,
H41: НТД
A42: № документа и дата, № партии, дата изготовления) (ГОСТ, ТУ, чертеж КМД)
A43: 1.2. Кол-во: | E43: Кол-во партии: | G43: =IF(C43="","",C43)
A44: (штуки, объем, вес в ед. изм.) (штуки, объем, вес в ед. изм.)
A45: 1.3. Поставщик: | F45: Договор
A46: (наименование организации) (реквизиты договора на поставку)
A47: 2. Подготовка продукции к контролю по НТД: | F47: выполнена
A48: (выполнена/не выполнена)
A49: 3. При входном контроле проведены следующие контрольные мероприятия:
A51: Количество, масса, объем проверенной продукции (в ед. изм.) | E51: Вид контроля (НТД) и дата сдачи образцов (проб) на контроль | G51: Приборы контроля | I51: № прибора и дата поверки прибора | K51: № и дата протокола контроля | L51: Заключение по контролю (годен/не годен)
A53: Визуальным осмотром | C53: Инструментальными и приборными методами
A56: 1 | C56: 2 | E56: 3 | G56: 4 | I56: 5 | K56: 6 | L56: 7
A57: =IF(C43="","",C43) | C57: - | E57: Визуальный | G57: - | I57: - | K57: - | L57: годен
A59: 4. В результате проведенного входного контроля представленной продукции установлено:
A60: а) Сопроводительные документы: | E60: соответствует
A61: (соответствуют/не соответствуют)
A62: б) Комплектность (в т.ч. ЗИП): | D62: соответствует
A63: (соответствует/не соответствует)
A64: в) Целостность и сохранность упаковки: | E64: соответствует
A65: (соответствует/не соответствует)
A66: г) Выполнение консервации: | D66: соответствует
A67: (соответствует/не соответствует)
A68: д) Наличие ЗАК/протокола КДО: | D68: -
A69: (номер ЗАК или протокола КДО и дата выдачм/отсутствует)
A70: Проверенная продукция для последующего применения признана: | H70: пригодной
A71: (пригодной/непригодной)
A72: и допущена к применению при строительно-монтажных работах на объекте____________________________________________________________
A73: (допущена/не допущена) (указать последующее действие с пригодной продукцией)
A75: Продукция признана непригодной по следующим причинам:
A76: ­
A77: (указать причины отбраковки, документальные результаты контроля, протоколы испытания и прочие документы)
A80: непригодная продукия подлежит: | D80: -
A81: (указать последующее действие с непригодной продукцией)
A82: Председатель:
A83: =IF(C22="","",C22)
A84: (должность, организация, подпись, фамилия, имя, отчество)
A85: Члены комиссии:
A86: =IF(C26="","",C26)
A87: (должность, организация, подпись, фамилия, имя, отчество)
A88: =IF(C28="","",C28)
A89: (должность, организация, подпись, фамилия, имя, отчество)
A90: Присутствующие:
A91: =IF(C30="","",C30)
A92: (должность, организация, фамилия, имя, отчество)
A93: Особые отметки:

Sheet ПЗК
K1: Приложение 1
F5: ФОРМА
I6: ГОДЕН
I7: (результат контроля продукции)
A8: Объект строительства:
A9: ='Провод СИП 3'!A9:L9
A13: АКТ № 19/ | G13: =IF('Провод СИП 3'!G13="","",'Провод СИП 3'!G13)
A14: входного контроля
A16: =IF('Данные объект'!B5="","",'Данные объект'!B5) | K16: ='Провод СИП 3'!K16:L16
A17: (место проведения) | K17: (дата)
A19: Нами, комиссией | C19: ='Провод СИП 3'!C19:G19 | H19: =IF('Данные объект'!B43="","",'Данные объект'!B43)
C20: (организация, от которой сформирована комиссия)
A22: Председателя: . | C22: =IF('Данные объект'!C45="","",'Данные объект'!C45)
A23: (должность, организация, фамилия, имя, отчество)
A25: и членов комиссии:
C26: =IF('Данные объект'!C47="","",'Данные объект'!C47)
A27: (должность, организация, фамилия, имя, отчество)
C28: =IF('Данные объект'!C49="","",'Данные объект'!C49)
A29: (должность, организация, фамилия, имя, отчество)
C30: =IF('Данные объект'!B32="","",'Данные объект'!B32)
A31: (должность, организация, фамилия, имя, отчество)
A32: руководствуясь, | C32: =IF('Данные объект'!B51="","",'Данные объект'!B51)
A33: (документ, устанавливающий требевания по организации и проведению входного контроля продукции)
A34: составила настоящий акт о выполненном входном контроле продукции для строительства.
A36: 1. К входному контролю представлена следующая продукция:
A37: Плиты ПЗК 240х480 (над кабелем)
A38: (наименование продукции)
A39: 1.1. Наименование, номер документа, удостоверяющего качество и НТД на продукцию:
K40: (изготовитель,
H41: НТД
A42: № документа и дата, № партии, дата изготовления) (ГОСТ, ТУ, чертеж КМД)
A43: 1.2. Кол-во: | E43: Кол-во партии: | G43: =IF(C43="","",C43)
A44: (штуки, объем, вес в ед. изм.) (штуки, объем, вес в ед. изм.)
A45: 1.3. Поставщик: | F45: Договор
A46: (наименование организации) (реквизиты договора на поставку)
A47: 2. Подготовка продукции к контролю по НТД: | F47: выполнена
A48: (выполнена/не выполнена)
A49: 3. При входном контроле проведены следующие контрольные мероприятия:
A51: Количество, масса, объем проверенной продукции (в ед. изм.) | E51: Вид контроля (НТД) и дата сдачи образцов (проб) на контроль | G51: Приборы контроля | I51: № прибора и дата поверки прибора | K51: № и дата протокола контроля | L51: Заключение по контролю (годен/не годен)
A53: Визуальным осмотром | C53: Инструментальными и приборными методами
A56: 1 | C56: 2 | E56: 3 | G56: 4 | I56: 5 | K56: 6 | L56: 7
A57: =IF(C43="","",C43) | C57: - | E57: Визуальный | G57: - | I57: - | K57: - | L57: годен
A59: 4. В результате проведенного входного контроля представленной продукции установлено:
A60: а) Сопроводительные документы: | E60: соответствует
A61: (соответствуют/не соответствуют)
A62: б) Комплектность (в т.ч. ЗИП): | D62: соответствует
A63: (соответствует/не соответствует)
A64: в) Целостность и сохранность упаковки: | E64: соответствует
A65: (соответствует/не соответствует)
A66: г) Выполнение консервации: | D66: соответствует
A67: (соответствует/не соответствует)
A68: д) Наличие ЗАК/протокола КДО: | D68: -
A69: (номер ЗАК или протокола КДО и дата выдачм/отсутствует)
A70: Проверенная продукция для последующего применения признана: | H70: пригодной
A71: (пригодной/непригодной)
A72: и допущена к применению при строительно-монтажных работах на объекте____________________________________________________________
A73: (допущена/не допущена) (указать последующее действие с пригодной продукцией)
A75: Продукция признана непригодной по следующим причинам:
A76: ­
A77: (указать причины отбраковки, документальные результаты контроля, протоколы испытания и прочие документы)
A80: непригодная продукия подлежит: | D80: -
A81: (указать последующее действие с непригодной продукцией)
A82: Председатель:
A83: =IF(C22="","",C22)
A84: (должность, организация, подпись, фамилия, имя, отчество)
A85: Члены комиссии:
A86: =IF(C26="","",C26)
A87: (должность, организация, подпись, фамилия, имя, отчество)
A88: =IF(C28="","",C28)
A89: (должность, организация, подпись, фамилия, имя, отчество)
A90: Присутствующие:
A91: =IF(C30="","",C30)
A92: (должность, организация, фамилия, имя, отчество)
A93: Особые отметки:

Sheet Лист1

Sheet ПНД
K1: Приложение 1
F5: ФОРМА
I6: ГОДЕН
I7: (результат контроля продукции)
A8: Объект строительства:
A9: =IF('Данные объект'!B3="","",'Данные объект'!B3)
A13: АКТ № 20/ | G13: =IF('Данные объект'!B2="","",'Данные объект'!B2)
A14: входного контроля
A16: =IF('Данные объект'!B5="","",'Данные объект'!B5) | K16: =IF('Данные объект'!B6="","",'Данные объект'!B6)
A17: (место проведения) | K17: (дата)
A19: Нами, комиссией | C19: ='Провод СИП 3'!C19:G19 | H19: =IF('Данные объект'!B43="","",'Данные объект'!B43)
C20: (организация, от которой сформирована комиссия)
A22: Председателя: . | C22: =IF('Данные объект'!C45="","",'Данные объект'!C45)
A23: (должность, организация, фамилия, имя, отчество)
A25: и членов комиссии:
C26: =IF('Данные объект'!C47="","",'Данные объект'!C47)
A27: (должность, организация, фамилия, имя, отчество)
C28: =IF('Данные объект'!C49="","",'Данные объект'!C49)
A29: (должность, организация, фамилия, имя, отчество)
C30: =IF('Данные объект'!B32="","",'Данные объект'!B32)
A31: (должность, организация, фамилия, имя, отчество)
A32: руководствуясь, | C32: =IF('Данные объект'!B51="","",'Данные объект'!B51)
A33: (документ, устанавливающий требевания по организации и проведению входного контроля продукции)
A34: составила настоящий акт о выполненном входном контроле продукции для строительства.
A36: 1. К входному контролю представлена следующая продукция:
A37: Труба ПНД ∅160мм
A38: (наименование продукции)
A39: 1.1. Наименование, номер документа, удостоверяющего качество и НТД на продукцию:
K40: (изготовитель,
H41: НТД
A42: № документа и дата, № партии, дата изготовления) (ГОСТ, ТУ, чертеж КМД)
A43: 1.2. Кол-во: | E43: Кол-во партии:
A44: (штуки, объем, вес в ед. изм.) (штуки, объем, вес в ед. изм.)
A45: 1.3. Поставщик: | F45: Договор
A46: (наименование организации) (реквизиты договора на поставку)
A47: 2. Подготовка продукции к контролю по НТД: | F47: выполнена
A48: (выполнена/не выполнена)
A49: 3. При входном контроле проведены следующие контрольные мероприятия:
A51: Количество, масса, объем проверенной продукции (в ед. изм.) | E51: Вид контроля (НТД) и дата сдачи образцов (проб) на контроль | G51: Приборы контроля | I51: № прибора и дата поверки прибора | K51: № и дата протокола контроля | L51: Заключение по контролю (годен/не годен)
A53: Визуальным осмотром | C53: Инструментальными и приборными методами
A56: 1 | C56: 2 | E56: 3 | G56: 4 | I56: 5 | K56: 6 | L56: 7
A57: =IF(C43="","",C43) | C57: - | E57: Визуальный | G57: - | I57: - | K57: - | L57: годен
A59: 4. В результате проведенного входного контроля представленной продукции установлено:
A60: а) Сопроводительные документы: | E60: соответствует
A61: (соответствуют/не соответствуют)
A62: б) Комплектность (в т.ч. ЗИП): | D62: соответствует
A63: (соответствует/не соответствует)
A64: в) Целостность и сохранность упаковки: | E64: соответствует
A65: (соответствует/не соответствует)
A66: г) Выполнение консервации: | D66: соответствует
A67: (соответствует/не соответствует)
A68: д) Наличие ЗАК/протокола КДО: | D68: -
A69: (номер ЗАК или протокола КДО и дата выдачм/отсутствует)
A70: Проверенная продукция для последующего применения признана: | H70: пригодной
A71: (пригодной/непригодной)
A72: и допущена к применению при строительно-монтажных работах на объекте____________________________________________________________
A73: (допущена/не допущена) (указать последующее действие с пригодной продукцией)
A75: Продукция признана непригодной по следующим причинам:
A76: ­
A77: (указать причины отбраковки, документальные результаты контроля, протоколы испытания и прочие документы)
A80: непригодная продукия подлежит: | D80: -
A81: (указать последующее действие с непригодной продукцией)
A82: Председатель:
A83: =IF(C22="","",C22)
A84: (должность, организация, подпись, фамилия, имя, отчество)
A85: Члены комиссии:
A86: =IF(C26="","",C26)
A87: (должность, организация, подпись, фамилия, имя, отчество)
A88: =IF(C28="","",C28)
A89: (должность, организация, подпись, фамилия, имя, отчество)
A90: Присутствующие:
A91: =IF(C30="","",C30)
A92: (должность, организация, фамилия, имя, отчество)
A93: Особые отметки:
