Workbook
Name кабель: #REF!

Sheet данные строй
A1: КЛ
A2: Прокладка кабельной линии | B2: Кабель
A3: КЛ-10кВ | B3: АСБл 3х120 | C3: Прокладка плитки ПЗК | D3: Плитка ПЗК - | E3: шт
A4: КЛ-6кВ | B4: АСБл 3х240 | C4: Прокладка сигнальной ленты | D4: Сигнальная лента ЛЭС300 - | E4: м
A5: КЛ-0,4кВ | B5: АВБбШв 4х95 | E5: кг
B6: АВБбШв 4х120 | E6: м3
B7: АВБбШв 4х150 | E7: м2
B8: АВБбШв 4х185
B9: АВБбШв 4х240
B10: АПвВнг(А)-LS 1х95/35

Sheet Данные организации
A1: организация | C1: ООО"Энергосистемы" | D1: ООО «Гефест» | E1: ООО "Энком" | G1: ПАО "Россети Московский регион"
A2: реквизиты | C2: ОГРН 1135044003709 ИНН 5044089069 КПП 504401001 | D2: ОГРН 1215000057238 ИНН 5044122213 КПП 504401001 | E2: ОГРН 1077762950055 ИНН 7743668640 КПП 770801001 | G2: ОГРН 1057746555811 ИНН 5036065113 КПП 772501001
A3: адрес | C3: 141508, Московская область, г.о. Солнечногорск, г. Солнечногорск, ул. Промышленная, стр. 5, помещение 179 | D3: 141508, Московская область, г.о. Солнечногорск, г Солнечногорск, ул Промышленная, строение 29А, корпус 1, офис 11 | E3: 107140, г.Москва, ул. Краснопрудная, д. 12/1, стр. 1, помещ. 1/6 | G3: 115114, город Москва, проезд Павелецкий 2-й, дом 3, строение 2
A4: район | G4: Солнечногорский р-н | I4: Химкинский р-н
G5: СРЭС филиала | I5: ХРЭС филиала
A6: директор | C6: И.о.генерального директора | D6: Генеральный директор | E6: Генеральный директор | G6: Начальник СРЭС СЭС филиала | I6: Начальник ХРЭС СЭС филиала
A7: директор ФИО | C7: Чернявская Н.Ю. | D7: Звездов Р.Е. | E7: Дандре Г.А. | G7: Чуев А.Н.
A8: Строй.контроль | B8: Инженер по строительному контролю | C8: Инженер по строительному контролю | D8: Специалист по строительному контролю | E8: Специалист по строительному контролю | G8: Гл. специалист ССК УКС | H8: Гл. специалист ССК УКС | I8: Гл. специалист ССК УКС
A9: Приказ стр.контр. | B9: Приказ № 13-ОТ/25 от 05 мая 2025 (НОСТРОЙ С-50-085497) | C9: Приказ № 18-ОТ/24 от 03 июня 2024 (НОСТРОЙ С-50-188017) | D9: Приказ №01/24-ОТ от 15.01.2024 (НРС № С-61-104369) | E9: НРС № С-77-286715 | G9: Приказ № от 2026г (НРС С-31-330248) | H9: Приказ №53 от 13 марта 2025г. (НРС С-50-77-262451) | I9: Приказ №1904 от 03 июня 2026г (НРС С-50-069023)
A10: ФИО стр.контр. | B10: Русин В.А. | C10: Капитонов Д.А. | D10: Саженова Л.В. | E10: Филлипов А.Ю. | G10: Курчин М.М. | H10: Шатковский А.Н. | I10: Алексанян Г.Р.
A11: Представитель | G11: Мастер СРЭС СЭС филиала | I11: -
A12: ФИО предст. | G12: Курчин М.М. | I12: -
A18: Прораб | C18: Прораб | D18: Мастер электромонтажного участка | E18: Главный инженер
A19: Приказ прораб | C19: Приказ №05-ОТ/24 от 09 января 2024г | D19: Приказ №01/24-ОТ от 15.01.2024 | E19: Приказ № ОТ-25 от 12.01.2024
A20: ФИО прораб | C20: Волков М.Ю. | D20: Красилов К.А. | E20: Горбан Г.К.
A23: сцепленные организация | C23: =CONCATENATE(C2,",",C3) -> ОГРН 1135044003709 ИНН 5044089069 КПП 504401001,141508, Московская область, г.о. Солнечногорск, г. Солнечногорск, ул. Промышленная, стр. 5, помещение 179 | D23: =CONCATENATE(D2,",",D3) -> ОГРН 1215000057238 ИНН 5044122213 КПП 504401001,141508, Московская область, г.о. Солнечногорск, г Солнечногорск, ул Промышленная, строение 29А, корпус 1, офис 11 | G23: =CONCATENATE(G8," ",G1,"-",G10," .",G9) -> Гл. специалист ССК УКС ПАО "Россети Московский регион"-Курчин М.М. .Приказ № от 2026г (НРС С-31-330248) | H23: =CONCATENATE(H8," ",G1,"-",H10,".",H9) -> Гл. специалист ССК УКС ПАО "Россети Московский регион"-Шатковский А.Н..Приказ №53 от 13 марта 2025г. (НРС С-50-77-262451) | I23: =CONCATENATE(I8," ",G1,"-",I10," .",I9) -> Гл. специалист ССК УКС ПАО "Россети Московский регион"-Алексанян Г.Р. .Приказ №1904 от 03 июня 2026г (НРС С-50-069023)
A24: сцепленные организация | C24: =CONCATENATE(C1,",",C2,",",C3) -> ООО"Энергосистемы",ОГРН 1135044003709 ИНН 5044089069 КПП 504401001,141508, Московская область, г.о. Солнечногорск, г. Солнечногорск, ул. Промышленная, стр. 5, помещение 179 | D24: =CONCATENATE(D1,",",D2,",",D3) -> ООО «Гефест»,ОГРН 1215000057238 ИНН 5044122213 КПП 504401001,141508, Московская область, г.о. Солнечногорск, г Солнечногорск, ул Промышленная, строение 29А, корпус 1, офис 11 | G24: =CONCATENATE(G8," ",G1,"-",G10) -> Гл. специалист ССК УКС ПАО "Россети Московский регион"-Курчин М.М. | H24: =CONCATENATE(H8," ",G1,"-",H10) -> Гл. специалист ССК УКС ПАО "Россети Московский регион"-Шатковский А.Н. | I24: =CONCATENATE(I8," ",G1,"-",I10) -> Гл. специалист ССК УКС ПАО "Россети Московский регион"-Алексанян Г.Р.
C25: =CONCATENATE(C8," ",C1,"-",C10,".",C9) -> Инженер по строительному контролю ООО"Энергосистемы"-Капитонов Д.А..Приказ № 18-ОТ/24 от 03 июня 2024 (НОСТРОЙ С-50-188017) | D25: =CONCATENATE(D8," ",D1,"-",D10,".",D9) -> Специалист по строительному контролю ООО «Гефест»-Саженова Л.В..Приказ №01/24-ОТ от 15.01.2024 (НРС № С-61-104369) | G25: =CONCATENATE(G8," ",G1) -> Гл. специалист ССК УКС ПАО "Россети Московский регион" | H25: =CONCATENATE(H8," ",G1) -> Гл. специалист ССК УКС ПАО "Россети Московский регион" | I25: =CONCATENATE(I8," ",G1) -> Гл. специалист ССК УКС ПАО "Россети Московский регион"
C26: =CONCATENATE(C8," ",C1) -> Инженер по строительному контролю ООО"Энергосистемы" | D26: =CONCATENATE(D8," ",D1) -> Специалист по строительному контролю ООО «Гефест» | G26: =CONCATENATE(G6," ",G1," ",G7) -> Начальник СРЭС СЭС филиала ПАО "Россети Московский регион" Чуев А.Н. | I26: =CONCATENATE(I6," ",G1," ",I7) -> Начальник ХРЭС СЭС филиала ПАО "Россети Московский регион"
C27: =CONCATENATE(C18," ",C1,"-",C20,".",C19) -> Прораб ООО"Энергосистемы"-Волков М.Ю..Приказ №05-ОТ/24 от 09 января 2024г | D27: =CONCATENATE(D18," ",D1,"-",D20,".",D19) -> Мастер электромонтажного участка ООО «Гефест»-Красилов К.А..Приказ №01/24-ОТ от 15.01.2024 | G27: =CONCATENATE(G14," ",G1," ",G15) -> ПАО "Россети Московский регион" | I27: =CONCATENATE(I14," ",G1," ",I15) -> ПАО "Россети Московский регион"
C28: =CONCATENATE(C18," ",C1," ",C20) -> Прораб ООО"Энергосистемы" Волков М.Ю. | D28: =CONCATENATE(D18," ",D1,"-",D20) -> Мастер электромонтажного участка ООО «Гефест»-Красилов К.А. | G28: =CONCATENATE(G16," ",G1," ",G17) -> ПАО "Россети Московский регион"
C29: =CONCATENATE(C18," ",C1) -> Прораб ООО"Энергосистемы" | D29: =CONCATENATE(D18," ",D1) -> Мастер электромонтажного участка ООО «Гефест»

Sheet Данные объект
A1: Данные объекта
A2: № САП | B2: SAP - 325834
A3: Объект | B3: Строительство РП-10 кВ, 4КЛ-10 кВ от яч. № 316 3-й с.ш. и № 503 5-й с.ш. ЗРУ-10 кВ до 1-ой и 2-ой с.ш. РУ- 10 кВ сооруж. РП-10кВ, ПС 110/35/10 кВ № 71 "Поварово", в т.ч. ПИР, МО, Солнечногорский р-н, д. Ложки
A4: р-н | B4: Солнечногорский р-н
A5: Адрес | B5: МО, Солнечногорский р-н, д. Ложки
A6: Дата старт | B6: 19.10.2025
A7: Дата финиш | B7: 16.07.2026
A8: Наименование электроустановки
A9: КЛ | B9: 2КЛ-10кВ со стороны с.5 яч.503 - БРП №171 с.2
A10: Монтажная организация
A11: Организация | B11: ООО"Энергосистемы" | C11: =CONCATENATE(B11," ",B12," ",B13) -> ООО"Энергосистемы" ОГРН 1135044003709 ИНН 5044089069 КПП 504401001 141508, Московская область, г.о. Солнечногорск, г. Солнечногорск, ул. Промышленная, стр. 5, помещение 179
A12: Реквизиты | B12: ОГРН 1135044003709 ИНН 5044089069 КПП 504401001
A13: адрес | B13: 141508, Московская область, г.о. Солнечногорск, г. Солнечногорск, ул. Промышленная, стр. 5, помещение 179
A14: Должность | B14: Генеральный директор
A15: ФИО | B15: Звездов Р.Е. | C15: =CONCATENATE(B14," ",B11," ",B15) -> Генеральный директор ООО"Энергосистемы" Звездов Р.Е.
A16: Должность | B16: Инженер по строительному контролю | C16: =CONCATENATE(B16," ",B11) -> Инженер по строительному контролю ООО"Энергосистемы"
A17: Ф.И.О. | B17: Русин В.А. | C17: =CONCATENATE(B16," ",B11," ",B17) -> Инженер по строительному контролю ООО"Энергосистемы" Русин В.А.
A18: Приказ | B18: Приказ № 13-ОТ/25 от 05 мая 2025 (НОСТРОЙ С-50-085497) | C18: =CONCATENATE(B16," ",B11," ",B17,".",B18) -> Инженер по строительному контролю ООО"Энергосистемы" Русин В.А..Приказ № 13-ОТ/25 от 05 мая 2025 (НОСТРОЙ С-50-085497)
A19: Должность | B19: Прораб | C19: =CONCATENATE(B19," ",B11) -> Прораб ООО"Энергосистемы"
A20: Ф.И.О. | B20: Волков М.Ю. | C20: =CONCATENATE(B19," ",B11," ",B20) -> Прораб ООО"Энергосистемы" Волков М.Ю.
A21: Приказ | B21: Приказ №05-ОТ/24 от 09 января 2024г | C21: =CONCATENATE(B19," ",B11," ",B20,".",B21) -> Прораб ООО"Энергосистемы" Волков М.Ю..Приказ №05-ОТ/24 от 09 января 2024г
A22: Заказчик
A23: Организация | B23: ПАО "Россети Московский регион" | C23: =CONCATENATE(B23," ",B24,",",B25) -> ПАО "Россети Московский регион" ОГРН 1057746555811 ИНН 5036065113 КПП 772501001,115114, город Москва, проезд Павелецкий 2-й, дом 3, строение 2
A24: Реквизиты | B24: ='Данные организации'!G2 -> ОГРН 1057746555811 ИНН 5036065113 КПП 772501001
A25: адрес | B25: ='Данные организации'!G3 -> 115114, город Москва, проезд Павелецкий 2-й, дом 3, строение 2
A26: Должность | B26: Начальник СРЭС СЭС филиала | C26: =CONCATENATE(B26," ",B23) -> Начальник СРЭС СЭС филиала ПАО "Россети Московский регион"
A27: Ф.И.О. | B27: Чуев А.Н. | C27: =CONCATENATE(B26," ",B23," ",B27) -> Начальник СРЭС СЭС филиала ПАО "Россети Московский регион" Чуев А.Н.
A28: Должность | B28: Гл. спец. сектора по льготным договорам тп | C28: =CONCATENATE(B28," ",B23) -> Гл. спец. сектора по льготным договорам тп ПАО "Россети Московский регион"
A29: Ф.И.О. | B29: Ефремкин Е.И. | C29: =CONCATENATE(B28," ",B23," ",B29) -> Гл. спец. сектора по льготным договорам тп ПАО "Россети Московский регион" Ефремкин Е.И.
A30: Должность | B30: Гл. специалист ПТГ | C30: =CONCATENATE(B30," ",B23) -> Гл. специалист ПТГ ПАО "Россети Московский регион"
A31: Ф.И.О. | B31: Царькова Н.К. | C31: =CONCATENATE(B30," ",B23," ",B31) -> Гл. специалист ПТГ ПАО "Россети Московский регион" Царькова Н.К.
A32: Должность | B32: Гл. специалист ССК УКС | C32: =CONCATENATE(B32," ",B23) -> Гл. специалист ССК УКС ПАО "Россети Московский регион"
A33: Ф.И.О. | B33: Алексанян Г.Р. | C33: =CONCATENATE(B32," ",B23," ",B33) -> Гл. специалист ССК УКС ПАО "Россети Московский регион" Алексанян Г.Р.
A34: Приказ | B34: Приказ №1904 от 03 июня 2026г (НРС С-50-069023) | C34: =CONCATENATE(B32," ",B23," ",B33," ",B34) -> Гл. специалист ССК УКС ПАО "Россети Московский регион" Алексанян Г.Р. Приказ №1904 от 03 июня 2026г (НРС С-50-069023)
A35: Должность | B35: Мастер СРЭС СЭС филиала | C35: =CONCATENATE(B35," ",B23) -> Мастер СРЭС СЭС филиала ПАО "Россети Московский регион"
A36: Ф.И.О. | B36: Курчин М.М. | C36: =CONCATENATE(B35," ",B23," ",B36) -> Мастер СРЭС СЭС филиала ПАО "Россети Московский регион" Курчин М.М.
A37: Приказ | C37: =CONCATENATE(B35," ",B23," ",B36,", ",B37) -> Мастер СРЭС СЭС филиала ПАО "Россети Московский регион" Курчин М.М.,
A38: Проект
A39: Организация | B39: ООО"Энергосистемы"
A40: Реквизиты | B40: ОГРН 1135044003709 ИНН 5044089069 КПП 504401001
A41: адрес | B41: 141508, Московская область, г.о. Солнечногорск, г. Солнечногорск, ул. Промышленная, стр. 5, помещение 179
A42: Город | B42: г. Солнечногорск
A43: № | B43: 4980-325834-217-09/24-ЭС
A44: Название | B44: =B3 -> Строительство РП-10 кВ, 4КЛ-10 кВ от яч. № 316 3-й с.ш. и № 503 5-й с.ш. ЗРУ-10 кВ до 1-ой и 2-ой с.ш. РУ- 10 кВ сооруж. РП-10кВ, ПС 110/35/10 кВ № 71 "Поварово", в т.ч. ПИР, МО, Солнечногорский р-н, д. Ложки

Sheet АОСР-1
AJ1: Приказ Минстроя №344/пр от 16.05.2023
AJ2: приложение №3
A3: Объект капитального строительства
A4: ='Данные объект'!B3 -> Строительство РП-10 кВ, 4КЛ-10 кВ от яч. № 316 3-й с.ш. и № 503 5-й с.ш. ЗРУ-10 кВ до 1-ой и 2-ой с.ш. РУ- 10 кВ сооруж. РП-10кВ, ПС 110/35/10 кВ № 71 "Поварово", в т.ч. ПИР, МО, Солнечногорский р-н, д. Ложки
A5: ='Данные объект'!B9 -> 2КЛ-10кВ со стороны с.5 яч.503 - БРП №171 с.2
A6: (наименование объекта капитального строительства в соответствии с проектной документацией, почтовый или строительный адрес объекта капитального строительства)
A7: Застройщик, технический заказчик, лицо, ответственное за эксплуатацию здания, сооружения, или региональный оператор
A8: ='Данные объект'!B23 -> ПАО "Россети Московский регион"
A9: (фамилия, имя, отчество (последнее - при наличии), адрес места жительства, ОРГНИП, ИНН индивидуального предпринимателя, полное и (или) сокращенное наименование, ОГРН, ИНН, адрес юридического лица в пределах его нахождения, телефон или факс,
A10: ='Данные объект'!B24 -> ОГРН 1057746555811 ИНН 5036065113 КПП 772501001
A11: полное и (или) сокращенное наименование, ОГРН, ИНН саморегулируемой организации, членом которой является указанное юридическое лицо или индивидуальный предприниматель (за исключением случаев, когда членство в саморегулируемых организациях в области, строительства, реконструкции, капитального ремонта объектов капитального строительства не требуется); фамилия, имя, отчество
A12: ='Данные объект'!B25 -> 115114, город Москва, проезд Павелецкий 2-й, дом 3, строение 2
A13: (последнее - при наличии), паспортные данные, адрес места жительства, телефон или факс - для физических лиц, не являющихся индивидуальными предпринимателями)
A14: Лицо, осуществляющее строительство, реконструкцию, капитальный ремонт
A15: ='Данные объект'!B11 -> ООО"Энергосистемы"
A16: (фамилия, имя, отчество (последнее - при наличии), адрес места жительства, ОРГНИП, ИНН индивидуального предпринимателя,
A17: ='Данные объект'!B12 -> ОГРН 1135044003709 ИНН 5044089069 КПП 504401001
A18: полное и (или) сокращенное наименование, ОГРН, ИНН, адрес юридического лица в пределах его местонахождения, телефон или факс,
A19: ='Данные объект'!B13 -> 141508, Московская область, г.о. Солнечногорск, г. Солнечногорск, ул. Промышленная, стр. 5, помещение 179
A20: полное и (или) сокращенное наименование, ОГРН, ИНН саморегулируемой организации, членом которой является указанное юридическое лицо или индивидуальный предприниматель (за исключением случаев, когда членство в саморегулируемых организациях в области строительства, реконструкции, капитального ремонта объектов капитального строительства не требуется)
A21: Лицо, осуществляющее подготовку проектной документации
A22: ='Данные объект'!B39 -> ООО"Энергосистемы"
A23: (фамилия, имя, отчество (последнее - при наличии), адрес места жительства, ОРГНИП, ИНН индивидуального предпринимателя,
A24: ='Данные объект'!B40 -> ОГРН 1135044003709 ИНН 5044089069 КПП 504401001
A25: полное и (или) сокращенное наименование, ОГРН, ИНН, адрес юридического лица в пределах его места нахождения, телефон или факс,
A26: ='Данные объект'!B41 -> 141508, Московская область, г.о. Солнечногорск, г. Солнечногорск, ул. Промышленная, стр. 5, помещение 179
A27: полное и (или) сокращенное наименование, ОГРН, ИНН саморегулируемой организации, членом которой является указанное юридическое лицо или индивидуальный предприниматель (за исключением случаев, когда членство в саморегулируемых организациях в области архитектурно-строительного проектирования не требуется)
A29: АКТ
A30: освидетельствования скрытых работ
B32: № | C32: 1 | E32: /КЛ | AB32: =P78 -> 16.07.2026 | AJ32: г.
AB33: (дата составления акта)
A35: Представитель застройщика, технического заказчика, лица, ответственного за эксплуатацию здания, сооружения, или регионального оператора по вопросам строительного контроля
A36: ='Данные объект'!C34 -> Гл. специалист ССК УКС ПАО "Россети Московский регион" Алексанян Г.Р. Приказ №1904 от 03 июня 2026г (НРС С-50-069023)
A37: (должность (при наличии), фамилия, инициалы, идентификационный номер в национальном реестре специалистов в области строительства (за исключением случаев, когда членство в саморегулируемых организациях в области строительства, реконструкции, капитального ремонта обектов капитального строительства не требуется), реквизиты распоряительного документа, подтверждающего полномочия,
A38: ='Данные объект'!C23 -> ПАО "Россети Московский регион" ОГРН 1057746555811 ИНН 5036065113 КПП 772501001,115114, город Москва, проезд Павелецкий 2-й, дом 3, строение 2
A39: с указанием полного и (или) сокращенного наименования, ОГРН, ИНН, адреса юридического лица в пределах его места нахождения (в случае осуществления строительного контроля на основании договора с застройщиком или техническим заказчиком), фамилии, имени, отчества (последнее - при наличии), адреса места жительства, ОГРНИП, ИНН индивиуального предпринимателя (в случае осуществления строительного контроля на основании договора с застройщиком или техническим заказчиком)
A40: Представитель лица, осуществляющего строительство, реконструкцию, капитальный ремонт
A41: ='Данные объект'!C21 -> Прораб ООО"Энергосистемы" Волков М.Ю..Приказ №05-ОТ/24 от 09 января 2024г
A42: (должность (при наличии), фамилия, инициалы, реквизиты распорядительного документа, подтверждающего полномочия)
A43: Представитель лица, осуществляющего строительство, реконструкцию, капитальный ремонт, по вопросам строительного контроля
A44: ='Данные объект'!C18 -> Инженер по строительному контролю ООО"Энергосистемы" Русин В.А..Приказ № 13-ОТ/25 от 05 мая 2025 (НОСТРОЙ С-50-085497)
A45: (должность (при наличии), фамилия, инициалы, идентификационный номер в национальном реестре специалистов в области строительства (за исключением случаев, когда членство в саморегулируемых организациях в области строительства, реконструкции, капитального ремонта обектов капитального строительства не требуется), реквизиты распоряительного документа, подтверждающего полномочия)
A46: А также иные представители лиц, участвующих в освидетельствовании:
A47: ='Данные объект'!$C$36 -> Мастер СРЭС СЭС филиала ПАО "Россети Московский регион" Курчин М.М.
A48: (должность (при наличии), фамилия, инициалы, реквизиты распорядительного документа, подтверждающего полномочия)
A49: Представитель лица, осуществляющего подготовку проектной документации (в случае привлечения застройщиком лица, осуществляющего подготовку проектной документации, для проверки соответствия выполняемых работ проектной документации согласно части 2 статьи 53 Градостроительного кодекса Российской Федерации)
A50: -
A51: (должность (при наличии), фамилия, инициалы, реквизиты распорядительного документа, подтверждающего полномочия, с указанием полного и (или) сокращенного наименования, ОГРН, ИНН, адреса юридического лица в пределах его места нахождения, фамилии, имени, отчества (последнее - при наличии), адреса места жительства, ОГРНИП, ИНН индивиуального предпринимателя)
A52: Представитель лица, выполнившего работы, подлежащие освидетельствованию (в случае выполнения работ по договорам о строительстве, реконcтрукции, капитальном ремонте объектов капитального строительства, заключенным с иными лицами)
A53: =CONCATENATE(#REF!,", ",#REF!," - ",#REF!) -> #REF!
A54: (должность (при наличии), фамилия, инициалы, реквизиты распорядительного документа, подтверждающего полномочия,
A56: с указанием полного и (или) сокращенного наименования, ОГРН, ИНН, адреса юридического лица в пределах его места нахождения, фамилии, имени, отчества (последнее - при наличии), адреса места жительства, ОРГНИП, ИНН индивидуального предпринимателя)
A57: произвели осмотр работ, выполненных
A58: ='Данные объект'!B11 -> ООО"Энергосистемы"
A59: (полное и (или) сокращенное наименование или фамилия, имя, отчество (последнее - при наличии) лица, выполнившего работы, подлежащие освидетельствованию)
A60: и составили настоящий акт о нижеследующем:
A61: 1. К освидетельствованию предъявлены следующие работы:
A62: Выемка грунта траншеи под прокладку 2КЛ-10кВ со стороны с.5 яч.503 - БРП №171 с.2 | AB62: 2571,3 м3
A63: (наименование скрытых работ)
A64: 2. Работы выполнены по проектной документации
A65: ='Данные объект'!B43 -> 4980-325834-217-09/24-ЭС
A66: (номер, другие реквизиты чертежа, наименование проектной и/или рабочей документации, сведения о лицах, осуществляющих подготовку раздела проектной и/или рабочей документации)
A67: 3. При выполнении работ применены
P68: (наименования строительных материалов (изделий),
A70: реквизиты сертификатов и (или) других документов, подтверждающих их качество и безопасность, в случае если необходимо указывать более 5 документов, указывается ссылка на их реестр, который является неотъемлемой частью акта)
A71: 4. Предъявлены документы, подтверждающие соответствие работ предъявляемым к ним
A72: требованиям: | G72: Исполнителная схема устройства траншеи
G73: (исполнительные схемы и чертежи, результаты экспертиз, обследований, лабораторных
A75: и иных испытаний выполненных работ, проведенных в процессе строительного контроля)
A77: 5. Даты: начала работ | P77: ='Данные объект'!B6 -> 19.10.2025 | X77: г.
A78: окончания работ | P78: ='Данные объект'!B7 -> 16.07.2026 | X78: г.
A80: 6. Работы выполнены в соответствии с
A81: Электромонтажные работы выполнены по проектной документации согласно требованиям СП 76.13330.2016. и ПУЭ
A82: (наименования и структурные единицы технических регламентов,
A84: иных нормативных правовых актов, разделы проектной и (или) рабочей документации)
A85: 7. Разрешается производство последующих работ
A86: Песчаное основание траншеи под прокладку 2КЛ-10кВ со стороны с.5 яч.503 - БРП №171 с.2
A87: (наименование работ, строительных конструкций, участков сетей инженерно-технического обеспечения)
A88: Дополнительные сведения
A90: Акт составлен в | J90: экземплярах (в случае заполнения акта на бумажном носителе).
A92: Приложения:
A93: 1. | B93: =G72 -> Исполнителная схема устройства траншеи
A94: (исполнительные схемы и чертежи, результаты экспертиз, обследований, лабораторных и иных испытаний)
A96: Представитель застройщика, технического заказчика, лица, ответственного за эксплуатацию
A97: здания, сооружения, или регионального оператора по вопросам строительного контроля
A98: ='Данные объект'!B33 -> Алексанян Г.Р.
A99: (фамилия, инициалы) | AB99: (подпись)
A100: Представитель лица, осуществляющего строительство, реконструкцию, капитальный ремонт
A101: ='Данные объект'!B20 -> Волков М.Ю.
A102: (фамилия, инициалы) | AB102: (подпись)
A103: Представитель лица, осуществляющего строительство, реконструкцию, капитальный ремонт,
A104: по вопросам строительного контроля
A105: ='Данные объект'!B17 -> Русин В.А.
A106: (фамилия, инициалы) | AB106: (подпись)
A107: Представители иных лиц:
A108: ='Данные объект'!$B$36 -> Курчин М.М.
A109: (фамилия, инициалы) | AB109: (подпись)
A110: Представитель лица, осуществляющего подготовку проектной документации (в случае привлечения застройщиком лица, осуществляющего подготовку проектной документации, для проверки соответствия выполняемых работ проектной документации согласно части 2 статьи 53 Градостроительного кодекса Российской Федерации)
A111: - | AB111: -
A112: (фамилия, инициалы) | AB112: (подпись)
...

Sheet АОСР-2
AJ1: Приказ Минстроя №344/пр от 16.05.2023
AJ2: приложение №3
A3: Объект капитального строительства
A4: ='Данные объект'!B3 -> Строительство РП-10 кВ, 4КЛ-10 кВ от яч. № 316 3-й с.ш. и № 503 5-й с.ш. ЗРУ-10 кВ до 1-ой и 2-ой с.ш. РУ- 10 кВ сооруж. РП-10кВ, ПС 110/35/10 кВ № 71 "Поварово", в т.ч. ПИР, МО, Солнечногорский р-н, д. Ложки
A5: ='Данные объект'!B9 -> 2КЛ-10кВ со стороны с.5 яч.503 - БРП №171 с.2
A6: (наименование объекта капитального строительства в соответствии с проектной документацией, почтовый или строительный адрес объекта капитального строительства)
A7: Застройщик, технический заказчик, лицо, ответственное за эксплуатацию здания, сооружения, или региональный оператор
A8: ='Данные объект'!B23 -> ПАО "Россети Московский регион"
A9: (фамилия, имя, отчество (последнее - при наличии), адрес места жительства, ОРГНИП, ИНН индивидуального предпринимателя, полное и (или) сокращенное наименование, ОГРН, ИНН, адрес юридического лица в пределах его нахождения, телефон или факс,
A10: ='Данные объект'!B24 -> ОГРН 1057746555811 ИНН 5036065113 КПП 772501001
A11: полное и (или) сокращенное наименование, ОГРН, ИНН саморегулируемой организации, членом которой является указанное юридическое лицо или индивидуальный предприниматель (за исключением случаев, когда членство в саморегулируемых организациях в области, строительства, реконструкции, капитального ремонта объектов капитального строительства не требуется); фамилия, имя, отчество
A12: ='Данные объект'!B25 -> 115114, город Москва, проезд Павелецкий 2-й, дом 3, строение 2
A13: (последнее - при наличии), паспортные данные, адрес места жительства, телефон или факс - для физических лиц, не являющихся индивидуальными предпринимателями)
A14: Лицо, осуществляющее строительство, реконструкцию, капитальный ремонт
A15: ='Данные объект'!B11 -> ООО"Энергосистемы"
A16: (фамилия, имя, отчество (последнее - при наличии), адрес места жительства, ОРГНИП, ИНН индивидуального предпринимателя,
A17: ='Данные объект'!B12 -> ОГРН 1135044003709 ИНН 5044089069 КПП 504401001
A18: полное и (или) сокращенное наименование, ОГРН, ИНН, адрес юридического лица в пределах его местонахождения, телефон или факс,
A19: ='Данные объект'!B13 -> 141508, Московская область, г.о. Солнечногорск, г. Солнечногорск, ул. Промышленная, стр. 5, помещение 179
A20: полное и (или) сокращенное наименование, ОГРН, ИНН саморегулируемой организации, членом которой является указанное юридическое лицо или индивидуальный предприниматель (за исключением случаев, когда членство в саморегулируемых организациях в области строительства, реконструкции, капитального ремонта объектов капитального строительства не требуется)
A21: Лицо, осуществляющее подготовку проектной документации
A22: ='Данные объект'!B39 -> ООО"Энергосистемы"
A23: (фамилия, имя, отчество (последнее - при наличии), адрес места жительства, ОРГНИП, ИНН индивидуального предпринимателя,
A24: ='Данные объект'!B40 -> ОГРН 1135044003709 ИНН 5044089069 КПП 504401001
A25: полное и (или) сокращенное наименование, ОГРН, ИНН, адрес юридического лица в пределах его места нахождения, телефон или факс,
A26: ='Данные объект'!B41 -> 141508, Московская область, г.о. Солнечногорск, г. Солнечногорск, ул. Промышленная, стр. 5, помещение 179
A27: полное и (или) сокращенное наименование, ОГРН, ИНН саморегулируемой организации, членом которой является указанное юридическое лицо или индивидуальный предприниматель (за исключением случаев, когда членство в саморегулируемых организациях в области архитектурно-строительного проектирования не требуется)
A29: АКТ
A30: освидетельствования скрытых работ
B32: № | C32: ='АОСР-1'!C32+1 -> 2 | E32: /КЛ | AB32: =P78 -> 16.07.2026 | AJ32: г.
AB33: (дата составления акта)
A35: Представитель застройщика, технического заказчика, лица, ответственного за эксплуатацию здания, сооружения, или регионального оператора по вопросам строительного контроля
A36: ='Данные объект'!C34 -> Гл. специалист ССК УКС ПАО "Россети Московский регион" Алексанян Г.Р. Приказ №1904 от 03 июня 2026г (НРС С-50-069023)
A37: (должность (при наличии), фамилия, инициалы, идентификационный номер в национальном реестре специалистов в области строительства (за исключением случаев, когда членство в саморегулируемых организациях в области строительства, реконструкции, капитального ремонта обектов капитального строительства не требуется), реквизиты распоряительного документа, подтверждающего полномочия,
A38: ='Данные объект'!C23 -> ПАО "Россети Московский регион" ОГРН 1057746555811 ИНН 5036065113 КПП 772501001,115114, город Москва, проезд Павелецкий 2-й, дом 3, строение 2
A39: с указанием полного и (или) сокращенного наименования, ОГРН, ИНН, адреса юридического лица в пределах его места нахождения (в случае осуществления строительного контроля на основании договора с застройщиком или техническим заказчиком), фамилии, имени, отчества (последнее - при наличии), адреса места жительства, ОГРНИП, ИНН индивиуального предпринимателя (в случае осуществления строительного контроля на основании договора с застройщиком или техническим заказчиком)
A40: Представитель лица, осуществляющего строительство, реконструкцию, капитальный ремонт
A41: ='Данные объект'!C21 -> Прораб ООО"Энергосистемы" Волков М.Ю..Приказ №05-ОТ/24 от 09 января 2024г
A42: (должность (при наличии), фамилия, инициалы, реквизиты распорядительного документа, подтверждающего полномочия)
A43: Представитель лица, осуществляющего строительство, реконструкцию, капитальный ремонт, по вопросам строительного контроля
A44: ='Данные объект'!C18 -> Инженер по строительному контролю ООО"Энергосистемы" Русин В.А..Приказ № 13-ОТ/25 от 05 мая 2025 (НОСТРОЙ С-50-085497)
A45: (должность (при наличии), фамилия, инициалы, идентификационный номер в национальном реестре специалистов в области строительства (за исключением случаев, когда членство в саморегулируемых организациях в области строительства, реконструкции, капитального ремонта обектов капитального строительства не требуется), реквизиты распоряительного документа, подтверждающего полномочия)
A46: А также иные представители лиц, участвующих в освидетельствовании:
A47: ='Данные объект'!$C$36 -> Мастер СРЭС СЭС филиала ПАО "Россети Московский регион" Курчин М.М.
A48: (должность (при наличии), фамилия, инициалы, реквизиты распорядительного документа, подтверждающего полномочия)
A49: Представитель лица, осуществляющего подготовку проектной документации (в случае привлечения застройщиком лица, осуществляющего подготовку проектной документации, для проверки соответствия выполняемых работ проектной документации согласно части 2 статьи 53 Градостроительного кодекса Российской Федерации)
A50: -
A51: (должность (при наличии), фамилия, инициалы, реквизиты распорядительного документа, подтверждающего полномочия, с указанием полного и (или) сокращенного наименования, ОГРН, ИНН, адреса юридического лица в пределах его места нахождения, фамилии, имени, отчества (последнее - при наличии), адреса места жительства, ОГРНИП, ИНН индивиуального предпринимателя)
A52: Представитель лица, выполнившего работы, подлежащие освидетельствованию (в случае выполнения работ по договорам о строительстве, реконcтрукции, капитальном ремонте объектов капитального строительства, заключенным с иными лицами)
A53: =CONCATENATE(#REF!,", ",#REF!," - ",#REF!) -> #REF!
A54: (должность (при наличии), фамилия, инициалы, реквизиты распорядительного документа, подтверждающего полномочия,
A56: с указанием полного и (или) сокращенного наименования, ОГРН, ИНН, адреса юридического лица в пределах его места нахождения, фамилии, имени, отчества (последнее - при наличии), адреса места жительства, ОРГНИП, ИНН индивидуального предпринимателя)
A57: произвели осмотр работ, выполненных
A58: ='Данные объект'!B11 -> ООО"Энергосистемы"
A59: (полное и (или) сокращенное наименование или фамилия, имя, отчество (последнее - при наличии) лица, выполнившего работы, подлежащие освидетельствованию)
A60: и составили настоящий акт о нижеследующем:
A61: 1. К освидетельствованию предъявлены следующие работы:
A62: ='АОСР-1'!A86:AJ86 -> Песчаное основание траншеи под прокладку 2КЛ-10кВ со стороны с.5 яч.503 - БРП №171 с.2
A63: (наименование скрытых работ)
A64: 2. Работы выполнены по проектной документации
A65: ='Данные объект'!B43 -> 4980-325834-217-09/24-ЭС
A66: (номер, другие реквизиты чертежа, наименование проектной и/или рабочей документации, сведения о лицах, осуществляющих подготовку раздела проектной и/или рабочей документации)
A67: 3. При выполнении работ применены
P68: (наименования строительных материалов (изделий),
A69: Песок | D69: - | E69: 942.81 | I69: м3 | K69: Паспорт качества б/н
A70: реквизиты сертификатов и (или) других документов, подтверждающих их качество и безопасность, в случае если необходимо указывать более 5 документов, указывается ссылка на их реестр, который является неотъемлемой частью акта)
A71: 4. Предъявлены документы, подтверждающие соответствие работ предъявляемым к ним
A72: требованиям: | G72: Исполнителная схема устройства траншеи | V72: ;
G73: (исполнительные схемы и чертежи, результаты экспертиз, обследований, лабораторных
A75: и иных испытаний выполненных работ, проведенных в процессе строительного контроля)
A77: 5. Даты: начала работ | P77: ='Данные объект'!B6 -> 19.10.2025 | X77: г.
A78: окончания работ | P78: ='Данные объект'!B7 -> 16.07.2026 | X78: г.
A80: 6. Работы выполнены в соответствии с
A81: Электромонтажные работы выполнены по проектной документации согласно требованиям СП 76.13330.2016. и ПУЭ
A82: (наименования и структурные единицы технических регламентов,
A84: иных нормативных правовых актов, разделы проектной и (или) рабочей документации)
A85: 7. Разрешается производство последующих работ
A86: ='АОСР-2 (2)'!A62 -> Устройство несгораемой перегородки из полнотелого кирпича М200 2КЛ-10кВ со стороны с.5 яч.503 - БРП №171 с.2
A87: (наименование работ, строительных конструкций, участков сетей инженерно-технического обеспечения)
A88: Дополнительные сведения
A90: Акт составлен в | J90: экземплярах (в случае заполнения акта на бумажном носителе).
A92: Приложения:
A93: 1. | B93: =G72 -> Исполнителная схема устройства траншеи
A94: 2. | B94: =K69 -> Паспорт качества б/н
A95: (исполнительные схемы и чертежи, результаты экспертиз, обследований, лабораторных и иных испытаний)
A97: Представитель застройщика, технического заказчика, лица, ответственного за эксплуатацию
A98: здания, сооружения, или регионального оператора по вопросам строительного контроля
A99: ='Данные объект'!B33 -> Алексанян Г.Р.
A100: (фамилия, инициалы) | AB100: (подпись)
A101: Представитель лица, осуществляющего строительство, реконструкцию, капитальный ремонт
A102: ='Данные объект'!B20 -> Волков М.Ю.
A103: (фамилия, инициалы) | AB103: (подпись)
A104: Представитель лица, осуществляющего строительство, реконструкцию, капитальный ремонт,
A105: по вопросам строительного контроля
A106: ='Данные объект'!B17 -> Русин В.А.
A107: (фамилия, инициалы) | AB107: (подпись)
A108: Представители иных лиц:
A109: ='Данные объект'!$B$36 -> Курчин М.М.
A110: (фамилия, инициалы) | AB110: (подпись)
A111: Представитель лица, осуществляющего подготовку проектной документации (в случае привлечения застройщиком лица, осуществляющего подготовку проектной документации, для проверки соответствия выполняемых работ проектной документации согласно части 2 статьи 53 Градостроительного кодекса Российской Федерации)
...

Sheet АОСР-2 (2)
AJ1: Приказ Минстроя №344/пр от 16.05.2023
AJ2: приложение №3
A3: Объект капитального строительства
A4: ='Данные объект'!B3 -> Строительство РП-10 кВ, 4КЛ-10 кВ от яч. № 316 3-й с.ш. и № 503 5-й с.ш. ЗРУ-10 кВ до 1-ой и 2-ой с.ш. РУ- 10 кВ сооруж. РП-10кВ, ПС 110/35/10 кВ № 71 "Поварово", в т.ч. ПИР, МО, Солнечногорский р-н, д. Ложки
A5: ='Данные объект'!B9 -> 2КЛ-10кВ со стороны с.5 яч.503 - БРП №171 с.2
A6: (наименование объекта капитального строительства в соответствии с проектной документацией, почтовый или строительный адрес объекта капитального строительства)
A7: Застройщик, технический заказчик, лицо, ответственное за эксплуатацию здания, сооружения, или региональный оператор
A8: ='Данные объект'!B23 -> ПАО "Россети Московский регион"
A9: (фамилия, имя, отчество (последнее - при наличии), адрес места жительства, ОРГНИП, ИНН индивидуального предпринимателя, полное и (или) сокращенное наименование, ОГРН, ИНН, адрес юридического лица в пределах его нахождения, телефон или факс,
A10: ='Данные объект'!B24 -> ОГРН 1057746555811 ИНН 5036065113 КПП 772501001
A11: полное и (или) сокращенное наименование, ОГРН, ИНН саморегулируемой организации, членом которой является указанное юридическое лицо или индивидуальный предприниматель (за исключением случаев, когда членство в саморегулируемых организациях в области, строительства, реконструкции, капитального ремонта объектов капитального строительства не требуется); фамилия, имя, отчество
A12: ='Данные объект'!B25 -> 115114, город Москва, проезд Павелецкий 2-й, дом 3, строение 2
A13: (последнее - при наличии), паспортные данные, адрес места жительства, телефон или факс - для физических лиц, не являющихся индивидуальными предпринимателями)
A14: Лицо, осуществляющее строительство, реконструкцию, капитальный ремонт
A15: ='Данные объект'!B11 -> ООО"Энергосистемы"
A16: (фамилия, имя, отчество (последнее - при наличии), адрес места жительства, ОРГНИП, ИНН индивидуального предпринимателя,
A17: ='Данные объект'!B12 -> ОГРН 1135044003709 ИНН 5044089069 КПП 504401001
A18: полное и (или) сокращенное наименование, ОГРН, ИНН, адрес юридического лица в пределах его местонахождения, телефон или факс,
A19: ='Данные объект'!B13 -> 141508, Московская область, г.о. Солнечногорск, г. Солнечногорск, ул. Промышленная, стр. 5, помещение 179
A20: полное и (или) сокращенное наименование, ОГРН, ИНН саморегулируемой организации, членом которой является указанное юридическое лицо или индивидуальный предприниматель (за исключением случаев, когда членство в саморегулируемых организациях в области строительства, реконструкции, капитального ремонта объектов капитального строительства не требуется)
A21: Лицо, осуществляющее подготовку проектной документации
A22: ='Данные объект'!B39 -> ООО"Энергосистемы"
A23: (фамилия, имя, отчество (последнее - при наличии), адрес места жительства, ОРГНИП, ИНН индивидуального предпринимателя,
A24: ='Данные объект'!B40 -> ОГРН 1135044003709 ИНН 5044089069 КПП 504401001
A25: полное и (или) сокращенное наименование, ОГРН, ИНН, адрес юридического лица в пределах его места нахождения, телефон или факс,
A26: ='Данные объект'!B41 -> 141508, Московская область, г.о. Солнечногорск, г. Солнечногорск, ул. Промышленная, стр. 5, помещение 179
A27: полное и (или) сокращенное наименование, ОГРН, ИНН саморегулируемой организации, членом которой является указанное юридическое лицо или индивидуальный предприниматель (за исключением случаев, когда членство в саморегулируемых организациях в области архитектурно-строительного проектирования не требуется)
A29: АКТ
A30: освидетельствования скрытых работ
B32: № | C32: 3 | E32: /КЛ | AB32: =P78 -> 16.07.2026 | AJ32: г.
AB33: (дата составления акта)
A35: Представитель застройщика, технического заказчика, лица, ответственного за эксплуатацию здания, сооружения, или регионального оператора по вопросам строительного контроля
A36: ='Данные объект'!C34 -> Гл. специалист ССК УКС ПАО "Россети Московский регион" Алексанян Г.Р. Приказ №1904 от 03 июня 2026г (НРС С-50-069023)
A37: (должность (при наличии), фамилия, инициалы, идентификационный номер в национальном реестре специалистов в области строительства (за исключением случаев, когда членство в саморегулируемых организациях в области строительства, реконструкции, капитального ремонта обектов капитального строительства не требуется), реквизиты распоряительного документа, подтверждающего полномочия,
A38: ='Данные объект'!C23 -> ПАО "Россети Московский регион" ОГРН 1057746555811 ИНН 5036065113 КПП 772501001,115114, город Москва, проезд Павелецкий 2-й, дом 3, строение 2
A39: с указанием полного и (или) сокращенного наименования, ОГРН, ИНН, адреса юридического лица в пределах его места нахождения (в случае осуществления строительного контроля на основании договора с застройщиком или техническим заказчиком), фамилии, имени, отчества (последнее - при наличии), адреса места жительства, ОГРНИП, ИНН индивиуального предпринимателя (в случае осуществления строительного контроля на основании договора с застройщиком или техническим заказчиком)
A40: Представитель лица, осуществляющего строительство, реконструкцию, капитальный ремонт
A41: ='Данные объект'!C21 -> Прораб ООО"Энергосистемы" Волков М.Ю..Приказ №05-ОТ/24 от 09 января 2024г
A42: (должность (при наличии), фамилия, инициалы, реквизиты распорядительного документа, подтверждающего полномочия)
A43: Представитель лица, осуществляющего строительство, реконструкцию, капитальный ремонт, по вопросам строительного контроля
A44: ='Данные объект'!C18 -> Инженер по строительному контролю ООО"Энергосистемы" Русин В.А..Приказ № 13-ОТ/25 от 05 мая 2025 (НОСТРОЙ С-50-085497)
A45: (должность (при наличии), фамилия, инициалы, идентификационный номер в национальном реестре специалистов в области строительства (за исключением случаев, когда членство в саморегулируемых организациях в области строительства, реконструкции, капитального ремонта обектов капитального строительства не требуется), реквизиты распоряительного документа, подтверждающего полномочия)
A46: А также иные представители лиц, участвующих в освидетельствовании:
A47: ='Данные объект'!$C$36 -> Мастер СРЭС СЭС филиала ПАО "Россети Московский регион" Курчин М.М.
A48: (должность (при наличии), фамилия, инициалы, реквизиты распорядительного документа, подтверждающего полномочия)
A49: Представитель лица, осуществляющего подготовку проектной документации (в случае привлечения застройщиком лица, осуществляющего подготовку проектной документации, для проверки соответствия выполняемых работ проектной документации согласно части 2 статьи 53 Градостроительного кодекса Российской Федерации)
A50: -
A51: (должность (при наличии), фамилия, инициалы, реквизиты распорядительного документа, подтверждающего полномочия, с указанием полного и (или) сокращенного наименования, ОГРН, ИНН, адреса юридического лица в пределах его места нахождения, фамилии, имени, отчества (последнее - при наличии), адреса места жительства, ОГРНИП, ИНН индивиуального предпринимателя)
A52: Представитель лица, выполнившего работы, подлежащие освидетельствованию (в случае выполнения работ по договорам о строительстве, реконcтрукции, капитальном ремонте объектов капитального строительства, заключенным с иными лицами)
A53: =CONCATENATE(#REF!,", ",#REF!," - ",#REF!) -> #REF!
A54: (должность (при наличии), фамилия, инициалы, реквизиты распорядительного документа, подтверждающего полномочия,
A56: с указанием полного и (или) сокращенного наименования, ОГРН, ИНН, адреса юридического лица в пределах его места нахождения, фамилии, имени, отчества (последнее - при наличии), адреса места жительства, ОРГНИП, ИНН индивидуального предпринимателя)
A57: произвели осмотр работ, выполненных
A58: ='Данные объект'!B11 -> ООО"Энергосистемы"
A59: (полное и (или) сокращенное наименование или фамилия, имя, отчество (последнее - при наличии) лица, выполнившего работы, подлежащие освидетельствованию)
A60: и составили настоящий акт о нижеследующем:
A61: 1. К освидетельствованию предъявлены следующие работы:
A62: Устройство несгораемой перегородки из полнотелого кирпича М200 2КЛ-10кВ со стороны с.5 яч.503 - БРП №171 с.2
A63: (наименование скрытых работ)
A64: 2. Работы выполнены по проектной документации
A65: ='Данные объект'!B43 -> 4980-325834-217-09/24-ЭС
A66: (номер, другие реквизиты чертежа, наименование проектной и/или рабочей документации, сведения о лицах, осуществляющих подготовку раздела проектной и/или рабочей документации)
A67: 3. При выполнении работ применены
P68: (наименования строительных материалов (изделий),
A69: Кирпич | D69: - | E69: 16671 | I69: шт | K69: Сертификат соответствия № РОСС RU.31771.04ЖЗМ1/ОС.29.2021/М01395
A70: реквизиты сертификатов и (или) других документов, подтверждающих их качество и безопасность, в случае если необходимо указывать более 5 документов, указывается ссылка на их реестр, который является неотъемлемой частью акта)
A71: 4. Предъявлены документы, подтверждающие соответствие работ предъявляемым к ним
A72: требованиям: | G72: Исполнителная схема устройства траншеи | V72: ;
G73: (исполнительные схемы и чертежи, результаты экспертиз, обследований, лабораторных
A75: и иных испытаний выполненных работ, проведенных в процессе строительного контроля)
A77: 5. Даты: начала работ | P77: ='Данные объект'!B6 -> 19.10.2025 | X77: г.
A78: окончания работ | P78: ='Данные объект'!B7 -> 16.07.2026 | X78: г.
A80: 6. Работы выполнены в соответствии с
A81: Электромонтажные работы выполнены по проектной документации согласно требованиям СП 76.13330.2016. и ПУЭ
A82: (наименования и структурные единицы технических регламентов,
A84: иных нормативных правовых актов, разделы проектной и (или) рабочей документации)
A85: 7. Разрешается производство последующих работ
A86: Устройство трубопровода под прокладку 2КЛ-10кВ со стороны с.3 яч.317 - БРП №171 с.1
A87: (наименование работ, строительных конструкций, участков сетей инженерно-технического обеспечения)
A88: Дополнительные сведения
A90: Акт составлен в | J90: экземплярах (в случае заполнения акта на бумажном носителе).
A92: Приложения:
A93: 1. | B93: =G72 -> Исполнителная схема устройства траншеи
A94: 2. | B94: =K69 -> Сертификат соответствия № РОСС RU.31771.04ЖЗМ1/ОС.29.2021/М01395
A95: (исполнительные схемы и чертежи, результаты экспертиз, обследований, лабораторных и иных испытаний)
A97: Представитель застройщика, технического заказчика, лица, ответственного за эксплуатацию
A98: здания, сооружения, или регионального оператора по вопросам строительного контроля
A99: ='Данные объект'!B33 -> Алексанян Г.Р.
A100: (фамилия, инициалы) | AB100: (подпись)
A101: Представитель лица, осуществляющего строительство, реконструкцию, капитальный ремонт
A102: ='Данные объект'!B20 -> Волков М.Ю.
A103: (фамилия, инициалы) | AB103: (подпись)
A104: Представитель лица, осуществляющего строительство, реконструкцию, капитальный ремонт,
A105: по вопросам строительного контроля
A106: ='Данные объект'!B17 -> Русин В.А.
A107: (фамилия, инициалы) | AB107: (подпись)
A108: Представители иных лиц:
A109: ='Данные объект'!$B$36 -> Курчин М.М.
A110: (фамилия, инициалы) | AB110: (подпись)
A111: Представитель лица, осуществляющего подготовку проектной документации (в случае привлечения застройщиком лица, осуществляющего подготовку проектной документации, для проверки соответствия выполняемых работ проектной документации согласно части 2 статьи 53 Градостроительного кодекса Российской Федерации)
...

Sheet АОСР-3
AJ1: Приказ Минстроя №344/пр от 16.05.2023
AJ2: приложение №3
A3: Объект капитального строительства
A4: ='Данные объект'!B3 -> Строительство РП-10 кВ, 4КЛ-10 кВ от яч. № 316 3-й с.ш. и № 503 5-й с.ш. ЗРУ-10 кВ до 1-ой и 2-ой с.ш. РУ- 10 кВ сооруж. РП-10кВ, ПС 110/35/10 кВ № 71 "Поварово", в т.ч. ПИР, МО, Солнечногорский р-н, д. Ложки
A5: ='Данные объект'!B9 -> 2КЛ-10кВ со стороны с.5 яч.503 - БРП №171 с.2
A6: (наименование объекта капитального строительства в соответствии с проектной документацией, почтовый или строительный адрес объекта капитального строительства)
A7: Застройщик, технический заказчик, лицо, ответственное за эксплуатацию здания, сооружения, или региональный оператор
A8: ='Данные объект'!B23 -> ПАО "Россети Московский регион"
A9: (фамилия, имя, отчество (последнее - при наличии), адрес места жительства, ОРГНИП, ИНН индивидуального предпринимателя, полное и (или) сокращенное наименование, ОГРН, ИНН, адрес юридического лица в пределах его нахождения, телефон или факс,
A10: ='Данные объект'!B24 -> ОГРН 1057746555811 ИНН 5036065113 КПП 772501001
A11: полное и (или) сокращенное наименование, ОГРН, ИНН саморегулируемой организации, членом которой является указанное юридическое лицо или индивидуальный предприниматель (за исключением случаев, когда членство в саморегулируемых организациях в области, строительства, реконструкции, капитального ремонта объектов капитального строительства не требуется); фамилия, имя, отчество
A12: ='Данные объект'!B25 -> 115114, город Москва, проезд Павелецкий 2-й, дом 3, строение 2
A13: (последнее - при наличии), паспортные данные, адрес места жительства, телефон или факс - для физических лиц, не являющихся индивидуальными предпринимателями)
A14: Лицо, осуществляющее строительство, реконструкцию, капитальный ремонт
A15: ='Данные объект'!B11 -> ООО"Энергосистемы"
A16: (фамилия, имя, отчество (последнее - при наличии), адрес места жительства, ОРГНИП, ИНН индивидуального предпринимателя,
A17: ='Данные объект'!B12 -> ОГРН 1135044003709 ИНН 5044089069 КПП 504401001
A18: полное и (или) сокращенное наименование, ОГРН, ИНН, адрес юридического лица в пределах его местонахождения, телефон или факс,
A19: ='Данные объект'!B13 -> 141508, Московская область, г.о. Солнечногорск, г. Солнечногорск, ул. Промышленная, стр. 5, помещение 179
A20: полное и (или) сокращенное наименование, ОГРН, ИНН саморегулируемой организации, членом которой является указанное юридическое лицо или индивидуальный предприниматель (за исключением случаев, когда членство в саморегулируемых организациях в области строительства, реконструкции, капитального ремонта объектов капитального строительства не требуется)
A21: Лицо, осуществляющее подготовку проектной документации
A22: ='Данные объект'!B39 -> ООО"Энергосистемы"
A23: (фамилия, имя, отчество (последнее - при наличии), адрес места жительства, ОРГНИП, ИНН индивидуального предпринимателя,
A24: ='Данные объект'!B40 -> ОГРН 1135044003709 ИНН 5044089069 КПП 504401001
A25: полное и (или) сокращенное наименование, ОГРН, ИНН, адрес юридического лица в пределах его места нахождения, телефон или факс,
A26: ='Данные объект'!B41 -> 141508, Московская область, г.о. Солнечногорск, г. Солнечногорск, ул. Промышленная, стр. 5, помещение 179
A27: полное и (или) сокращенное наименование, ОГРН, ИНН саморегулируемой организации, членом которой является указанное юридическое лицо или индивидуальный предприниматель (за исключением случаев, когда членство в саморегулируемых организациях в области архитектурно-строительного проектирования не требуется)
A29: АКТ
A30: освидетельствования скрытых работ
B32: № | C32: 4 | E32: /КЛ | AB32: =P78 -> 16.07.2026 | AJ32: г.
AB33: (дата составления акта)
A35: Представитель застройщика, технического заказчика, лица, ответственного за эксплуатацию здания, сооружения, или регионального оператора по вопросам строительного контроля
A36: ='Данные объект'!C34 -> Гл. специалист ССК УКС ПАО "Россети Московский регион" Алексанян Г.Р. Приказ №1904 от 03 июня 2026г (НРС С-50-069023)
A37: (должность (при наличии), фамилия, инициалы, идентификационный номер в национальном реестре специалистов в области строительства (за исключением случаев, когда членство в саморегулируемых организациях в области строительства, реконструкции, капитального ремонта обектов капитального строительства не требуется), реквизиты распоряительного документа, подтверждающего полномочия,
A38: ='Данные объект'!C23 -> ПАО "Россети Московский регион" ОГРН 1057746555811 ИНН 5036065113 КПП 772501001,115114, город Москва, проезд Павелецкий 2-й, дом 3, строение 2
A39: с указанием полного и (или) сокращенного наименования, ОГРН, ИНН, адреса юридического лица в пределах его места нахождения (в случае осуществления строительного контроля на основании договора с застройщиком или техническим заказчиком), фамилии, имени, отчества (последнее - при наличии), адреса места жительства, ОГРНИП, ИНН индивиуального предпринимателя (в случае осуществления строительного контроля на основании договора с застройщиком или техническим заказчиком)
A40: Представитель лица, осуществляющего строительство, реконструкцию, капитальный ремонт
A41: ='Данные объект'!C21 -> Прораб ООО"Энергосистемы" Волков М.Ю..Приказ №05-ОТ/24 от 09 января 2024г
A42: (должность (при наличии), фамилия, инициалы, реквизиты распорядительного документа, подтверждающего полномочия)
A43: Представитель лица, осуществляющего строительство, реконструкцию, капитальный ремонт, по вопросам строительного контроля
A44: ='Данные объект'!C18 -> Инженер по строительному контролю ООО"Энергосистемы" Русин В.А..Приказ № 13-ОТ/25 от 05 мая 2025 (НОСТРОЙ С-50-085497)
A45: (должность (при наличии), фамилия, инициалы, идентификационный номер в национальном реестре специалистов в области строительства (за исключением случаев, когда членство в саморегулируемых организациях в области строительства, реконструкции, капитального ремонта обектов капитального строительства не требуется), реквизиты распоряительного документа, подтверждающего полномочия)
A46: А также иные представители лиц, участвующих в освидетельствовании:
A47: ='Данные объект'!$C$36 -> Мастер СРЭС СЭС филиала ПАО "Россети Московский регион" Курчин М.М.
A48: (должность (при наличии), фамилия, инициалы, реквизиты распорядительного документа, подтверждающего полномочия)
A49: Представитель лица, осуществляющего подготовку проектной документации (в случае привлечения застройщиком лица, осуществляющего подготовку проектной документации, для проверки соответствия выполняемых работ проектной документации согласно части 2 статьи 53 Градостроительного кодекса Российской Федерации)
A50: -
A51: (должность (при наличии), фамилия, инициалы, реквизиты распорядительного документа, подтверждающего полномочия, с указанием полного и (или) сокращенного наименования, ОГРН, ИНН, адреса юридического лица в пределах его места нахождения, фамилии, имени, отчества (последнее - при наличии), адреса места жительства, ОГРНИП, ИНН индивиуального предпринимателя)
A52: Представитель лица, выполнившего работы, подлежащие освидетельствованию (в случае выполнения работ по договорам о строительстве, реконcтрукции, капитальном ремонте объектов капитального строительства, заключенным с иными лицами)
A53: =CONCATENATE(#REF!,", ",#REF!," - ",#REF!) -> #REF!
A54: (должность (при наличии), фамилия, инициалы, реквизиты распорядительного документа, подтверждающего полномочия,
A56: с указанием полного и (или) сокращенного наименования, ОГРН, ИНН, адреса юридического лица в пределах его места нахождения, фамилии, имени, отчества (последнее - при наличии), адреса места жительства, ОРГНИП, ИНН индивидуального предпринимателя)
A57: произвели осмотр работ, выполненных
A58: ='Данные объект'!B11 -> ООО"Энергосистемы"
A59: (полное и (или) сокращенное наименование или фамилия, имя, отчество (последнее - при наличии) лица, выполнившего работы, подлежащие освидетельствованию)
A60: и составили настоящий акт о нижеследующем:
A61: 1. К освидетельствованию предъявлены следующие работы:
A62: ='АОСР-2 (2)'!A86:AJ86 -> Устройство трубопровода под прокладку 2КЛ-10кВ со стороны с.3 яч.317 - БРП №171 с.1
A63: (наименование скрытых работ)
A64: 2. Работы выполнены по проектной документации
A65: ='Данные объект'!B43 -> 4980-325834-217-09/24-ЭС
A66: (номер, другие реквизиты чертежа, наименование проектной и/или рабочей документации, сведения о лицах, осуществляющих подготовку раздела проектной и/или рабочей документации)
A67: 3. При выполнении работ применены
P68: (наименования строительных материалов (изделий),
A69: Труба F4 d160мм | I69: - | J69: 1476 | M69: м | O69: Паспорт качества № 00368/25
A70: реквизиты сертификатов и (или) других документов, подтверждающих их качество и безопасность, в случае если необходимо указывать более 5 документов, указывается ссылка на их реестр, который является неотъемлемой частью акта)
A71: 4. Предъявлены документы, подтверждающие соответствие работ предъявляемым к ним
A72: требованиям: | G72: Исполнителная схема устройства траншеи | V72: ;
G73: (исполнительные схемы и чертежи, результаты экспертиз, обследований, лабораторных
A75: и иных испытаний выполненных работ, проведенных в процессе строительного контроля)
A77: 5. Даты: начала работ | P77: ='Данные объект'!B6 -> 19.10.2025 | X77: г.
A78: окончания работ | P78: ='Данные объект'!B7 -> 16.07.2026 | X78: г.
A80: 6. Работы выполнены в соответствии с
A81: Электромонтажные работы выполнены по проектной документации согласно требованиям СП 76.13330.2016. и ПУЭ
A82: (наименования и структурные единицы технических регламентов,
A84: иных нормативных правовых актов, разделы проектной и (или) рабочей документации)
A85: 7. Разрешается производство последующих работ
A86: Прокладка кабеля 2КЛ-10кВ со стороны с.5 яч.503 - БРП №171 с.2
A87: (наименование работ, строительных конструкций, участков сетей инженерно-технического обеспечения)
A88: Дополнительные сведения
A90: Акт составлен в | J90: экземплярах (в случае заполнения акта на бумажном носителе).
A92: Приложения:
A93: 1. | B93: =G72 -> Исполнителная схема устройства траншеи | P93: - | Q93: 1 лист
A94: 2. | B94: =O69 -> Паспорт качества № 00368/25 | P94: - | Q94: 1 лист
A95: (исполнительные схемы и чертежи, результаты экспертиз, обследований, лабораторных и иных испытаний)
A97: Представитель застройщика, технического заказчика, лица, ответственного за эксплуатацию
A98: здания, сооружения, или регионального оператора по вопросам строительного контроля
A99: ='Данные объект'!B33 -> Алексанян Г.Р.
A100: (фамилия, инициалы) | AB100: (подпись)
A101: Представитель лица, осуществляющего строительство, реконструкцию, капитальный ремонт
A102: ='Данные объект'!B20 -> Волков М.Ю.
A103: (фамилия, инициалы) | AB103: (подпись)
A104: Представитель лица, осуществляющего строительство, реконструкцию, капитальный ремонт,
A105: по вопросам строительного контроля
A106: ='Данные объект'!B17 -> Русин В.А.
A107: (фамилия, инициалы) | AB107: (подпись)
A108: Представители иных лиц:
A109: ='Данные объект'!$B$36 -> Курчин М.М.
A110: (фамилия, инициалы) | AB110: (подпись)
A111: Представитель лица, осуществляющего подготовку проектной документации (в случае привлечения застройщиком лица, осуществляющего подготовку проектной документации, для проверки соответствия выполняемых работ проектной документации согласно части 2 статьи 53 Градостроительного кодекса Российской Федерации)
...

Sheet АОСР-4
AJ1: Приказ Минстроя №344/пр от 16.05.2023
AJ2: приложение №3
A3: Объект капитального строительства
A4: ='Данные объект'!B3 -> Строительство РП-10 кВ, 4КЛ-10 кВ от яч. № 316 3-й с.ш. и № 503 5-й с.ш. ЗРУ-10 кВ до 1-ой и 2-ой с.ш. РУ- 10 кВ сооруж. РП-10кВ, ПС 110/35/10 кВ № 71 "Поварово", в т.ч. ПИР, МО, Солнечногорский р-н, д. Ложки
A5: ='Данные объект'!B9 -> 2КЛ-10кВ со стороны с.5 яч.503 - БРП №171 с.2
A6: (наименование объекта капитального строительства в соответствии с проектной документацией, почтовый или строительный адрес объекта капитального строительства)
A7: Застройщик, технический заказчик, лицо, ответственное за эксплуатацию здания, сооружения, или региональный оператор
A8: ='Данные объект'!B23 -> ПАО "Россети Московский регион"
A9: (фамилия, имя, отчество (последнее - при наличии), адрес места жительства, ОРГНИП, ИНН индивидуального предпринимателя, полное и (или) сокращенное наименование, ОГРН, ИНН, адрес юридического лица в пределах его нахождения, телефон или факс,
A10: ='Данные объект'!B24 -> ОГРН 1057746555811 ИНН 5036065113 КПП 772501001
A11: полное и (или) сокращенное наименование, ОГРН, ИНН саморегулируемой организации, членом которой является указанное юридическое лицо или индивидуальный предприниматель (за исключением случаев, когда членство в саморегулируемых организациях в области, строительства, реконструкции, капитального ремонта объектов капитального строительства не требуется); фамилия, имя, отчество
A12: ='Данные объект'!B25 -> 115114, город Москва, проезд Павелецкий 2-й, дом 3, строение 2
A13: (последнее - при наличии), паспортные данные, адрес места жительства, телефон или факс - для физических лиц, не являющихся индивидуальными предпринимателями)
A14: Лицо, осуществляющее строительство, реконструкцию, капитальный ремонт
A15: ='Данные объект'!B11 -> ООО"Энергосистемы"
A16: (фамилия, имя, отчество (последнее - при наличии), адрес места жительства, ОРГНИП, ИНН индивидуального предпринимателя,
A17: ='Данные объект'!B12 -> ОГРН 1135044003709 ИНН 5044089069 КПП 504401001
A18: полное и (или) сокращенное наименование, ОГРН, ИНН, адрес юридического лица в пределах его местонахождения, телефон или факс,
A19: ='Данные объект'!B13 -> 141508, Московская область, г.о. Солнечногорск, г. Солнечногорск, ул. Промышленная, стр. 5, помещение 179
A20: полное и (или) сокращенное наименование, ОГРН, ИНН саморегулируемой организации, членом которой является указанное юридическое лицо или индивидуальный предприниматель (за исключением случаев, когда членство в саморегулируемых организациях в области строительства, реконструкции, капитального ремонта объектов капитального строительства не требуется)
A21: Лицо, осуществляющее подготовку проектной документации
A22: ='Данные объект'!B39 -> ООО"Энергосистемы"
A23: (фамилия, имя, отчество (последнее - при наличии), адрес места жительства, ОРГНИП, ИНН индивидуального предпринимателя,
A24: ='Данные объект'!B40 -> ОГРН 1135044003709 ИНН 5044089069 КПП 504401001
A25: полное и (или) сокращенное наименование, ОГРН, ИНН, адрес юридического лица в пределах его места нахождения, телефон или факс,
A26: ='Данные объект'!B41 -> 141508, Московская область, г.о. Солнечногорск, г. Солнечногорск, ул. Промышленная, стр. 5, помещение 179
A27: полное и (или) сокращенное наименование, ОГРН, ИНН саморегулируемой организации, членом которой является указанное юридическое лицо или индивидуальный предприниматель (за исключением случаев, когда членство в саморегулируемых организациях в области архитектурно-строительного проектирования не требуется)
A29: АКТ
A30: освидетельствования скрытых работ
B32: № | C32: 5 | E32: /КЛ | AB32: =P79 -> 16.07.2026 | AJ32: г.
AB33: (дата составления акта)
A35: Представитель застройщика, технического заказчика, лица, ответственного за эксплуатацию здания, сооружения, или регионального оператора по вопросам строительного контроля
A36: ='Данные объект'!C34 -> Гл. специалист ССК УКС ПАО "Россети Московский регион" Алексанян Г.Р. Приказ №1904 от 03 июня 2026г (НРС С-50-069023)
A37: (должность (при наличии), фамилия, инициалы, идентификационный номер в национальном реестре специалистов в области строительства (за исключением случаев, когда членство в саморегулируемых организациях в области строительства, реконструкции, капитального ремонта обектов капитального строительства не требуется), реквизиты распоряительного документа, подтверждающего полномочия,
A38: ='Данные объект'!C23 -> ПАО "Россети Московский регион" ОГРН 1057746555811 ИНН 5036065113 КПП 772501001,115114, город Москва, проезд Павелецкий 2-й, дом 3, строение 2
A39: с указанием полного и (или) сокращенного наименования, ОГРН, ИНН, адреса юридического лица в пределах его места нахождения (в случае осуществления строительного контроля на основании договора с застройщиком или техническим заказчиком), фамилии, имени, отчества (последнее - при наличии), адреса места жительства, ОГРНИП, ИНН индивиуального предпринимателя (в случае осуществления строительного контроля на основании договора с застройщиком или техническим заказчиком)
A40: Представитель лица, осуществляющего строительство, реконструкцию, капитальный ремонт
A41: ='Данные объект'!C21 -> Прораб ООО"Энергосистемы" Волков М.Ю..Приказ №05-ОТ/24 от 09 января 2024г
A42: (должность (при наличии), фамилия, инициалы, реквизиты распорядительного документа, подтверждающего полномочия)
A43: Представитель лица, осуществляющего строительство, реконструкцию, капитальный ремонт, по вопросам строительного контроля
A44: ='Данные объект'!C18 -> Инженер по строительному контролю ООО"Энергосистемы" Русин В.А..Приказ № 13-ОТ/25 от 05 мая 2025 (НОСТРОЙ С-50-085497)
A45: (должность (при наличии), фамилия, инициалы, идентификационный номер в национальном реестре специалистов в области строительства (за исключением случаев, когда членство в саморегулируемых организациях в области строительства, реконструкции, капитального ремонта обектов капитального строительства не требуется), реквизиты распоряительного документа, подтверждающего полномочия)
A46: А также иные представители лиц, участвующих в освидетельствовании:
A47: ='Данные объект'!$C$36 -> Мастер СРЭС СЭС филиала ПАО "Россети Московский регион" Курчин М.М.
A48: (должность (при наличии), фамилия, инициалы, реквизиты распорядительного документа, подтверждающего полномочия)
A49: Представитель лица, осуществляющего подготовку проектной документации (в случае привлечения застройщиком лица, осуществляющего подготовку проектной документации, для проверки соответствия выполняемых работ проектной документации согласно части 2 статьи 53 Градостроительного кодекса Российской Федерации)
A50: -
A51: (должность (при наличии), фамилия, инициалы, реквизиты распорядительного документа, подтверждающего полномочия, с указанием полного и (или) сокращенного наименования, ОГРН, ИНН, адреса юридического лица в пределах его места нахождения, фамилии, имени, отчества (последнее - при наличии), адреса места жительства, ОГРНИП, ИНН индивиуального предпринимателя)
A52: Представитель лица, выполнившего работы, подлежащие освидетельствованию (в случае выполнения работ по договорам о строительстве, реконcтрукции, капитальном ремонте объектов капитального строительства, заключенным с иными лицами)
A53: =CONCATENATE(#REF!,", ",#REF!," - ",#REF!) -> #REF!
A54: (должность (при наличии), фамилия, инициалы, реквизиты распорядительного документа, подтверждающего полномочия,
A56: с указанием полного и (или) сокращенного наименования, ОГРН, ИНН, адреса юридического лица в пределах его места нахождения, фамилии, имени, отчества (последнее - при наличии), адреса места жительства, ОРГНИП, ИНН индивидуального предпринимателя)
A57: произвели осмотр работ, выполненных
A58: ='Данные объект'!B11 -> ООО"Энергосистемы"
A59: (полное и (или) сокращенное наименование или фамилия, имя, отчество (последнее - при наличии) лица, выполнившего работы, подлежащие освидетельствованию)
A60: и составили настоящий акт о нижеследующем:
A61: 1. К освидетельствованию предъявлены следующие работы:
A62: ='АОСР-3'!A86:AJ86 -> Прокладка кабеля 2КЛ-10кВ со стороны с.5 яч.503 - БРП №171 с.2
A63: (наименование скрытых работ)
A64: 2. Работы выполнены по проектной документации
A65: ='Данные объект'!B43 -> 4980-325834-217-09/24-ЭС
A66: (номер, другие реквизиты чертежа, наименование проектной и/или рабочей документации, сведения о лицах, осуществляющих подготовку раздела проектной и/или рабочей документации)
A67: 3. При выполнении работ применены
P68: (наименования строительных материалов (изделий),
A69: Кабель 2хАСБл 3х240 | G69: - | H69: 4809 | J69: м | L69: Паспорт качества №ПСИ/235344225_161959 - ПСИ/2353442250_161986
A70: Кабель 2хЦАСБл 3х240 | G70: - | H70: 96 | J70: м | L70: Сертификат качества № 5СЧ 02912
A71: реквизиты сертификатов и (или) других документов, подтверждающих их качество и безопасность, в случае если необходимо указывать более 5 документов, указывается ссылка на их реестр, который является неотъемлемой частью акта)
A72: 4. Предъявлены документы, подтверждающие соответствие работ предъявляемым к ним
A73: требованиям: | G73: Исполнителная схема устройства траншеи | V73: ;
G74: (исполнительные схемы и чертежи, результаты экспертиз, обследований, лабораторных
A76: и иных испытаний выполненных работ, проведенных в процессе строительного контроля)
A78: 5. Даты: начала работ | P78: ='Данные объект'!B6 -> 19.10.2025 | X78: г.
A79: окончания работ | P79: ='Данные объект'!B7 -> 16.07.2026 | X79: г.
A81: 6. Работы выполнены в соответствии с
A82: Электромонтажные работы выполнены по проектной документации согласно требованиям СП 76.13330.2016. и ПУЭ
A83: (наименования и структурные единицы технических регламентов,
A85: иных нормативных правовых актов, разделы проектной и (или) рабочей документации)
A86: 7. Разрешается производство последующих работ
A87: Установка концевых и соединительных муфт 2КЛ-10кВ со стороны с.5 яч.503 - БРП №171 с.2
A88: (наименование работ, строительных конструкций, участков сетей инженерно-технического обеспечения)
A89: Дополнительные сведения
A91: Акт составлен в | J91: экземплярах (в случае заполнения акта на бумажном носителе).
A93: Приложения:
A94: 1. | B94: =G73 -> Исполнителная схема устройства траншеи
A95: 2. | B95: =L69 -> Паспорт качества №ПСИ/235344225_161959 - ПСИ/2353442250_161986
A96: 3. | B96: =L70 -> Сертификат качества № 5СЧ 02912
A97: (исполнительные схемы и чертежи, результаты экспертиз, обследований, лабораторных и иных испытаний)
A99: Представитель застройщика, технического заказчика, лица, ответственного за эксплуатацию
A100: здания, сооружения, или регионального оператора по вопросам строительного контроля
A101: ='Данные объект'!B33 -> Алексанян Г.Р.
A102: (фамилия, инициалы) | AB102: (подпись)
A103: Представитель лица, осуществляющего строительство, реконструкцию, капитальный ремонт
A104: ='Данные объект'!B20 -> Волков М.Ю.
A105: (фамилия, инициалы) | AB105: (подпись)
A106: Представитель лица, осуществляющего строительство, реконструкцию, капитальный ремонт,
A107: по вопросам строительного контроля
A108: ='Данные объект'!B17 -> Русин В.А.
A109: (фамилия, инициалы) | AB109: (подпись)
A110: Представители иных лиц:
A111: ='Данные объект'!$B$36 -> Курчин М.М.
...

Sheet АОСР-4 (2)
AJ1: Приказ Минстроя №344/пр от 16.05.2023
AJ2: приложение №3
A3: Объект капитального строительства
A4: ='Данные объект'!B3 -> Строительство РП-10 кВ, 4КЛ-10 кВ от яч. № 316 3-й с.ш. и № 503 5-й с.ш. ЗРУ-10 кВ до 1-ой и 2-ой с.ш. РУ- 10 кВ сооруж. РП-10кВ, ПС 110/35/10 кВ № 71 "Поварово", в т.ч. ПИР, МО, Солнечногорский р-н, д. Ложки
A5: ='Данные объект'!B9 -> 2КЛ-10кВ со стороны с.5 яч.503 - БРП №171 с.2
A6: (наименование объекта капитального строительства в соответствии с проектной документацией, почтовый или строительный адрес объекта капитального строительства)
A7: Застройщик, технический заказчик, лицо, ответственное за эксплуатацию здания, сооружения, или региональный оператор
A8: ='Данные объект'!B23 -> ПАО "Россети Московский регион"
A9: (фамилия, имя, отчество (последнее - при наличии), адрес места жительства, ОРГНИП, ИНН индивидуального предпринимателя, полное и (или) сокращенное наименование, ОГРН, ИНН, адрес юридического лица в пределах его нахождения, телефон или факс,
A10: ='Данные объект'!B24 -> ОГРН 1057746555811 ИНН 5036065113 КПП 772501001
A11: полное и (или) сокращенное наименование, ОГРН, ИНН саморегулируемой организации, членом которой является указанное юридическое лицо или индивидуальный предприниматель (за исключением случаев, когда членство в саморегулируемых организациях в области, строительства, реконструкции, капитального ремонта объектов капитального строительства не требуется); фамилия, имя, отчество
A12: ='Данные объект'!B25 -> 115114, город Москва, проезд Павелецкий 2-й, дом 3, строение 2
A13: (последнее - при наличии), паспортные данные, адрес места жительства, телефон или факс - для физических лиц, не являющихся индивидуальными предпринимателями)
A14: Лицо, осуществляющее строительство, реконструкцию, капитальный ремонт
A15: ='Данные объект'!B11 -> ООО"Энергосистемы"
A16: (фамилия, имя, отчество (последнее - при наличии), адрес места жительства, ОРГНИП, ИНН индивидуального предпринимателя,
A17: ='Данные объект'!B12 -> ОГРН 1135044003709 ИНН 5044089069 КПП 504401001
A18: полное и (или) сокращенное наименование, ОГРН, ИНН, адрес юридического лица в пределах его местонахождения, телефон или факс,
A19: ='Данные объект'!B13 -> 141508, Московская область, г.о. Солнечногорск, г. Солнечногорск, ул. Промышленная, стр. 5, помещение 179
A20: полное и (или) сокращенное наименование, ОГРН, ИНН саморегулируемой организации, членом которой является указанное юридическое лицо или индивидуальный предприниматель (за исключением случаев, когда членство в саморегулируемых организациях в области строительства, реконструкции, капитального ремонта объектов капитального строительства не требуется)
A21: Лицо, осуществляющее подготовку проектной документации
A22: ='Данные объект'!B39 -> ООО"Энергосистемы"
A23: (фамилия, имя, отчество (последнее - при наличии), адрес места жительства, ОРГНИП, ИНН индивидуального предпринимателя,
A24: ='Данные объект'!B40 -> ОГРН 1135044003709 ИНН 5044089069 КПП 504401001
A25: полное и (или) сокращенное наименование, ОГРН, ИНН, адрес юридического лица в пределах его места нахождения, телефон или факс,
A26: ='Данные объект'!B41 -> 141508, Московская область, г.о. Солнечногорск, г. Солнечногорск, ул. Промышленная, стр. 5, помещение 179
A27: полное и (или) сокращенное наименование, ОГРН, ИНН саморегулируемой организации, членом которой является указанное юридическое лицо или индивидуальный предприниматель (за исключением случаев, когда членство в саморегулируемых организациях в области архитектурно-строительного проектирования не требуется)
A29: АКТ
A30: освидетельствования скрытых работ
B32: № | C32: 6 | E32: /КЛ | AB32: =P79 -> 16.07.2026 | AJ32: г.
AB33: (дата составления акта)
A35: Представитель застройщика, технического заказчика, лица, ответственного за эксплуатацию здания, сооружения, или регионального оператора по вопросам строительного контроля
A36: ='Данные объект'!C34 -> Гл. специалист ССК УКС ПАО "Россети Московский регион" Алексанян Г.Р. Приказ №1904 от 03 июня 2026г (НРС С-50-069023)
A37: (должность (при наличии), фамилия, инициалы, идентификационный номер в национальном реестре специалистов в области строительства (за исключением случаев, когда членство в саморегулируемых организациях в области строительства, реконструкции, капитального ремонта обектов капитального строительства не требуется), реквизиты распоряительного документа, подтверждающего полномочия,
A38: ='Данные объект'!C23 -> ПАО "Россети Московский регион" ОГРН 1057746555811 ИНН 5036065113 КПП 772501001,115114, город Москва, проезд Павелецкий 2-й, дом 3, строение 2
A39: с указанием полного и (или) сокращенного наименования, ОГРН, ИНН, адреса юридического лица в пределах его места нахождения (в случае осуществления строительного контроля на основании договора с застройщиком или техническим заказчиком), фамилии, имени, отчества (последнее - при наличии), адреса места жительства, ОГРНИП, ИНН индивиуального предпринимателя (в случае осуществления строительного контроля на основании договора с застройщиком или техническим заказчиком)
A40: Представитель лица, осуществляющего строительство, реконструкцию, капитальный ремонт
A41: ='Данные объект'!C21 -> Прораб ООО"Энергосистемы" Волков М.Ю..Приказ №05-ОТ/24 от 09 января 2024г
A42: (должность (при наличии), фамилия, инициалы, реквизиты распорядительного документа, подтверждающего полномочия)
A43: Представитель лица, осуществляющего строительство, реконструкцию, капитальный ремонт, по вопросам строительного контроля
A44: ='Данные объект'!C18 -> Инженер по строительному контролю ООО"Энергосистемы" Русин В.А..Приказ № 13-ОТ/25 от 05 мая 2025 (НОСТРОЙ С-50-085497)
A45: (должность (при наличии), фамилия, инициалы, идентификационный номер в национальном реестре специалистов в области строительства (за исключением случаев, когда членство в саморегулируемых организациях в области строительства, реконструкции, капитального ремонта обектов капитального строительства не требуется), реквизиты распоряительного документа, подтверждающего полномочия)
A46: А также иные представители лиц, участвующих в освидетельствовании:
A47: ='Данные объект'!$C$36 -> Мастер СРЭС СЭС филиала ПАО "Россети Московский регион" Курчин М.М.
A48: (должность (при наличии), фамилия, инициалы, реквизиты распорядительного документа, подтверждающего полномочия)
A49: Представитель лица, осуществляющего подготовку проектной документации (в случае привлечения застройщиком лица, осуществляющего подготовку проектной документации, для проверки соответствия выполняемых работ проектной документации согласно части 2 статьи 53 Градостроительного кодекса Российской Федерации)
A50: -
A51: (должность (при наличии), фамилия, инициалы, реквизиты распорядительного документа, подтверждающего полномочия, с указанием полного и (или) сокращенного наименования, ОГРН, ИНН, адреса юридического лица в пределах его места нахождения, фамилии, имени, отчества (последнее - при наличии), адреса места жительства, ОГРНИП, ИНН индивиуального предпринимателя)
A52: Представитель лица, выполнившего работы, подлежащие освидетельствованию (в случае выполнения работ по договорам о строительстве, реконcтрукции, капитальном ремонте объектов капитального строительства, заключенным с иными лицами)
A53: =CONCATENATE(#REF!,", ",#REF!," - ",#REF!) -> #REF!
A54: (должность (при наличии), фамилия, инициалы, реквизиты распорядительного документа, подтверждающего полномочия,
A56: с указанием полного и (или) сокращенного наименования, ОГРН, ИНН, адреса юридического лица в пределах его места нахождения, фамилии, имени, отчества (последнее - при наличии), адреса места жительства, ОРГНИП, ИНН индивидуального предпринимателя)
A57: произвели осмотр работ, выполненных
A58: ='Данные объект'!B11 -> ООО"Энергосистемы"
A59: (полное и (или) сокращенное наименование или фамилия, имя, отчество (последнее - при наличии) лица, выполнившего работы, подлежащие освидетельствованию)
A60: и составили настоящий акт о нижеследующем:
A61: 1. К освидетельствованию предъявлены следующие работы:
A62: ='АОСР-4'!A87:AJ87 -> Установка концевых и соединительных муфт 2КЛ-10кВ со стороны с.5 яч.503 - БРП №171 с.2
A63: (наименование скрытых работ)
A64: 2. Работы выполнены по проектной документации
A65: ='Данные объект'!B43 -> 4980-325834-217-09/24-ЭС
A66: (номер, другие реквизиты чертежа, наименование проектной и/или рабочей документации, сведения о лицах, осуществляющих подготовку раздела проектной и/или рабочей документации)
A67: 3. При выполнении работ применены
P68: (наименования строительных материалов (изделий),
A69: Муфты концевые 3КВтп10-150/240 | L69: - | M69: 4 | N69: шт | Q69: Сертификат соответствия №РОСС RU.32001.04ИБФ1.ОСП28.45002
A70: Муфты соединительные 3Стп10-150/240 | L70: - | M70: 24 | N70: шт | Q70: =Q69 -> Сертификат соответствия №РОСС RU.32001.04ИБФ1.ОСП28.45002
A71: реквизиты сертификатов и (или) других документов, подтверждающих их качество и безопасность, в случае если необходимо указывать более 5 документов, указывается ссылка на их реестр, который является неотъемлемой частью акта)
A72: 4. Предъявлены документы, подтверждающие соответствие работ предъявляемым к ним
A73: требованиям: | G73: Исполнителная схема устройства траншеи | V73: ;
G74: (исполнительные схемы и чертежи, результаты экспертиз, обследований, лабораторных
A76: и иных испытаний выполненных работ, проведенных в процессе строительного контроля)
A78: 5. Даты: начала работ | P78: ='Данные объект'!B6 -> 19.10.2025 | X78: г.
A79: окончания работ | P79: ='Данные объект'!B7 -> 16.07.2026 | X79: г.
A81: 6. Работы выполнены в соответствии с
A82: Электромонтажные работы выполнены по проектной документации согласно требованиям СП 76.13330.2016. и ПУЭ
A83: (наименования и структурные единицы технических регламентов,
A85: иных нормативных правовых актов, разделы проектной и (или) рабочей документации)
A86: 7. Разрешается производство последующих работ
A87: Прокладка плитки ПЗК 2КЛ-10кВ со стороны с.5 яч.503 - БРП №171 с.2
A88: (наименование работ, строительных конструкций, участков сетей инженерно-технического обеспечения)
A89: Дополнительные сведения
A91: Акт составлен в | J91: экземплярах (в случае заполнения акта на бумажном носителе).
A93: Приложения:
A94: 1. | B94: =G73 -> Исполнителная схема устройства траншеи
A95: 2. | B95: =Q69 -> Сертификат соответствия №РОСС RU.32001.04ИБФ1.ОСП28.45002
A96: 3. | B96: =Q70 -> Сертификат соответствия №РОСС RU.32001.04ИБФ1.ОСП28.45002
A97: (исполнительные схемы и чертежи, результаты экспертиз, обследований, лабораторных и иных испытаний)
A99: Представитель застройщика, технического заказчика, лица, ответственного за эксплуатацию
A100: здания, сооружения, или регионального оператора по вопросам строительного контроля
A101: ='Данные объект'!B33 -> Алексанян Г.Р.
A102: (фамилия, инициалы) | AB102: (подпись)
A103: Представитель лица, осуществляющего строительство, реконструкцию, капитальный ремонт
A104: ='Данные объект'!B20 -> Волков М.Ю.
A105: (фамилия, инициалы) | AB105: (подпись)
A106: Представитель лица, осуществляющего строительство, реконструкцию, капитальный ремонт,
A107: по вопросам строительного контроля
A108: ='Данные объект'!B17 -> Русин В.А.
A109: (фамилия, инициалы) | AB109: (подпись)
A110: Представители иных лиц:
A111: ='Данные объект'!$B$36 -> Курчин М.М.
...

Sheet АОСР-6
AJ1: Приказ Минстроя №344/пр от 16.05.2023
AJ2: приложение №3
A3: Объект капитального строительства
A4: ='Данные объект'!B3 -> Строительство РП-10 кВ, 4КЛ-10 кВ от яч. № 316 3-й с.ш. и № 503 5-й с.ш. ЗРУ-10 кВ до 1-ой и 2-ой с.ш. РУ- 10 кВ сооруж. РП-10кВ, ПС 110/35/10 кВ № 71 "Поварово", в т.ч. ПИР, МО, Солнечногорский р-н, д. Ложки
A5: ='Данные объект'!B9 -> 2КЛ-10кВ со стороны с.5 яч.503 - БРП №171 с.2
A6: (наименование объекта капитального строительства в соответствии с проектной документацией, почтовый или строительный адрес объекта капитального строительства)
A7: Застройщик, технический заказчик, лицо, ответственное за эксплуатацию здания, сооружения, или региональный оператор
A8: ='Данные объект'!B23 -> ПАО "Россети Московский регион"
A9: (фамилия, имя, отчество (последнее - при наличии), адрес места жительства, ОРГНИП, ИНН индивидуального предпринимателя, полное и (или) сокращенное наименование, ОГРН, ИНН, адрес юридического лица в пределах его нахождения, телефон или факс,
A10: ='Данные объект'!B24 -> ОГРН 1057746555811 ИНН 5036065113 КПП 772501001
A11: полное и (или) сокращенное наименование, ОГРН, ИНН саморегулируемой организации, членом которой является указанное юридическое лицо или индивидуальный предприниматель (за исключением случаев, когда членство в саморегулируемых организациях в области, строительства, реконструкции, капитального ремонта объектов капитального строительства не требуется); фамилия, имя, отчество
A12: ='Данные объект'!B25 -> 115114, город Москва, проезд Павелецкий 2-й, дом 3, строение 2
A13: (последнее - при наличии), паспортные данные, адрес места жительства, телефон или факс - для физических лиц, не являющихся индивидуальными предпринимателями)
A14: Лицо, осуществляющее строительство, реконструкцию, капитальный ремонт
A15: ='Данные объект'!B11 -> ООО"Энергосистемы"
A16: (фамилия, имя, отчество (последнее - при наличии), адрес места жительства, ОРГНИП, ИНН индивидуального предпринимателя,
A17: ='Данные объект'!B12 -> ОГРН 1135044003709 ИНН 5044089069 КПП 504401001
A18: полное и (или) сокращенное наименование, ОГРН, ИНН, адрес юридического лица в пределах его местонахождения, телефон или факс,
A19: ='Данные объект'!B13 -> 141508, Московская область, г.о. Солнечногорск, г. Солнечногорск, ул. Промышленная, стр. 5, помещение 179
A20: полное и (или) сокращенное наименование, ОГРН, ИНН саморегулируемой организации, членом которой является указанное юридическое лицо или индивидуальный предприниматель (за исключением случаев, когда членство в саморегулируемых организациях в области строительства, реконструкции, капитального ремонта объектов капитального строительства не требуется)
A21: Лицо, осуществляющее подготовку проектной документации
A22: ='Данные объект'!B39 -> ООО"Энергосистемы"
A23: (фамилия, имя, отчество (последнее - при наличии), адрес места жительства, ОРГНИП, ИНН индивидуального предпринимателя,
A24: ='Данные объект'!B40 -> ОГРН 1135044003709 ИНН 5044089069 КПП 504401001
A25: полное и (или) сокращенное наименование, ОГРН, ИНН, адрес юридического лица в пределах его места нахождения, телефон или факс,
A26: ='Данные объект'!B41 -> 141508, Московская область, г.о. Солнечногорск, г. Солнечногорск, ул. Промышленная, стр. 5, помещение 179
A27: полное и (или) сокращенное наименование, ОГРН, ИНН саморегулируемой организации, членом которой является указанное юридическое лицо или индивидуальный предприниматель (за исключением случаев, когда членство в саморегулируемых организациях в области архитектурно-строительного проектирования не требуется)
A29: АКТ
A30: освидетельствования скрытых работ
B32: № | C32: 7 | E32: /КЛ | AB32: =P78 -> 16.07.2026 | AJ32: г.
AB33: (дата составления акта)
A35: Представитель застройщика, технического заказчика, лица, ответственного за эксплуатацию здания, сооружения, или регионального оператора по вопросам строительного контроля
A36: ='Данные объект'!C34 -> Гл. специалист ССК УКС ПАО "Россети Московский регион" Алексанян Г.Р. Приказ №1904 от 03 июня 2026г (НРС С-50-069023)
A37: (должность (при наличии), фамилия, инициалы, идентификационный номер в национальном реестре специалистов в области строительства (за исключением случаев, когда членство в саморегулируемых организациях в области строительства, реконструкции, капитального ремонта обектов капитального строительства не требуется), реквизиты распоряительного документа, подтверждающего полномочия,
A38: ='Данные объект'!C23 -> ПАО "Россети Московский регион" ОГРН 1057746555811 ИНН 5036065113 КПП 772501001,115114, город Москва, проезд Павелецкий 2-й, дом 3, строение 2
A39: с указанием полного и (или) сокращенного наименования, ОГРН, ИНН, адреса юридического лица в пределах его места нахождения (в случае осуществления строительного контроля на основании договора с застройщиком или техническим заказчиком), фамилии, имени, отчества (последнее - при наличии), адреса места жительства, ОГРНИП, ИНН индивиуального предпринимателя (в случае осуществления строительного контроля на основании договора с застройщиком или техническим заказчиком)
A40: Представитель лица, осуществляющего строительство, реконструкцию, капитальный ремонт
A41: ='Данные объект'!C21 -> Прораб ООО"Энергосистемы" Волков М.Ю..Приказ №05-ОТ/24 от 09 января 2024г
A42: (должность (при наличии), фамилия, инициалы, реквизиты распорядительного документа, подтверждающего полномочия)
A43: Представитель лица, осуществляющего строительство, реконструкцию, капитальный ремонт, по вопросам строительного контроля
A44: ='Данные объект'!C18 -> Инженер по строительному контролю ООО"Энергосистемы" Русин В.А..Приказ № 13-ОТ/25 от 05 мая 2025 (НОСТРОЙ С-50-085497)
A45: (должность (при наличии), фамилия, инициалы, идентификационный номер в национальном реестре специалистов в области строительства (за исключением случаев, когда членство в саморегулируемых организациях в области строительства, реконструкции, капитального ремонта обектов капитального строительства не требуется), реквизиты распоряительного документа, подтверждающего полномочия)
A46: А также иные представители лиц, участвующих в освидетельствовании:
A47: ='Данные объект'!$C$36 -> Мастер СРЭС СЭС филиала ПАО "Россети Московский регион" Курчин М.М.
A48: (должность (при наличии), фамилия, инициалы, реквизиты распорядительного документа, подтверждающего полномочия)
A49: Представитель лица, осуществляющего подготовку проектной документации (в случае привлечения застройщиком лица, осуществляющего подготовку проектной документации, для проверки соответствия выполняемых работ проектной документации согласно части 2 статьи 53 Градостроительного кодекса Российской Федерации)
A50: -
A51: (должность (при наличии), фамилия, инициалы, реквизиты распорядительного документа, подтверждающего полномочия, с указанием полного и (или) сокращенного наименования, ОГРН, ИНН, адреса юридического лица в пределах его места нахождения, фамилии, имени, отчества (последнее - при наличии), адреса места жительства, ОГРНИП, ИНН индивиуального предпринимателя)
A52: Представитель лица, выполнившего работы, подлежащие освидетельствованию (в случае выполнения работ по договорам о строительстве, реконcтрукции, капитальном ремонте объектов капитального строительства, заключенным с иными лицами)
A53: =CONCATENATE(#REF!,", ",#REF!," - ",#REF!) -> #REF!
A54: (должность (при наличии), фамилия, инициалы, реквизиты распорядительного документа, подтверждающего полномочия,
A56: с указанием полного и (или) сокращенного наименования, ОГРН, ИНН, адреса юридического лица в пределах его места нахождения, фамилии, имени, отчества (последнее - при наличии), адреса места жительства, ОРГНИП, ИНН индивидуального предпринимателя)
A57: произвели осмотр работ, выполненных
A58: ='Данные объект'!B11 -> ООО"Энергосистемы"
A59: (полное и (или) сокращенное наименование или фамилия, имя, отчество (последнее - при наличии) лица, выполнившего работы, подлежащие освидетельствованию)
A60: и составили настоящий акт о нижеследующем:
A61: 1. К освидетельствованию предъявлены следующие работы:
A62: ='АОСР-4 (2)'!A87:AJ87 -> Прокладка плитки ПЗК 2КЛ-10кВ со стороны с.5 яч.503 - БРП №171 с.2
A63: (наименование скрытых работ)
A64: 2. Работы выполнены по проектной документации
A65: ='Данные объект'!B43 -> 4980-325834-217-09/24-ЭС
A66: (номер, другие реквизиты чертежа, наименование проектной и/или рабочей документации, сведения о лицах, осуществляющих подготовку раздела проектной и/или рабочей документации)
A67: 3. При выполнении работ применены
P68: (наименования строительных материалов (изделий),
A69: Плитка ПЗК - | D69: 8679 | E69: шт | H69: Технический паспорт № 3006/03, 2800/03
A70: реквизиты сертификатов и (или) других документов, подтверждающих их качество и безопасность, в случае если необходимо указывать более 5 документов, указывается ссылка на их реестр, который является неотъемлемой частью акта)
A71: 4. Предъявлены документы, подтверждающие соответствие работ предъявляемым к ним
A72: требованиям: | G72: Исполнителная схема устройства траншеи | V72: ;
G73: (исполнительные схемы и чертежи, результаты экспертиз, обследований, лабораторных
A75: и иных испытаний выполненных работ, проведенных в процессе строительного контроля)
A77: 5. Даты: начала работ | P77: ='Данные объект'!B6 -> 19.10.2025 | X77: г.
A78: окончания работ | P78: ='Данные объект'!B7 -> 16.07.2026 | X78: г.
A80: 6. Работы выполнены в соответствии с
A81: Электромонтажные работы выполнены по проектной документации согласно требованиям СП 76.13330.2016. и ПУЭ
A82: (наименования и структурные единицы технических регламентов,
A84: иных нормативных правовых актов, разделы проектной и (или) рабочей документации)
A85: 7. Разрешается производство последующих работ
A86: Обратная засыпка песком 2КЛ-10кВ со стороны с.5 яч.503 - БРП №171 с.2
A87: (наименование работ, строительных конструкций, участков сетей инженерно-технического обеспечения)
A88: Дополнительные сведения
A90: Акт составлен в | J90: экземплярах (в случае заполнения акта на бумажном носителе).
A92: Приложения:
A93: 1. | B93: =G72 -> Исполнителная схема устройства траншеи
A94: 2. | B94: =H69 -> Технический паспорт № 3006/03, 2800/03
A95: (исполнительные схемы и чертежи, результаты экспертиз, обследований, лабораторных и иных испытаний)
A97: Представитель застройщика, технического заказчика, лица, ответственного за эксплуатацию
A98: здания, сооружения, или регионального оператора по вопросам строительного контроля
A99: ='Данные объект'!B33 -> Алексанян Г.Р.
A100: (фамилия, инициалы) | AB100: (подпись)
A101: Представитель лица, осуществляющего строительство, реконструкцию, капитальный ремонт
A102: ='Данные объект'!B20 -> Волков М.Ю.
A103: (фамилия, инициалы) | AB103: (подпись)
A104: Представитель лица, осуществляющего строительство, реконструкцию, капитальный ремонт,
A105: по вопросам строительного контроля
A106: ='Данные объект'!B17 -> Русин В.А.
A107: (фамилия, инициалы) | AB107: (подпись)
A108: Представители иных лиц:
A109: ='Данные объект'!$B$36 -> Курчин М.М.
A110: (фамилия, инициалы) | AB110: (подпись)
A111: Представитель лица, осуществляющего подготовку проектной документации (в случае привлечения застройщиком лица, осуществляющего подготовку проектной документации, для проверки соответствия выполняемых работ проектной документации согласно части 2 статьи 53 Градостроительного кодекса Российской Федерации)
...

Sheet АОСР-5
AJ1: Приказ Минстроя №344/пр от 16.05.2023
AJ2: приложение №3
A3: Объект капитального строительства
A4: ='Данные объект'!B3 -> Строительство РП-10 кВ, 4КЛ-10 кВ от яч. № 316 3-й с.ш. и № 503 5-й с.ш. ЗРУ-10 кВ до 1-ой и 2-ой с.ш. РУ- 10 кВ сооруж. РП-10кВ, ПС 110/35/10 кВ № 71 "Поварово", в т.ч. ПИР, МО, Солнечногорский р-н, д. Ложки
A5: ='Данные объект'!B9 -> 2КЛ-10кВ со стороны с.5 яч.503 - БРП №171 с.2
A6: (наименование объекта капитального строительства в соответствии с проектной документацией, почтовый или строительный адрес объекта капитального строительства)
A7: Застройщик, технический заказчик, лицо, ответственное за эксплуатацию здания, сооружения, или региональный оператор
A8: ='Данные объект'!B23 -> ПАО "Россети Московский регион"
A9: (фамилия, имя, отчество (последнее - при наличии), адрес места жительства, ОРГНИП, ИНН индивидуального предпринимателя, полное и (или) сокращенное наименование, ОГРН, ИНН, адрес юридического лица в пределах его нахождения, телефон или факс,
A10: ='Данные объект'!B24 -> ОГРН 1057746555811 ИНН 5036065113 КПП 772501001
A11: полное и (или) сокращенное наименование, ОГРН, ИНН саморегулируемой организации, членом которой является указанное юридическое лицо или индивидуальный предприниматель (за исключением случаев, когда членство в саморегулируемых организациях в области, строительства, реконструкции, капитального ремонта объектов капитального строительства не требуется); фамилия, имя, отчество
A12: ='Данные объект'!B25 -> 115114, город Москва, проезд Павелецкий 2-й, дом 3, строение 2
A13: (последнее - при наличии), паспортные данные, адрес места жительства, телефон или факс - для физических лиц, не являющихся индивидуальными предпринимателями)
A14: Лицо, осуществляющее строительство, реконструкцию, капитальный ремонт
A15: ='Данные объект'!B11 -> ООО"Энергосистемы"
A16: (фамилия, имя, отчество (последнее - при наличии), адрес места жительства, ОРГНИП, ИНН индивидуального предпринимателя,
A17: ='Данные объект'!B12 -> ОГРН 1135044003709 ИНН 5044089069 КПП 504401001
A18: полное и (или) сокращенное наименование, ОГРН, ИНН, адрес юридического лица в пределах его местонахождения, телефон или факс,
A19: ='Данные объект'!B13 -> 141508, Московская область, г.о. Солнечногорск, г. Солнечногорск, ул. Промышленная, стр. 5, помещение 179
A20: полное и (или) сокращенное наименование, ОГРН, ИНН саморегулируемой организации, членом которой является указанное юридическое лицо или индивидуальный предприниматель (за исключением случаев, когда членство в саморегулируемых организациях в области строительства, реконструкции, капитального ремонта объектов капитального строительства не требуется)
A21: Лицо, осуществляющее подготовку проектной документации
A22: ='Данные объект'!B39 -> ООО"Энергосистемы"
A23: (фамилия, имя, отчество (последнее - при наличии), адрес места жительства, ОРГНИП, ИНН индивидуального предпринимателя,
A24: ='Данные объект'!B40 -> ОГРН 1135044003709 ИНН 5044089069 КПП 504401001
A25: полное и (или) сокращенное наименование, ОГРН, ИНН, адрес юридического лица в пределах его места нахождения, телефон или факс,
A26: ='Данные объект'!B41 -> 141508, Московская область, г.о. Солнечногорск, г. Солнечногорск, ул. Промышленная, стр. 5, помещение 179
A27: полное и (или) сокращенное наименование, ОГРН, ИНН саморегулируемой организации, членом которой является указанное юридическое лицо или индивидуальный предприниматель (за исключением случаев, когда членство в саморегулируемых организациях в области архитектурно-строительного проектирования не требуется)
A29: АКТ
A30: освидетельствования скрытых работ
B32: № | C32: 8 | E32: /КЛ | AB32: =P78 -> 16.07.2026 | AJ32: г.
AB33: (дата составления акта)
A35: Представитель застройщика, технического заказчика, лица, ответственного за эксплуатацию здания, сооружения, или регионального оператора по вопросам строительного контроля
A36: ='Данные объект'!C34 -> Гл. специалист ССК УКС ПАО "Россети Московский регион" Алексанян Г.Р. Приказ №1904 от 03 июня 2026г (НРС С-50-069023)
A37: (должность (при наличии), фамилия, инициалы, идентификационный номер в национальном реестре специалистов в области строительства (за исключением случаев, когда членство в саморегулируемых организациях в области строительства, реконструкции, капитального ремонта обектов капитального строительства не требуется), реквизиты распоряительного документа, подтверждающего полномочия,
A38: ='Данные объект'!C23 -> ПАО "Россети Московский регион" ОГРН 1057746555811 ИНН 5036065113 КПП 772501001,115114, город Москва, проезд Павелецкий 2-й, дом 3, строение 2
A39: с указанием полного и (или) сокращенного наименования, ОГРН, ИНН, адреса юридического лица в пределах его места нахождения (в случае осуществления строительного контроля на основании договора с застройщиком или техническим заказчиком), фамилии, имени, отчества (последнее - при наличии), адреса места жительства, ОГРНИП, ИНН индивиуального предпринимателя (в случае осуществления строительного контроля на основании договора с застройщиком или техническим заказчиком)
A40: Представитель лица, осуществляющего строительство, реконструкцию, капитальный ремонт
A41: ='Данные объект'!C21 -> Прораб ООО"Энергосистемы" Волков М.Ю..Приказ №05-ОТ/24 от 09 января 2024г
A42: (должность (при наличии), фамилия, инициалы, реквизиты распорядительного документа, подтверждающего полномочия)
A43: Представитель лица, осуществляющего строительство, реконструкцию, капитальный ремонт, по вопросам строительного контроля
A44: ='Данные объект'!C18 -> Инженер по строительному контролю ООО"Энергосистемы" Русин В.А..Приказ № 13-ОТ/25 от 05 мая 2025 (НОСТРОЙ С-50-085497)
A45: (должность (при наличии), фамилия, инициалы, идентификационный номер в национальном реестре специалистов в области строительства (за исключением случаев, когда членство в саморегулируемых организациях в области строительства, реконструкции, капитального ремонта обектов капитального строительства не требуется), реквизиты распоряительного документа, подтверждающего полномочия)
A46: А также иные представители лиц, участвующих в освидетельствовании:
A47: ='Данные объект'!$C$36 -> Мастер СРЭС СЭС филиала ПАО "Россети Московский регион" Курчин М.М.
A48: (должность (при наличии), фамилия, инициалы, реквизиты распорядительного документа, подтверждающего полномочия)
A49: Представитель лица, осуществляющего подготовку проектной документации (в случае привлечения застройщиком лица, осуществляющего подготовку проектной документации, для проверки соответствия выполняемых работ проектной документации согласно части 2 статьи 53 Градостроительного кодекса Российской Федерации)
A50: -
A51: (должность (при наличии), фамилия, инициалы, реквизиты распорядительного документа, подтверждающего полномочия, с указанием полного и (или) сокращенного наименования, ОГРН, ИНН, адреса юридического лица в пределах его места нахождения, фамилии, имени, отчества (последнее - при наличии), адреса места жительства, ОГРНИП, ИНН индивиуального предпринимателя)
A52: Представитель лица, выполнившего работы, подлежащие освидетельствованию (в случае выполнения работ по договорам о строительстве, реконcтрукции, капитальном ремонте объектов капитального строительства, заключенным с иными лицами)
A53: =CONCATENATE(#REF!,", ",#REF!," - ",#REF!) -> #REF!
A54: (должность (при наличии), фамилия, инициалы, реквизиты распорядительного документа, подтверждающего полномочия,
A56: с указанием полного и (или) сокращенного наименования, ОГРН, ИНН, адреса юридического лица в пределах его места нахождения, фамилии, имени, отчества (последнее - при наличии), адреса места жительства, ОРГНИП, ИНН индивидуального предпринимателя)
A57: произвели осмотр работ, выполненных
A58: ='Данные объект'!B11 -> ООО"Энергосистемы"
A59: (полное и (или) сокращенное наименование или фамилия, имя, отчество (последнее - при наличии) лица, выполнившего работы, подлежащие освидетельствованию)
A60: и составили настоящий акт о нижеследующем:
A61: 1. К освидетельствованию предъявлены следующие работы:
A62: ='АОСР-6'!A86:AJ86 -> Обратная засыпка песком 2КЛ-10кВ со стороны с.5 яч.503 - БРП №171 с.2
A63: (наименование скрытых работ)
A64: 2. Работы выполнены по проектной документации
A65: ='Данные объект'!B43 -> 4980-325834-217-09/24-ЭС
A66: (номер, другие реквизиты чертежа, наименование проектной и/или рабочей документации, сведения о лицах, осуществляющих подготовку раздела проектной и/или рабочей документации)
A67: 3. При выполнении работ применены
P68: (наименования строительных материалов (изделий),
A69: Песок | D69: - | E69: ='АОСР-2'!E69:H69 -> 942.81 | G69: м3 | K69: Паспорт б/н
A70: реквизиты сертификатов и (или) других документов, подтверждающих их качество и безопасность, в случае если необходимо указывать более 5 документов, указывается ссылка на их реестр, который является неотъемлемой частью акта)
A71: 4. Предъявлены документы, подтверждающие соответствие работ предъявляемым к ним
A72: требованиям: | G72: Исполнителная схема устройства траншеи | V72: ;
G73: (исполнительные схемы и чертежи, результаты экспертиз, обследований, лабораторных
A75: и иных испытаний выполненных работ, проведенных в процессе строительного контроля)
A77: 5. Даты: начала работ | P77: ='Данные объект'!B6 -> 19.10.2025 | X77: г.
A78: окончания работ | P78: ='Данные объект'!B7 -> 16.07.2026 | X78: г.
A80: 6. Работы выполнены в соответствии с
A81: Электромонтажные работы выполнены по проектной документации согласно требованиям СП 76.13330.2016. и ПУЭ
A82: (наименования и структурные единицы технических регламентов,
A84: иных нормативных правовых актов, разделы проектной и (или) рабочей документации)
A85: 7. Разрешается производство последующих работ
A86: Обратная засыпка грунтом 2КЛ-10кВ со стороны с.5 яч.503 - БРП №171 с.2
A87: (наименование работ, строительных конструкций, участков сетей инженерно-технического обеспечения)
A88: Дополнительные сведения
A90: Акт составлен в | J90: экземплярах (в случае заполнения акта на бумажном носителе).
A92: Приложения:
A93: 1. | B93: =G72 -> Исполнителная схема устройства траншеи
A94: 2. | B94: =K69 -> Паспорт б/н
A95: (исполнительные схемы и чертежи, результаты экспертиз, обследований, лабораторных и иных испытаний)
A97: Представитель застройщика, технического заказчика, лица, ответственного за эксплуатацию
A98: здания, сооружения, или регионального оператора по вопросам строительного контроля
A99: ='Данные объект'!B33 -> Алексанян Г.Р.
A100: (фамилия, инициалы) | AB100: (подпись)
A101: Представитель лица, осуществляющего строительство, реконструкцию, капитальный ремонт
A102: ='Данные объект'!B20 -> Волков М.Ю.
A103: (фамилия, инициалы) | AB103: (подпись)
A104: Представитель лица, осуществляющего строительство, реконструкцию, капитальный ремонт,
A105: по вопросам строительного контроля
A106: ='Данные объект'!B17 -> Русин В.А.
A107: (фамилия, инициалы) | AB107: (подпись)
A108: Представители иных лиц:
A109: ='Данные объект'!$B$36 -> Курчин М.М.
A110: (фамилия, инициалы) | AB110: (подпись)
A111: Представитель лица, осуществляющего подготовку проектной документации (в случае привлечения застройщиком лица, осуществляющего подготовку проектной документации, для проверки соответствия выполняемых работ проектной документации согласно части 2 статьи 53 Градостроительного кодекса Российской Федерации)
...

Sheet АОСР-7
AJ1: Приказ Минстроя №344/пр от 16.05.2023
AJ2: приложение №3
A3: Объект капитального строительства
A4: ='Данные объект'!B3 -> Строительство РП-10 кВ, 4КЛ-10 кВ от яч. № 316 3-й с.ш. и № 503 5-й с.ш. ЗРУ-10 кВ до 1-ой и 2-ой с.ш. РУ- 10 кВ сооруж. РП-10кВ, ПС 110/35/10 кВ № 71 "Поварово", в т.ч. ПИР, МО, Солнечногорский р-н, д. Ложки
A5: ='Данные объект'!B9 -> 2КЛ-10кВ со стороны с.5 яч.503 - БРП №171 с.2
A6: (наименование объекта капитального строительства в соответствии с проектной документацией, почтовый или строительный адрес объекта капитального строительства)
A7: Застройщик, технический заказчик, лицо, ответственное за эксплуатацию здания, сооружения, или региональный оператор
A8: ='Данные объект'!B23 -> ПАО "Россети Московский регион"
A9: (фамилия, имя, отчество (последнее - при наличии), адрес места жительства, ОРГНИП, ИНН индивидуального предпринимателя, полное и (или) сокращенное наименование, ОГРН, ИНН, адрес юридического лица в пределах его нахождения, телефон или факс,
A10: ='Данные объект'!B24 -> ОГРН 1057746555811 ИНН 5036065113 КПП 772501001
A11: полное и (или) сокращенное наименование, ОГРН, ИНН саморегулируемой организации, членом которой является указанное юридическое лицо или индивидуальный предприниматель (за исключением случаев, когда членство в саморегулируемых организациях в области, строительства, реконструкции, капитального ремонта объектов капитального строительства не требуется); фамилия, имя, отчество
A12: ='Данные объект'!B25 -> 115114, город Москва, проезд Павелецкий 2-й, дом 3, строение 2
A13: (последнее - при наличии), паспортные данные, адрес места жительства, телефон или факс - для физических лиц, не являющихся индивидуальными предпринимателями)
A14: Лицо, осуществляющее строительство, реконструкцию, капитальный ремонт
A15: ='Данные объект'!B11 -> ООО"Энергосистемы"
A16: (фамилия, имя, отчество (последнее - при наличии), адрес места жительства, ОРГНИП, ИНН индивидуального предпринимателя,
A17: ='Данные объект'!B12 -> ОГРН 1135044003709 ИНН 5044089069 КПП 504401001
A18: полное и (или) сокращенное наименование, ОГРН, ИНН, адрес юридического лица в пределах его местонахождения, телефон или факс,
A19: ='Данные объект'!B13 -> 141508, Московская область, г.о. Солнечногорск, г. Солнечногорск, ул. Промышленная, стр. 5, помещение 179
A20: полное и (или) сокращенное наименование, ОГРН, ИНН саморегулируемой организации, членом которой является указанное юридическое лицо или индивидуальный предприниматель (за исключением случаев, когда членство в саморегулируемых организациях в области строительства, реконструкции, капитального ремонта объектов капитального строительства не требуется)
A21: Лицо, осуществляющее подготовку проектной документации
A22: ='Данные объект'!B39 -> ООО"Энергосистемы"
A23: (фамилия, имя, отчество (последнее - при наличии), адрес места жительства, ОРГНИП, ИНН индивидуального предпринимателя,
A24: ='Данные объект'!B40 -> ОГРН 1135044003709 ИНН 5044089069 КПП 504401001
A25: полное и (или) сокращенное наименование, ОГРН, ИНН, адрес юридического лица в пределах его места нахождения, телефон или факс,
A26: ='Данные объект'!B41 -> 141508, Московская область, г.о. Солнечногорск, г. Солнечногорск, ул. Промышленная, стр. 5, помещение 179
A27: полное и (или) сокращенное наименование, ОГРН, ИНН саморегулируемой организации, членом которой является указанное юридическое лицо или индивидуальный предприниматель (за исключением случаев, когда членство в саморегулируемых организациях в области архитектурно-строительного проектирования не требуется)
A29: АКТ
A30: освидетельствования скрытых работ
B32: № | C32: 9 | E32: /КЛ | AB32: =P78 -> 16.07.2026 | AJ32: г.
AB33: (дата составления акта)
A35: Представитель застройщика, технического заказчика, лица, ответственного за эксплуатацию здания, сооружения, или регионального оператора по вопросам строительного контроля
A36: ='Данные объект'!C34 -> Гл. специалист ССК УКС ПАО "Россети Московский регион" Алексанян Г.Р. Приказ №1904 от 03 июня 2026г (НРС С-50-069023)
A37: (должность (при наличии), фамилия, инициалы, идентификационный номер в национальном реестре специалистов в области строительства (за исключением случаев, когда членство в саморегулируемых организациях в области строительства, реконструкции, капитального ремонта обектов капитального строительства не требуется), реквизиты распоряительного документа, подтверждающего полномочия,
A38: ='Данные объект'!C23 -> ПАО "Россети Московский регион" ОГРН 1057746555811 ИНН 5036065113 КПП 772501001,115114, город Москва, проезд Павелецкий 2-й, дом 3, строение 2
A39: с указанием полного и (или) сокращенного наименования, ОГРН, ИНН, адреса юридического лица в пределах его места нахождения (в случае осуществления строительного контроля на основании договора с застройщиком или техническим заказчиком), фамилии, имени, отчества (последнее - при наличии), адреса места жительства, ОГРНИП, ИНН индивиуального предпринимателя (в случае осуществления строительного контроля на основании договора с застройщиком или техническим заказчиком)
A40: Представитель лица, осуществляющего строительство, реконструкцию, капитальный ремонт
A41: ='Данные объект'!C21 -> Прораб ООО"Энергосистемы" Волков М.Ю..Приказ №05-ОТ/24 от 09 января 2024г
A42: (должность (при наличии), фамилия, инициалы, реквизиты распорядительного документа, подтверждающего полномочия)
A43: Представитель лица, осуществляющего строительство, реконструкцию, капитальный ремонт, по вопросам строительного контроля
A44: ='Данные объект'!C18 -> Инженер по строительному контролю ООО"Энергосистемы" Русин В.А..Приказ № 13-ОТ/25 от 05 мая 2025 (НОСТРОЙ С-50-085497)
A45: (должность (при наличии), фамилия, инициалы, идентификационный номер в национальном реестре специалистов в области строительства (за исключением случаев, когда членство в саморегулируемых организациях в области строительства, реконструкции, капитального ремонта обектов капитального строительства не требуется), реквизиты распоряительного документа, подтверждающего полномочия)
A46: А также иные представители лиц, участвующих в освидетельствовании:
A47: ='Данные объект'!$C$36 -> Мастер СРЭС СЭС филиала ПАО "Россети Московский регион" Курчин М.М.
A48: (должность (при наличии), фамилия, инициалы, реквизиты распорядительного документа, подтверждающего полномочия)
A49: Представитель лица, осуществляющего подготовку проектной документации (в случае привлечения застройщиком лица, осуществляющего подготовку проектной документации, для проверки соответствия выполняемых работ проектной документации согласно части 2 статьи 53 Градостроительного кодекса Российской Федерации)
A50: -
A51: (должность (при наличии), фамилия, инициалы, реквизиты распорядительного документа, подтверждающего полномочия, с указанием полного и (или) сокращенного наименования, ОГРН, ИНН, адреса юридического лица в пределах его места нахождения, фамилии, имени, отчества (последнее - при наличии), адреса места жительства, ОГРНИП, ИНН индивиуального предпринимателя)
A52: Представитель лица, выполнившего работы, подлежащие освидетельствованию (в случае выполнения работ по договорам о строительстве, реконcтрукции, капитальном ремонте объектов капитального строительства, заключенным с иными лицами)
A53: =CONCATENATE(#REF!,", ",#REF!," - ",#REF!) -> #REF!
A54: (должность (при наличии), фамилия, инициалы, реквизиты распорядительного документа, подтверждающего полномочия,
A56: с указанием полного и (или) сокращенного наименования, ОГРН, ИНН, адреса юридического лица в пределах его места нахождения, фамилии, имени, отчества (последнее - при наличии), адреса места жительства, ОРГНИП, ИНН индивидуального предпринимателя)
A57: произвели осмотр работ, выполненных
A58: ='Данные объект'!B11 -> ООО"Энергосистемы"
A59: (полное и (или) сокращенное наименование или фамилия, имя, отчество (последнее - при наличии) лица, выполнившего работы, подлежащие освидетельствованию)
A60: и составили настоящий акт о нижеследующем:
A61: 1. К освидетельствованию предъявлены следующие работы:
A62: ='АОСР-5'!A86:AJ86 -> Обратная засыпка грунтом 2КЛ-10кВ со стороны с.5 яч.503 - БРП №171 с.2 | U62: 1724,28 м3
A63: (наименование скрытых работ)
A64: 2. Работы выполнены по проектной документации
A65: ='Данные объект'!B43 -> 4980-325834-217-09/24-ЭС
A66: (номер, другие реквизиты чертежа, наименование проектной и/или рабочей документации, сведения о лицах, осуществляющих подготовку раздела проектной и/или рабочей документации)
A67: 3. При выполнении работ применены
P68: (наименования строительных материалов (изделий),
A70: реквизиты сертификатов и (или) других документов, подтверждающих их качество и безопасность, в случае если необходимо указывать более 5 документов, указывается ссылка на их реестр, который является неотъемлемой частью акта)
A71: 4. Предъявлены документы, подтверждающие соответствие работ предъявляемым к ним
A72: требованиям: | G72: Исполнителная схема устройства траншеи | V72: ;
G73: (исполнительные схемы и чертежи, результаты экспертиз, обследований, лабораторных
A75: и иных испытаний выполненных работ, проведенных в процессе строительного контроля)
A77: 5. Даты: начала работ | P77: ='Данные объект'!B6 -> 19.10.2025 | X77: г.
A78: окончания работ | P78: ='Данные объект'!B7 -> 16.07.2026 | X78: г.
A80: 6. Работы выполнены в соответствии с
A81: Электромонтажные работы выполнены по проектной документации согласно требованиям СП 76.13330.2016. и ПУЭ
A82: (наименования и структурные единицы технических регламентов,
A84: иных нормативных правовых актов, разделы проектной и (или) рабочей документации)
A85: 7. Разрешается производство последующих работ
A86: Нанесение огнезащитной пасты в ТП
A87: (наименование работ, строительных конструкций, участков сетей инженерно-технического обеспечения)
A88: Дополнительные сведения
A90: Акт составлен в | J90: экземплярах (в случае заполнения акта на бумажном носителе).
A92: Приложения:
A93: 1. | B93: =G72 -> Исполнителная схема устройства траншеи
A94: (исполнительные схемы и чертежи, результаты экспертиз, обследований, лабораторных и иных испытаний)
A96: Представитель застройщика, технического заказчика, лица, ответственного за эксплуатацию
A97: здания, сооружения, или регионального оператора по вопросам строительного контроля
A98: ='Данные объект'!B33 -> Алексанян Г.Р.
A99: (фамилия, инициалы) | AB99: (подпись)
A100: Представитель лица, осуществляющего строительство, реконструкцию, капитальный ремонт
A101: ='Данные объект'!B20 -> Волков М.Ю.
A102: (фамилия, инициалы) | AB102: (подпись)
A103: Представитель лица, осуществляющего строительство, реконструкцию, капитальный ремонт,
A104: по вопросам строительного контроля
A105: ='Данные объект'!B17 -> Русин В.А.
A106: (фамилия, инициалы) | AB106: (подпись)
A107: Представители иных лиц:
A108: ='Данные объект'!$B$36 -> Курчин М.М.
A109: (фамилия, инициалы) | AB109: (подпись)
A110: Представитель лица, осуществляющего подготовку проектной документации (в случае привлечения застройщиком лица, осуществляющего подготовку проектной документации, для проверки соответствия выполняемых работ проектной документации согласно части 2 статьи 53 Градостроительного кодекса Российской Федерации)
A111: - | AB111: -
A112: (фамилия, инициалы) | AB112: (подпись)
...

Sheet АОСР-пожар
AJ1: Приказ Минстроя №344/пр от 16.05.2023
AJ2: приложение №3
A3: Объект капитального строительства
A4: ='Данные объект'!B3 -> Строительство РП-10 кВ, 4КЛ-10 кВ от яч. № 316 3-й с.ш. и № 503 5-й с.ш. ЗРУ-10 кВ до 1-ой и 2-ой с.ш. РУ- 10 кВ сооруж. РП-10кВ, ПС 110/35/10 кВ № 71 "Поварово", в т.ч. ПИР, МО, Солнечногорский р-н, д. Ложки
A5: ='Данные объект'!B9 -> 2КЛ-10кВ со стороны с.5 яч.503 - БРП №171 с.2
A6: (наименование объекта капитального строительства в соответствии с проектной документацией, почтовый или строительный адрес объекта капитального строительства)
A7: Застройщик, технический заказчик, лицо, ответственное за эксплуатацию здания, сооружения, или региональный оператор
A8: ='Данные объект'!B23 -> ПАО "Россети Московский регион"
A9: (фамилия, имя, отчество (последнее - при наличии), адрес места жительства, ОРГНИП, ИНН индивидуального предпринимателя, полное и (или) сокращенное наименование, ОГРН, ИНН, адрес юридического лица в пределах его нахождения, телефон или факс,
A10: ='Данные объект'!B24 -> ОГРН 1057746555811 ИНН 5036065113 КПП 772501001
A11: полное и (или) сокращенное наименование, ОГРН, ИНН саморегулируемой организации, членом которой является указанное юридическое лицо или индивидуальный предприниматель (за исключением случаев, когда членство в саморегулируемых организациях в области, строительства, реконструкции, капитального ремонта объектов капитального строительства не требуется); фамилия, имя, отчество
A12: ='Данные объект'!B25 -> 115114, город Москва, проезд Павелецкий 2-й, дом 3, строение 2
A13: (последнее - при наличии), паспортные данные, адрес места жительства, телефон или факс - для физических лиц, не являющихся индивидуальными предпринимателями)
A14: Лицо, осуществляющее строительство, реконструкцию, капитальный ремонт
A15: ='Данные объект'!B11 -> ООО"Энергосистемы"
A16: (фамилия, имя, отчество (последнее - при наличии), адрес места жительства, ОРГНИП, ИНН индивидуального предпринимателя,
A17: ='Данные объект'!B12 -> ОГРН 1135044003709 ИНН 5044089069 КПП 504401001
A18: полное и (или) сокращенное наименование, ОГРН, ИНН, адрес юридического лица в пределах его местонахождения, телефон или факс,
A19: ='Данные объект'!B13 -> 141508, Московская область, г.о. Солнечногорск, г. Солнечногорск, ул. Промышленная, стр. 5, помещение 179
A20: полное и (или) сокращенное наименование, ОГРН, ИНН саморегулируемой организации, членом которой является указанное юридическое лицо или индивидуальный предприниматель (за исключением случаев, когда членство в саморегулируемых организациях в области строительства, реконструкции, капитального ремонта объектов капитального строительства не требуется)
A21: Лицо, осуществляющее подготовку проектной документации
A22: ='Данные объект'!B39 -> ООО"Энергосистемы"
A23: (фамилия, имя, отчество (последнее - при наличии), адрес места жительства, ОРГНИП, ИНН индивидуального предпринимателя,
A24: ='Данные объект'!B40 -> ОГРН 1135044003709 ИНН 5044089069 КПП 504401001
A25: полное и (или) сокращенное наименование, ОГРН, ИНН, адрес юридического лица в пределах его места нахождения, телефон или факс,
A26: ='Данные объект'!B41 -> 141508, Московская область, г.о. Солнечногорск, г. Солнечногорск, ул. Промышленная, стр. 5, помещение 179
A27: полное и (или) сокращенное наименование, ОГРН, ИНН саморегулируемой организации, членом которой является указанное юридическое лицо или индивидуальный предприниматель (за исключением случаев, когда членство в саморегулируемых организациях в области архитектурно-строительного проектирования не требуется)
A29: АКТ
A30: освидетельствования скрытых работ
B32: № | C32: 10 | E32: /КЛ | AB32: =P78 -> 16.07.2026 | AJ32: г.
AB33: (дата составления акта)
A35: Представитель застройщика, технического заказчика, лица, ответственного за эксплуатацию здания, сооружения, или регионального оператора по вопросам строительного контроля
A36: ='Данные объект'!C34 -> Гл. специалист ССК УКС ПАО "Россети Московский регион" Алексанян Г.Р. Приказ №1904 от 03 июня 2026г (НРС С-50-069023)
A37: (должность (при наличии), фамилия, инициалы, идентификационный номер в национальном реестре специалистов в области строительства (за исключением случаев, когда членство в саморегулируемых организациях в области строительства, реконструкции, капитального ремонта обектов капитального строительства не требуется), реквизиты распоряительного документа, подтверждающего полномочия,
A38: ='Данные объект'!C23 -> ПАО "Россети Московский регион" ОГРН 1057746555811 ИНН 5036065113 КПП 772501001,115114, город Москва, проезд Павелецкий 2-й, дом 3, строение 2
A39: с указанием полного и (или) сокращенного наименования, ОГРН, ИНН, адреса юридического лица в пределах его места нахождения (в случае осуществления строительного контроля на основании договора с застройщиком или техническим заказчиком), фамилии, имени, отчества (последнее - при наличии), адреса места жительства, ОГРНИП, ИНН индивиуального предпринимателя (в случае осуществления строительного контроля на основании договора с застройщиком или техническим заказчиком)
A40: Представитель лица, осуществляющего строительство, реконструкцию, капитальный ремонт
A41: ='Данные объект'!C21 -> Прораб ООО"Энергосистемы" Волков М.Ю..Приказ №05-ОТ/24 от 09 января 2024г
A42: (должность (при наличии), фамилия, инициалы, реквизиты распорядительного документа, подтверждающего полномочия)
A43: Представитель лица, осуществляющего строительство, реконструкцию, капитальный ремонт, по вопросам строительного контроля
A44: ='Данные объект'!C18 -> Инженер по строительному контролю ООО"Энергосистемы" Русин В.А..Приказ № 13-ОТ/25 от 05 мая 2025 (НОСТРОЙ С-50-085497)
A45: (должность (при наличии), фамилия, инициалы, идентификационный номер в национальном реестре специалистов в области строительства (за исключением случаев, когда членство в саморегулируемых организациях в области строительства, реконструкции, капитального ремонта обектов капитального строительства не требуется), реквизиты распоряительного документа, подтверждающего полномочия)
A46: А также иные представители лиц, участвующих в освидетельствовании:
A47: ='Данные объект'!$C$36 -> Мастер СРЭС СЭС филиала ПАО "Россети Московский регион" Курчин М.М.
A48: (должность (при наличии), фамилия, инициалы, реквизиты распорядительного документа, подтверждающего полномочия)
A49: Представитель лица, осуществляющего подготовку проектной документации (в случае привлечения застройщиком лица, осуществляющего подготовку проектной документации, для проверки соответствия выполняемых работ проектной документации согласно части 2 статьи 53 Градостроительного кодекса Российской Федерации)
A50: -
A51: (должность (при наличии), фамилия, инициалы, реквизиты распорядительного документа, подтверждающего полномочия, с указанием полного и (или) сокращенного наименования, ОГРН, ИНН, адреса юридического лица в пределах его места нахождения, фамилии, имени, отчества (последнее - при наличии), адреса места жительства, ОГРНИП, ИНН индивиуального предпринимателя)
A52: Представитель лица, выполнившего работы, подлежащие освидетельствованию (в случае выполнения работ по договорам о строительстве, реконcтрукции, капитальном ремонте объектов капитального строительства, заключенным с иными лицами)
A53: =CONCATENATE(#REF!,", ",#REF!," - ",#REF!) -> #REF!
A54: (должность (при наличии), фамилия, инициалы, реквизиты распорядительного документа, подтверждающего полномочия,
A56: с указанием полного и (или) сокращенного наименования, ОГРН, ИНН, адреса юридического лица в пределах его места нахождения, фамилии, имени, отчества (последнее - при наличии), адреса места жительства, ОРГНИП, ИНН индивидуального предпринимателя)
A57: произвели осмотр работ, выполненных
A58: ='Данные объект'!B11 -> ООО"Энергосистемы"
A59: (полное и (или) сокращенное наименование или фамилия, имя, отчество (последнее - при наличии) лица, выполнившего работы, подлежащие освидетельствованию)
A60: и составили настоящий акт о нижеследующем:
A61: 1. К освидетельствованию предъявлены следующие работы:
A62: ='АОСР-7'!A86:AJ86 -> Нанесение огнезащитной пасты в ТП | O62: Стабитерм-225
A63: (наименование скрытых работ)
A64: 2. Работы выполнены по проектной документации
A65: ='Данные объект'!B43 -> 4980-325834-217-09/24-ЭС
A66: (номер, другие реквизиты чертежа, наименование проектной и/или рабочей документации, сведения о лицах, осуществляющих подготовку раздела проектной и/или рабочей документации)
A67: 3. При выполнении работ применены
P68: (наименования строительных материалов (изделий),
A69: =O62 -> Стабитерм-225 | H69: - | I69: 34,8 кг | M69: Паспорт качества №2758
A70: реквизиты сертификатов и (или) других документов, подтверждающих их качество и безопасность, в случае если необходимо указывать более 5 документов, указывается ссылка на их реестр, который является неотъемлемой частью акта)
A71: 4. Предъявлены документы, подтверждающие соответствие работ предъявляемым к ним
A72: требованиям: | G72: Исполнителная схема ввода КЛ в ТП | V72: ;
G73: (исполнительные схемы и чертежи, результаты экспертиз, обследований, лабораторных
A75: и иных испытаний выполненных работ, проведенных в процессе строительного контроля)
A77: 5. Даты: начала работ | P77: ='Данные объект'!B6 -> 19.10.2025 | X77: г.
A78: окончания работ | P78: ='Данные объект'!B7 -> 16.07.2026 | X78: г.
A80: 6. Работы выполнены в соответствии с
A81: Электромонтажные работы выполнены по проектной документации согласно требованиям СП 76.13330.2016. и ПУЭ
A82: (наименования и структурные единицы технических регламентов,
A84: иных нормативных правовых актов, разделы проектной и (или) рабочей документации)
A85: 7. Разрешается производство последующих работ
A86: -
A87: (наименование работ, строительных конструкций, участков сетей инженерно-технического обеспечения)
A88: Дополнительные сведения
A90: Акт составлен в | J90: экземплярах (в случае заполнения акта на бумажном носителе).
A92: Приложения:
A93: 1. | B93: Исполнительная схема ввода КЛ в ТП
A94: 2. | B94: =M69 -> Паспорт качества №2758
A95: (исполнительные схемы и чертежи, результаты экспертиз, обследований, лабораторных и иных испытаний)
A97: Представитель застройщика, технического заказчика, лица, ответственного за эксплуатацию
A98: здания, сооружения, или регионального оператора по вопросам строительного контроля
A99: ='Данные объект'!B33 -> Алексанян Г.Р.
A100: (фамилия, инициалы) | AB100: (подпись)
A101: Представитель лица, осуществляющего строительство, реконструкцию, капитальный ремонт
A102: ='Данные объект'!B20 -> Волков М.Ю.
A103: (фамилия, инициалы) | AB103: (подпись)
A104: Представитель лица, осуществляющего строительство, реконструкцию, капитальный ремонт,
A105: по вопросам строительного контроля
A106: ='Данные объект'!B17 -> Русин В.А.
A107: (фамилия, инициалы) | AB107: (подпись)
A108: Представители иных лиц:
A109: ='Данные объект'!$B$36 -> Курчин М.М.
A110: (фамилия, инициалы) | AB110: (подпись)
A111: Представитель лица, осуществляющего подготовку проектной документации (в случае привлечения застройщиком лица, осуществляющего подготовку проектной документации, для проверки соответствия выполняемых работ проектной документации согласно части 2 статьи 53 Градостроительного кодекса Российской Федерации)
...
