Workbook

Sheet Данные организации
A1: организация | B1: ООО"Энергосистемы" | C1: ООО «Гефест» | D1: ООО "Энком" | F1: ПАО "Россети Московский регион"
A2: реквизиты | B2: ОГРН 1135044003709 ИНН 5044089069 КПП 504401001 | C2: ОГРН 1215000057238 ИНН 5044122213 КПП 504401001 | F2: ОГРН 1057746555811 ИНН 5036065113 КПП 772501001
A3: адрес | B3: 141508, Московская область, г.о. Солнечногорск, г. Солнечногорск, ул. Промышленная, стр. 5, помещение 179 | C3: 141508, Московская область, г.о. Солнечногорск, г Солнечногорск, ул Промышленная, строение 29А, корпус 1, офис 11 | F3: 115114, город Москва, проезд Павелецкий 2-й, дом 3, строение 2
A4: район | F4: Солнечногорский р-н | G4: Химкинский р-н
F5: СРЭС филиала | G5: ХРЭС филиала
A6: директор | B6: И.о.генерального директора | C6: Генеральный директор | F6: Начальник СРЭС СЭС филиала | G6: Начальник ХРЭС СЭС филиала
A7: директор ФИО | B7: Чернявская Н.Ю. | C7: Звездов Р.Е. | F7: Чуев А.Н.
A8: Строй.контроль | B8: Инженер по строительному контролю | C8: Специалист по строительному контролю | F8: Гл. специалист ССК УКС | G8: Гл. специалист ССК УКС
A9: Приказ стр.контр. | B9: Приказ № 18-ОТ/24 от 03 июня 2024 (НОСТРОЙ С-50-188017) | C9: Приказ №01/24-ОТ от 15.01.2024 (НРС № С-61-104369) | F9: Приказ №2363 от 29 июля 2025г (НРС С-50-069023) | G9: Приказ №263 от 31 января 2024г (НОСТРОЙ С-50-15922)
A10: ФИО стр.контр. | B10: Капитонов Д.А. | C10: Саженова Л.В. | F10: Алексанян Г.Р. | G10: Хлебнов Д.Ф.
A11: Представитель | F11: Технический надзор | G11: Технический надзор
A12: ФИО предст.
F14: Гл. спец. сектора по льготным договорам тп | G14: Гл.инженер
F15: Ефремкин Е.И. | G15: Игнатьев К.А.
F16: Гл. специалист ПТГ
F17: Царькова Н.К.
A18: Прораб | B18: Прораб | C18: Мастер электромонтажного участка
A19: Приказ прораб | B19: Приказ №05-ОТ/24 от 09 января 2024г | C19: Приказ №01/24-ОТ от 15.01.2024
A20: ФИО прораб | B20: Волков М.Ю. | C20: Красилов К.А.
A23: сцепленные организация | B23: =CONCATENATE(B2,",",B3) -> ОГРН 1135044003709 ИНН 5044089069 КПП 504401001,141508, Московская область, г.о. Солнечногорск, г. Солнечногорск, ул. Промышленная, стр. 5, помещение 179 | C23: =CONCATENATE(C2,",",C3) -> ОГРН 1215000057238 ИНН 5044122213 КПП 504401001,141508, Московская область, г.о. Солнечногорск, г Солнечногорск, ул Промышленная, строение 29А, корпус 1, офис 11 | F23: =CONCATENATE(F8," ",F1,"-",F10," .",F9) -> Гл. специалист ССК УКС ПАО "Россети Московский регион"-Алексанян Г.Р. .Приказ №2363 от 29 июля 2025г (НРС С-50-069023) | G23: =CONCATENATE(G8," ",F1,"-",G10," .",G9) -> Гл. специалист ССК УКС ПАО "Россети Московский регион"-Хлебнов Д.Ф. .Приказ №263 от 31 января 2024г (НОСТРОЙ С-50-15922)
A24: сцепленные организация | B24: =CONCATENATE(B1,",",B2,",",B3) -> ООО"Энергосистемы",ОГРН 1135044003709 ИНН 5044089069 КПП 504401001,141508, Московская область, г.о. Солнечногорск, г. Солнечногорск, ул. Промышленная, стр. 5, помещение 179 | C24: =CONCATENATE(C1,",",C2,",",C3) -> ООО «Гефест»,ОГРН 1215000057238 ИНН 5044122213 КПП 504401001,141508, Московская область, г.о. Солнечногорск, г Солнечногорск, ул Промышленная, строение 29А, корпус 1, офис 11 | F24: =CONCATENATE(F8," ",F1,"-",F10) -> Гл. специалист ССК УКС ПАО "Россети Московский регион"-Алексанян Г.Р. | G24: =CONCATENATE(G8," ",F1,"-",G10) -> Гл. специалист ССК УКС ПАО "Россети Московский регион"-Хлебнов Д.Ф.
B25: =CONCATENATE(B8," ",B1,"-",B10,".",B9) -> Инженер по строительному контролю ООО"Энергосистемы"-Капитонов Д.А..Приказ № 18-ОТ/24 от 03 июня 2024 (НОСТРОЙ С-50-188017) | C25: =CONCATENATE(C8," ",C1,"-",C10,".",C9) -> Специалист по строительному контролю ООО «Гефест»-Саженова Л.В..Приказ №01/24-ОТ от 15.01.2024 (НРС № С-61-104369) | F25: =CONCATENATE(F8," ",F1) -> Гл. специалист ССК УКС ПАО "Россети Московский регион" | G25: =CONCATENATE(G8," ",F1) -> Гл. специалист ССК УКС ПАО "Россети Московский регион"
B26: =CONCATENATE(B8," ",B1) -> Инженер по строительному контролю ООО"Энергосистемы" | C26: =CONCATENATE(C8," ",C1) -> Специалист по строительному контролю ООО «Гефест» | F26: =CONCATENATE(F6," ",F1," ",F7) -> Начальник СРЭС СЭС филиала ПАО "Россети Московский регион" Чуев А.Н. | G26: =CONCATENATE(G6," ",F1," ",G7) -> Начальник ХРЭС СЭС филиала ПАО "Россети Московский регион"
B27: =CONCATENATE(B18," ",B1,"-",B20,".",B19) -> Прораб ООО"Энергосистемы"-Волков М.Ю..Приказ №05-ОТ/24 от 09 января 2024г | C27: =CONCATENATE(C18," ",C1,"-",C20,".",C19) -> Мастер электромонтажного участка ООО «Гефест»-Красилов К.А..Приказ №01/24-ОТ от 15.01.2024 | F27: =CONCATENATE(F14," ",F1," ",F15) -> Гл. спец. сектора по льготным договорам тп ПАО "Россети Московский регион" Ефремкин Е.И. | G27: =CONCATENATE(G14," ",F1," ",G15) -> Гл.инженер ПАО "Россети Московский регион" Игнатьев К.А.
B28: =CONCATENATE(B18," ",B1," ",B20) -> Прораб ООО"Энергосистемы" Волков М.Ю. | C28: =CONCATENATE(C18," ",C1,"-",C20) -> Мастер электромонтажного участка ООО «Гефест»-Красилов К.А. | F28: =CONCATENATE(F16," ",F1," ",F17) -> Гл. специалист ПТГ ПАО "Россети Московский регион" Царькова Н.К.
B29: =CONCATENATE(B18," ",B1) -> Прораб ООО"Энергосистемы" | C29: =CONCATENATE(C18," ",C1) -> Мастер электромонтажного участка ООО «Гефест»

Sheet Данные объект
A1: Данные объекта
A2: № САП | B2: SAP - 325834
A3: Объект | B3: Строительство РП-10 кВ, 4КЛ-10 кВ от яч. № 316 3-й с.ш. и № 503 5-й с.ш. ЗРУ-10 кВ до 1-ой и 2-ой с.ш. РУ- 10 кВ сооруж. РП-10кВ, ПС 110/35/10 кВ № 71 "Поварово", в т.ч. ПИР, МО, Солнечногорский р-н, д. Ложки
A4: р-н | B4: Солнечногорский р-н
A5: Адрес | B5: МО, Солнечногорский р-н, д. Ложки
A6: Дата старт | B6: 45949
A7: Дата финиш | B7: 46219
A8: Наименование электроустановки
A9: ТП | B9: 2БРП №171
A10: Монтажная организация
A11: Организация | B11: ООО"Энергосистемы" | C11: =CONCATENATE(B11," ",B12," ",B13) -> ООО"Энергосистемы" ОГРН 1135044003709 ИНН 5044089069 КПП 504401001 141508, Московская область, г.о. Солнечногорск, г. Солнечногорск, ул. Промышленная, стр. 5, помещение 179
A12: Реквизиты | B12: ='Данные организации'!B2:C2 -> ОГРН 1135044003709 ИНН 5044089069 КПП 504401001
A13: адрес | B13: 141508, Московская область, г.о. Солнечногорск, г. Солнечногорск, ул. Промышленная, стр. 5, помещение 179
A14: Должность | B14: Генеральный директор
A15: ФИО | B15: Звездов Р.Е. | C15: =CONCATENATE(B14," ",B11," ",B15) -> Генеральный директор ООО"Энергосистемы" Звездов Р.Е.
A16: Должность | B16: Инженер по строительному контролю | C16: =CONCATENATE(B16," ",B11) -> Инженер по строительному контролю ООО"Энергосистемы"
A17: Ф.И.О. | B17: Русин В.А. | C17: =CONCATENATE(B16," ",B11," ",B17) -> Инженер по строительному контролю ООО"Энергосистемы" Русин В.А.
A18: Приказ | B18: Приказ № 13-ОТ/25 от 05 мая 2025 (НОСТРОЙ С-50-085497) | C18: =CONCATENATE(B16," ",B11," ",B17,".",B18) -> Инженер по строительному контролю ООО"Энергосистемы" Русин В.А..Приказ № 13-ОТ/25 от 05 мая 2025 (НОСТРОЙ С-50-085497)
A19: Должность | B19: Прораб | C19: =CONCATENATE(B19," ",B11) -> Прораб ООО"Энергосистемы"
A20: Ф.И.О. | B20: Волков М.Ю. | C20: =CONCATENATE(B19," ",B11," ",B20) -> Прораб ООО"Энергосистемы" Волков М.Ю.
A21: Приказ | B21: Приказ №05-ОТ/24 от 09 января 2024г | C21: =CONCATENATE(B19," ",B11," ",B20,".",B21) -> Прораб ООО"Энергосистемы" Волков М.Ю..Приказ №05-ОТ/24 от 09 января 2024г
A22: Заказчик
A23: Организация | B23: ПАО "Россети Московский регион" | C23: =CONCATENATE(B23," ",B24,",",B25) -> ПАО "Россети Московский регион" ОГРН 1057746555811 ИНН 5036065113 КПП 772501001,115114, город Москва, проезд Павелецкий 2-й, дом 3, строение 2
A24: Реквизиты | B24: ='[1]Данные организации'!F2 -> ОГРН 1057746555811 ИНН 5036065113 КПП 772501001
A25: адрес | B25: ='[1]Данные организации'!F3 -> 115114, город Москва, проезд Павелецкий 2-й, дом 3, строение 2
A26: Должность | B26: Начальник СРЭС СЭС филиала | C26: =CONCATENATE(B26," ",B23) -> Начальник СРЭС СЭС филиала ПАО "Россети Московский регион"
A27: Ф.И.О. | B27: Чуев А.Н. | C27: =CONCATENATE(B26," ",B23," ",B27) -> Начальник СРЭС СЭС филиала ПАО "Россети Московский регион" Чуев А.Н.
A28: Должность | B28: Гл. спец. сектора по льготным договорам тп | C28: =CONCATENATE(B28," ",B23) -> Гл. спец. сектора по льготным договорам тп ПАО "Россети Московский регион"
A29: Ф.И.О. | B29: Ефремкин Е.И. | C29: =CONCATENATE(B28," ",B23," ",B29) -> Гл. спец. сектора по льготным договорам тп ПАО "Россети Московский регион" Ефремкин Е.И.
A30: Должность | B30: Гл. специалист ПТГ | C30: =CONCATENATE(B30," ",B23) -> Гл. специалист ПТГ ПАО "Россети Московский регион"
A31: Ф.И.О. | B31: Царькова Н.К. | C31: =CONCATENATE(B30," ",B23," ",B31) -> Гл. специалист ПТГ ПАО "Россети Московский регион" Царькова Н.К.
A32: Должность | B32: Гл. специалист ССК УКС | C32: =CONCATENATE(B32," ",B23) -> Гл. специалист ССК УКС ПАО "Россети Московский регион"
A33: Ф.И.О. | B33: Алексанян Г.Р. | C33: =CONCATENATE(B32," ",B23," ",B33) -> Гл. специалист ССК УКС ПАО "Россети Московский регион" Алексанян Г.Р.
A34: Приказ | B34: Приказ №2363 от 29 июля 2025г (НРС С-50-069023) | C34: =CONCATENATE(B32," ",B23," ",B33,".",B34) -> Гл. специалист ССК УКС ПАО "Россети Московский регион" Алексанян Г.Р..Приказ №2363 от 29 июля 2025г (НРС С-50-069023)
A35: Проект
A36: Организация | B36: ООО"Энергосистемы"
A37: Реквизиты | B37: ОГРН 1135044003709 ИНН 5044089069 КПП 504401001
A38: адрес | B38: 141508, Московская область, г.о. Солнечногорск, г. Солнечногорск, ул. Промышленная, стр. 5, помещение 179
A39: Город | B39: г. Солнечногорск
A40: № | B40: 4980-325834-216-09/24
A41: Название | B41: =B3 -> Строительство РП-10 кВ, 4КЛ-10 кВ от яч. № 316 3-й с.ш. и № 503 5-й с.ш. ЗРУ-10 кВ до 1-ой и 2-ой с.ш. РУ- 10 кВ сооруж. РП-10кВ, ПС 110/35/10 кВ № 71 "Поварово", в т.ч. ПИР, МО, Солнечногорский р-н, д. Ложки

Sheet АОСР-1.1
AJ1: Приказ Минстроя №344/пр от 16.05.2023
AJ2: приложение №3
A3: Объект капитального строительства
A4: ='Данные объект'!B3 -> Строительство РП-10 кВ, 4КЛ-10 кВ от яч. № 316 3-й с.ш. и № 503 5-й с.ш. ЗРУ-10 кВ до 1-ой и 2-ой с.ш. РУ- 10 кВ сооруж. РП-10кВ, ПС 110/35/10 кВ № 71 "Поварово", в т.ч. ПИР, МО, Солнечногорский р-н, д. Ложки
A5: ='Данные объект'!B9 -> 2БРП №171
A6: (наименование объекта капитального строительства в соответствии с проектной документацией, почтовый или строительный адрес объекта капитального строительства)
A7: Застройщик, технический заказчик, лицо, ответственное за эксплуатацию здания, сооружения, или региональный оператор
A9: ='Данные объект'!B23 -> ПАО "Россети Московский регион"
A10: (фамилия, имя, отчество (последнее - при наличии), адрес места жительства, ОРГНИП, ИНН индивидуального предпринимателя, полное и (или) сокращенное наименование, ОГРН, ИНН, адрес юридического лица в пределах его нахождения, телефон или факс,
A11: ='Данные объект'!B24 -> ОГРН 1057746555811 ИНН 5036065113 КПП 772501001
A12: полное и (или) сокращенное наименование, ОГРН, ИНН саморегулируемой организации, членом которой является указанное юридическое лицо или индивидуальный предприниматель (за исключением случаев, когда членство в саморегулируемых организациях в области, строительства, реконструкции, капитального ремонта объектов капитального строительства не требуется); фамилия, имя, отчество
A13: ='Данные объект'!B25 -> 115114, город Москва, проезд Павелецкий 2-й, дом 3, строение 2
A14: (последнее - при наличии), паспортные данные, адрес места жительства, телефон или факс - для физических лиц, не являющихся индивидуальными предпринимателями)
A15: Лицо, осуществляющее строительство, реконструкцию, капитальный ремонт
A16: ='Данные объект'!B11 -> ООО"Энергосистемы"
A17: (фамилия, имя, отчество (последнее - при наличии), адрес места жительства, ОРГНИП, ИНН индивидуального предпринимателя,
A18: ='Данные объект'!B12 -> ОГРН 1135044003709 ИНН 5044089069 КПП 504401001
A19: полное и (или) сокращенное наименование, ОГРН, ИНН, адрес юридического лица в пределах его местонахождения, телефон или факс,
A20: ='Данные объект'!B13 -> 141508, Московская область, г.о. Солнечногорск, г. Солнечногорск, ул. Промышленная, стр. 5, помещение 179
A21: полное и (или) сокращенное наименование, ОГРН, ИНН саморегулируемой организации, членом которой является указанное юридическое лицо или индивидуальный предприниматель (за исключением случаев, когда членство в саморегулируемых организациях в области строительства, реконструкции, капитального ремонта объектов капитального строительства не требуется)
A22: Лицо, осуществляющее подготовку проектной документации
A23: ='Данные объект'!B36 -> ООО"Энергосистемы"
A24: (фамилия, имя, отчество (последнее - при наличии), адрес места жительства, ОРГНИП, ИНН индивидуального предпринимателя,
A25: ='Данные объект'!B37 -> ОГРН 1135044003709 ИНН 5044089069 КПП 504401001
A26: полное и (или) сокращенное наименование, ОГРН, ИНН, адрес юридического лица в пределах его места нахождения, телефон или факс,
A27: ='Данные объект'!B38 -> 141508, Московская область, г.о. Солнечногорск, г. Солнечногорск, ул. Промышленная, стр. 5, помещение 179
A28: полное и (или) сокращенное наименование, ОГРН, ИНН саморегулируемой организации, членом которой является указанное юридическое лицо или индивидуальный предприниматель (за исключением случаев, когда членство в саморегулируемых организациях в области архитектурно-строительного проектирования не требуется)
A30: АКТ
A31: освидетельствования скрытых работ
B33: № | C33: 1 | E33: /2БРП №171 | AB33: =P79 -> 46219
AB34: (дата составления акта)
A36: Представитель застройщика, технического заказчика, лица, ответственного за эксплуатацию здания, сооружения, или регионального оператора по вопросам строительного контроля
A37: ='Данные объект'!C34 -> Гл. специалист ССК УКС ПАО "Россети Московский регион" Алексанян Г.Р..Приказ №2363 от 29 июля 2025г (НРС С-50-069023)
A38: (должность (при наличии), фамилия, инициалы, идентификационный номер в национальном реестре специалистов в области строительства (за исключением случаев, когда членство в саморегулируемых организациях в области строительства, реконструкции, капитального ремонта обектов капитального строительства не требуется), реквизиты распоряительного документа, подтверждающего полномочия,
A39: ='Данные объект'!C23 -> ПАО "Россети Московский регион" ОГРН 1057746555811 ИНН 5036065113 КПП 772501001,115114, город Москва, проезд Павелецкий 2-й, дом 3, строение 2
A40: с указанием полного и (или) сокращенного наименования, ОГРН, ИНН, адреса юридического лица в пределах его места нахождения (в случае осуществления строительного контроля на основании договора с застройщиком или техническим заказчиком), фамилии, имени, отчества (последнее - при наличии), адреса места жительства, ОГРНИП, ИНН индивиуального предпринимателя (в случае осуществления строительного контроля на основании договора с застройщиком или техническим заказчиком)
A41: Представитель лица, осуществляющего строительство, реконструкцию, капитальный ремонт
A42: ='Данные объект'!C21 -> Прораб ООО"Энергосистемы" Волков М.Ю..Приказ №05-ОТ/24 от 09 января 2024г
A43: (должность (при наличии), фамилия, инициалы, реквизиты распорядительного документа, подтверждающего полномочия)
A44: Представитель лица, осуществляющего строительство, реконструкцию, капитальный ремонт, по вопросам строительного контроля
A45: ='Данные объект'!C18 -> Инженер по строительному контролю ООО"Энергосистемы" Русин В.А..Приказ № 13-ОТ/25 от 05 мая 2025 (НОСТРОЙ С-50-085497)
A46: (должность (при наличии), фамилия, инициалы, идентификационный номер в национальном реестре специалистов в области строительства (за исключением случаев, когда членство в саморегулируемых организациях в области строительства, реконструкции, капитального ремонта обектов капитального строительства не требуется), реквизиты распоряительного документа, подтверждающего полномочия)
A47: А также иные представители лиц, участвующих в освидетельствовании:
A48: ='[4]Данные объект'!$C$36 -> Мастер СРЭС СЭС филиала ПАО "Россети Московский регион" Курчин М.М.
A49: (должность (при наличии), фамилия, инициалы, реквизиты распорядительного документа, подтверждающего полномочия)
A50: Представитель лица, осуществляющего подготовку проектной документации (в случае привлечения застройщиком лица, осуществляющего подготовку проектной документации, для проверки соответствия выполняемых работ проектной документации согласно части 2 статьи 53 Градостроительного кодекса Российской Федерации)
A52: (должность (при наличии), фамилия, инициалы, реквизиты распорядительного документа, подтверждающего полномочия, с указанием полного и (или) сокращенного наименования, ОГРН, ИНН, адреса юридического лица в пределах его места нахождения, фамилии, имени, отчества (последнее - при наличии), адреса места жительства, ОГРНИП, ИНН индивиуального предпринимателя)
A53: Представитель лица, выполнившего работы, подлежащие освидетельствованию (в случае выполнения работ по договорам о строительстве, реконcтрукции, капитальном ремонте объектов капитального строительства, заключенным с иными лицами)
A54: =CONCATENATE(#REF!,", ",#REF!," - ",#REF!) -> #REF!
A55: (должность (при наличии), фамилия, инициалы, реквизиты распорядительного документа, подтверждающего полномочия,
A57: с указанием полного и (или) сокращенного наименования, ОГРН, ИНН, адреса юридического лица в пределах его места нахождения, фамилии, имени, отчества (последнее - при наличии), адреса места жительства, ОРГНИП, ИНН индивидуального предпринимателя)
A58: произвели осмотр работ, выполненных
A59: ='Данные объект'!B11 -> ООО"Энергосистемы"
A60: (полное и (или) сокращенное наименование или фамилия, имя, отчество (последнее - при наличии) лица, выполнившего работы, подлежащие освидетельствованию)
A61: и составили настоящий акт о нижеследующем:
A62: 1. К освидетельствованию предъявлены следующие работы:
A63: Разработка котлована 2БРП №171 284,54м3
A64: (наименование скрытых работ)
A65: 2. Работы выполнены по проектной документации
A66: ='Данные объект'!B40 -> 4980-325834-216-09/24
A67: (номер, другие реквизиты чертежа, наименование проектной и/или рабочей документации, сведения о лицах, осуществляющих подготовку раздела проектной и/или рабочей документации)
A68: 3. При выполнении работ применены | P68: -
P69: (наименования строительных материалов (изделий),
A71: реквизиты сертификатов и (или) других документов, подтверждающих их качество и безопасность, в случае если необходимо указывать более 5 документов, указывается ссылка на их реестр, который является неотъемлемой частью акта)
A72: 4. Предъявлены документы, подтверждающие соответствие работ предъявляемым к ним
A73: требованиям: | G73: Исполнительная схема фундамента под 2БРП №171
G74: (исполнительные схемы и чертежи, результаты экспертиз, обследований, лабораторных
A76: и иных испытаний выполненных работ, проведенных в процессе строительного контроля)
A78: 5. Даты: начала работ | P78: ='Данные объект'!B6 -> 45949
A79: окончания работ | P79: ='Данные объект'!B7 -> 46219
A81: 6. Работы выполнены в соответствии с
A82: Электромонтажные работы выполнены по проектной документации согласно требованиям СП 76.13330.2011. и ПУЭ
A83: (наименования и структурные единицы технических регламентов,
A85: иных нормативных правовых актов, разделы проектной и (или) рабочей документации)
A86: 7. Разрешается производство последующих работ
A87: Уплотнение грунта под фундамент 2БРП №171
A88: (наименование работ, строительных конструкций, участков сетей инженерно-технического обеспечения)
A89: Дополнительные сведения
A91: Акт составлен в | J91: экземплярах (в случае заполнения акта на бумажном носителе).
A93: Приложения:
A94: 1. | B94: =G73 -> Исполнительная схема фундамента под 2БРП №171 | Q94: - | R94: 1 лист
A95: (исполнительные схемы и чертежи, результаты экспертиз, обследований, лабораторных и иных испытаний)
A97: Представитель застройщика, технического заказчика, лица, ответственного за эксплуатацию
A98: здания, сооружения, или регионального оператора по вопросам строительного контроля
A99: ='Данные объект'!B33 -> Алексанян Г.Р.
A100: (фамилия, инициалы) | AB100: (подпись)
A101: Представитель лица, осуществляющего строительство, реконструкцию, капитальный ремонт
A102: ='Данные объект'!B20 -> Волков М.Ю.
A103: (фамилия, инициалы) | AB103: (подпись)
A104: Представитель лица, осуществляющего строительство, реконструкцию, капитальный ремонт,
A105: по вопросам строительного контроля
A106: ='Данные объект'!B17 -> Русин В.А.
A107: (фамилия, инициалы) | AB107: (подпись)
A108: Представители иных лиц:
A109: ='[4]Данные объект'!$B$36 -> Курчин М.М.
A110: (фамилия, инициалы) | AB110: (подпись)
A111: Представитель лица, осуществляющего подготовку проектной документации (в случае привлечения застройщиком лица, осуществляющего подготовку проектной документации, для проверки соответствия выполняемых работ проектной документации согласно части 2 статьи 53 Градостроительного кодекса Российской Федерации)
A112: - | AB112: -
A113: (фамилия, инициалы) | AB113: (подпись)
A114: Представитель лица, выполнившего работы, подлежащие освидетельствованию (в случае выполнения работ по договорам о строительстве, реконcтрукции, капитальном ремонте объектов капитального строительства, заключенным с иными лицами)
...

Sheet АОСР-2
AJ1: Приказ Минстроя №344/пр от 16.05.2023
AJ2: приложение №3
A3: Объект капитального строительства
A4: ='Данные объект'!B3 -> Строительство РП-10 кВ, 4КЛ-10 кВ от яч. № 316 3-й с.ш. и № 503 5-й с.ш. ЗРУ-10 кВ до 1-ой и 2-ой с.ш. РУ- 10 кВ сооруж. РП-10кВ, ПС 110/35/10 кВ № 71 "Поварово", в т.ч. ПИР, МО, Солнечногорский р-н, д. Ложки
A5: ='Данные объект'!B9 -> 2БРП №171
A6: (наименование объекта капитального строительства в соответствии с проектной документацией, почтовый или строительный адрес объекта капитального строительства)
A7: Застройщик, технический заказчик, лицо, ответственное за эксплуатацию здания, сооружения, или региональный оператор
A9: ='Данные объект'!B23 -> ПАО "Россети Московский регион"
A10: (фамилия, имя, отчество (последнее - при наличии), адрес места жительства, ОРГНИП, ИНН индивидуального предпринимателя, полное и (или) сокращенное наименование, ОГРН, ИНН, адрес юридического лица в пределах его нахождения, телефон или факс,
A11: ='Данные объект'!B24 -> ОГРН 1057746555811 ИНН 5036065113 КПП 772501001
A12: полное и (или) сокращенное наименование, ОГРН, ИНН саморегулируемой организации, членом которой является указанное юридическое лицо или индивидуальный предприниматель (за исключением случаев, когда членство в саморегулируемых организациях в области, строительства, реконструкции, капитального ремонта объектов капитального строительства не требуется); фамилия, имя, отчество
A13: ='Данные объект'!B25 -> 115114, город Москва, проезд Павелецкий 2-й, дом 3, строение 2
A14: (последнее - при наличии), паспортные данные, адрес места жительства, телефон или факс - для физических лиц, не являющихся индивидуальными предпринимателями)
A15: Лицо, осуществляющее строительство, реконструкцию, капитальный ремонт
A16: ='Данные объект'!B11 -> ООО"Энергосистемы"
A17: (фамилия, имя, отчество (последнее - при наличии), адрес места жительства, ОРГНИП, ИНН индивидуального предпринимателя,
A18: ='Данные объект'!B12 -> ОГРН 1135044003709 ИНН 5044089069 КПП 504401001
A19: полное и (или) сокращенное наименование, ОГРН, ИНН, адрес юридического лица в пределах его местонахождения, телефон или факс,
A20: ='Данные объект'!B13 -> 141508, Московская область, г.о. Солнечногорск, г. Солнечногорск, ул. Промышленная, стр. 5, помещение 179
A21: полное и (или) сокращенное наименование, ОГРН, ИНН саморегулируемой организации, членом которой является указанное юридическое лицо или индивидуальный предприниматель (за исключением случаев, когда членство в саморегулируемых организациях в области строительства, реконструкции, капитального ремонта объектов капитального строительства не требуется)
A22: Лицо, осуществляющее подготовку проектной документации
A23: ='Данные объект'!B36 -> ООО"Энергосистемы"
A24: (фамилия, имя, отчество (последнее - при наличии), адрес места жительства, ОРГНИП, ИНН индивидуального предпринимателя,
A25: ='Данные объект'!B37 -> ОГРН 1135044003709 ИНН 5044089069 КПП 504401001
A26: полное и (или) сокращенное наименование, ОГРН, ИНН, адрес юридического лица в пределах его места нахождения, телефон или факс,
A27: ='Данные объект'!B38 -> 141508, Московская область, г.о. Солнечногорск, г. Солнечногорск, ул. Промышленная, стр. 5, помещение 179
A28: полное и (или) сокращенное наименование, ОГРН, ИНН саморегулируемой организации, членом которой является указанное юридическое лицо или индивидуальный предприниматель (за исключением случаев, когда членство в саморегулируемых организациях в области архитектурно-строительного проектирования не требуется)
A30: АКТ
A31: освидетельствования скрытых работ
B33: № | C33: ='АОСР-1'!C33+1 -> 2 | E33: /2БРП №171 | AB33: =P79 -> 46219
AB34: (дата составления акта)
A36: Представитель застройщика, технического заказчика, лица, ответственного за эксплуатацию здания, сооружения, или регионального оператора по вопросам строительного контроля
A37: ='Данные объект'!C34 -> Гл. специалист ССК УКС ПАО "Россети Московский регион" Алексанян Г.Р..Приказ №2363 от 29 июля 2025г (НРС С-50-069023)
A38: (должность (при наличии), фамилия, инициалы, идентификационный номер в национальном реестре специалистов в области строительства (за исключением случаев, когда членство в саморегулируемых организациях в области строительства, реконструкции, капитального ремонта обектов капитального строительства не требуется), реквизиты распоряительного документа, подтверждающего полномочия,
A39: ='Данные объект'!C23 -> ПАО "Россети Московский регион" ОГРН 1057746555811 ИНН 5036065113 КПП 772501001,115114, город Москва, проезд Павелецкий 2-й, дом 3, строение 2
A40: с указанием полного и (или) сокращенного наименования, ОГРН, ИНН, адреса юридического лица в пределах его места нахождения (в случае осуществления строительного контроля на основании договора с застройщиком или техническим заказчиком), фамилии, имени, отчества (последнее - при наличии), адреса места жительства, ОГРНИП, ИНН индивиуального предпринимателя (в случае осуществления строительного контроля на основании договора с застройщиком или техническим заказчиком)
A41: Представитель лица, осуществляющего строительство, реконструкцию, капитальный ремонт
A42: ='Данные объект'!C21 -> Прораб ООО"Энергосистемы" Волков М.Ю..Приказ №05-ОТ/24 от 09 января 2024г
A43: (должность (при наличии), фамилия, инициалы, реквизиты распорядительного документа, подтверждающего полномочия)
A44: Представитель лица, осуществляющего строительство, реконструкцию, капитальный ремонт, по вопросам строительного контроля
A45: ='Данные объект'!C18 -> Инженер по строительному контролю ООО"Энергосистемы" Русин В.А..Приказ № 13-ОТ/25 от 05 мая 2025 (НОСТРОЙ С-50-085497)
A46: (должность (при наличии), фамилия, инициалы, идентификационный номер в национальном реестре специалистов в области строительства (за исключением случаев, когда членство в саморегулируемых организациях в области строительства, реконструкции, капитального ремонта обектов капитального строительства не требуется), реквизиты распоряительного документа, подтверждающего полномочия)
A47: А также иные представители лиц, участвующих в освидетельствовании:
A48: ='[4]Данные объект'!$C$36 -> Мастер СРЭС СЭС филиала ПАО "Россети Московский регион" Курчин М.М.
A49: (должность (при наличии), фамилия, инициалы, реквизиты распорядительного документа, подтверждающего полномочия)
A50: Представитель лица, осуществляющего подготовку проектной документации (в случае привлечения застройщиком лица, осуществляющего подготовку проектной документации, для проверки соответствия выполняемых работ проектной документации согласно части 2 статьи 53 Градостроительного кодекса Российской Федерации)
A52: (должность (при наличии), фамилия, инициалы, реквизиты распорядительного документа, подтверждающего полномочия, с указанием полного и (или) сокращенного наименования, ОГРН, ИНН, адреса юридического лица в пределах его места нахождения, фамилии, имени, отчества (последнее - при наличии), адреса места жительства, ОГРНИП, ИНН индивиуального предпринимателя)
A53: Представитель лица, выполнившего работы, подлежащие освидетельствованию (в случае выполнения работ по договорам о строительстве, реконcтрукции, капитальном ремонте объектов капитального строительства, заключенным с иными лицами)
A54: =CONCATENATE(#REF!,", ",#REF!," - ",#REF!) -> #REF!
A55: (должность (при наличии), фамилия, инициалы, реквизиты распорядительного документа, подтверждающего полномочия,
A57: с указанием полного и (или) сокращенного наименования, ОГРН, ИНН, адреса юридического лица в пределах его места нахождения, фамилии, имени, отчества (последнее - при наличии), адреса места жительства, ОРГНИП, ИНН индивидуального предпринимателя)
A58: произвели осмотр работ, выполненных
A59: ='Данные объект'!B11 -> ООО"Энергосистемы"
A60: (полное и (или) сокращенное наименование или фамилия, имя, отчество (последнее - при наличии) лица, выполнившего работы, подлежащие освидетельствованию)
A61: и составили настоящий акт о нижеследующем:
A62: 1. К освидетельствованию предъявлены следующие работы:
A63: Уплотнение грунта под фундамент 2БРП №171 67,45м2
A64: (наименование скрытых работ)
A65: 2. Работы выполнены по проектной документации
A66: ='Данные объект'!B40 -> 4980-325834-216-09/24
A67: (номер, другие реквизиты чертежа, наименование проектной и/или рабочей документации, сведения о лицах, осуществляющих подготовку раздела проектной и/или рабочей документации)
A68: 3. При выполнении работ применены | P68: Местный грунт
P69: (наименования строительных материалов (изделий),
A71: реквизиты сертификатов и (или) других документов, подтверждающих их качество и безопасность, в случае если необходимо указывать более 5 документов, указывается ссылка на их реестр, который является неотъемлемой частью акта)
A72: 4. Предъявлены документы, подтверждающие соответствие работ предъявляемым к ним
A73: требованиям: | G73: Исполнительная схема устройства фундамента
G74: (исполнительные схемы и чертежи, результаты экспертиз, обследований, лабораторных
A76: и иных испытаний выполненных работ, проведенных в процессе строительного контроля)
A78: 5. Даты: начала работ | P78: ='Данные объект'!B6 -> 45949
A79: окончания работ | P79: ='Данные объект'!B7 -> 46219
A81: 6. Работы выполнены в соответствии с
A82: Электромонтажные работы выполнены по проектной документации согласно требованиям СП 76.13330.2011. и ПУЭ
A83: (наименования и структурные единицы технических регламентов,
A85: иных нормативных правовых актов, разделы проектной и (или) рабочей документации)
A86: 7. Разрешается производство последующих работ
A87: Устройство гидроизоляции, с применением геотекстиля нетканого Дорнит 200
A88: (наименование работ, строительных конструкций, участков сетей инженерно-технического обеспечения)
A89: Дополнительные сведения
A91: Акт составлен в | J91: экземплярах (в случае заполнения акта на бумажном носителе).
A93: Приложения:
A94: 1. | B94: =G73 -> Исполнительная схема устройства фундамента | Q94: - | R94: 1 лист
A95: 2. | B95: =H70 -> 0 | Q95: - | R95: 1 лист
A96: (исполнительные схемы и чертежи, результаты экспертиз, обследований, лабораторных и иных испытаний)
A98: Представитель застройщика, технического заказчика, лица, ответственного за эксплуатацию
A99: здания, сооружения, или регионального оператора по вопросам строительного контроля
A100: ='Данные объект'!B33 -> Алексанян Г.Р.
A101: (фамилия, инициалы) | AB101: (подпись)
A102: Представитель лица, осуществляющего строительство, реконструкцию, капитальный ремонт
A103: ='Данные объект'!B20 -> Волков М.Ю.
A104: (фамилия, инициалы) | AB104: (подпись)
A105: Представитель лица, осуществляющего строительство, реконструкцию, капитальный ремонт,
A106: по вопросам строительного контроля
A107: ='Данные объект'!B17 -> Русин В.А.
A108: (фамилия, инициалы) | AB108: (подпись)
A109: Представители иных лиц:
A110: ='[4]Данные объект'!$B$36 -> Курчин М.М.
A111: (фамилия, инициалы) | AB111: (подпись)
A112: Представитель лица, осуществляющего подготовку проектной документации (в случае привлечения застройщиком лица, осуществляющего подготовку проектной документации, для проверки соответствия выполняемых работ проектной документации согласно части 2 статьи 53 Градостроительного кодекса Российской Федерации)
A113: - | AB113: -
A114: (фамилия, инициалы) | AB114: (подпись)
...

Sheet АОСР-5.1 (5)
AJ1: Приказ Минстроя №344/пр от 16.05.2023
AJ2: приложение №3
A3: Объект капитального строительства
A4: ='Данные объект'!B3 -> Строительство РП-10 кВ, 4КЛ-10 кВ от яч. № 316 3-й с.ш. и № 503 5-й с.ш. ЗРУ-10 кВ до 1-ой и 2-ой с.ш. РУ- 10 кВ сооруж. РП-10кВ, ПС 110/35/10 кВ № 71 "Поварово", в т.ч. ПИР, МО, Солнечногорский р-н, д. Ложки
A5: ='Данные объект'!B9 -> 2БРП №171
A6: (наименование объекта капитального строительства в соответствии с проектной документацией, почтовый или строительный адрес объекта капитального строительства)
A7: Застройщик, технический заказчик, лицо, ответственное за эксплуатацию здания, сооружения, или региональный оператор
A9: ='Данные объект'!B23 -> ПАО "Россети Московский регион"
A10: (фамилия, имя, отчество (последнее - при наличии), адрес места жительства, ОРГНИП, ИНН индивидуального предпринимателя, полное и (или) сокращенное наименование, ОГРН, ИНН, адрес юридического лица в пределах его нахождения, телефон или факс,
A11: ='Данные объект'!B24 -> ОГРН 1057746555811 ИНН 5036065113 КПП 772501001
A12: полное и (или) сокращенное наименование, ОГРН, ИНН саморегулируемой организации, членом которой является указанное юридическое лицо или индивидуальный предприниматель (за исключением случаев, когда членство в саморегулируемых организациях в области, строительства, реконструкции, капитального ремонта объектов капитального строительства не требуется); фамилия, имя, отчество
A13: ='Данные объект'!B25 -> 115114, город Москва, проезд Павелецкий 2-й, дом 3, строение 2
A14: (последнее - при наличии), паспортные данные, адрес места жительства, телефон или факс - для физических лиц, не являющихся индивидуальными предпринимателями)
A15: Лицо, осуществляющее строительство, реконструкцию, капитальный ремонт
A16: ='Данные объект'!B11 -> ООО"Энергосистемы"
A17: (фамилия, имя, отчество (последнее - при наличии), адрес места жительства, ОРГНИП, ИНН индивидуального предпринимателя,
A18: ='Данные объект'!B12 -> ОГРН 1135044003709 ИНН 5044089069 КПП 504401001
A19: полное и (или) сокращенное наименование, ОГРН, ИНН, адрес юридического лица в пределах его местонахождения, телефон или факс,
A20: ='Данные объект'!B13 -> 141508, Московская область, г.о. Солнечногорск, г. Солнечногорск, ул. Промышленная, стр. 5, помещение 179
A21: полное и (или) сокращенное наименование, ОГРН, ИНН саморегулируемой организации, членом которой является указанное юридическое лицо или индивидуальный предприниматель (за исключением случаев, когда членство в саморегулируемых организациях в области строительства, реконструкции, капитального ремонта объектов капитального строительства не требуется)
A22: Лицо, осуществляющее подготовку проектной документации
A23: ='Данные объект'!B36 -> ООО"Энергосистемы"
A24: (фамилия, имя, отчество (последнее - при наличии), адрес места жительства, ОРГНИП, ИНН индивидуального предпринимателя,
A25: ='Данные объект'!B37 -> ОГРН 1135044003709 ИНН 5044089069 КПП 504401001
A26: полное и (или) сокращенное наименование, ОГРН, ИНН, адрес юридического лица в пределах его места нахождения, телефон или факс,
A27: ='Данные объект'!B38 -> 141508, Московская область, г.о. Солнечногорск, г. Солнечногорск, ул. Промышленная, стр. 5, помещение 179
A28: полное и (или) сокращенное наименование, ОГРН, ИНН саморегулируемой организации, членом которой является указанное юридическое лицо или индивидуальный предприниматель (за исключением случаев, когда членство в саморегулируемых организациях в области архитектурно-строительного проектирования не требуется)
A30: АКТ
A31: освидетельствования скрытых работ
B33: № | C33: 3 | E33: /2БРП №171 | AB33: =P78 -> 46219
AB34: (дата составления акта)
A36: Представитель застройщика, технического заказчика, лица, ответственного за эксплуатацию здания, сооружения, или регионального оператора по вопросам строительного контроля
A37: ='Данные объект'!C34 -> Гл. специалист ССК УКС ПАО "Россети Московский регион" Алексанян Г.Р..Приказ №2363 от 29 июля 2025г (НРС С-50-069023)
A38: (должность (при наличии), фамилия, инициалы, идентификационный номер в национальном реестре специалистов в области строительства (за исключением случаев, когда членство в саморегулируемых организациях в области строительства, реконструкции, капитального ремонта обектов капитального строительства не требуется), реквизиты распоряительного документа, подтверждающего полномочия,
A39: ='Данные объект'!C23 -> ПАО "Россети Московский регион" ОГРН 1057746555811 ИНН 5036065113 КПП 772501001,115114, город Москва, проезд Павелецкий 2-й, дом 3, строение 2
A40: с указанием полного и (или) сокращенного наименования, ОГРН, ИНН, адреса юридического лица в пределах его места нахождения (в случае осуществления строительного контроля на основании договора с застройщиком или техническим заказчиком), фамилии, имени, отчества (последнее - при наличии), адреса места жительства, ОГРНИП, ИНН индивиуального предпринимателя (в случае осуществления строительного контроля на основании договора с застройщиком или техническим заказчиком)
A41: Представитель лица, осуществляющего строительство, реконструкцию, капитальный ремонт
A42: ='Данные объект'!C21 -> Прораб ООО"Энергосистемы" Волков М.Ю..Приказ №05-ОТ/24 от 09 января 2024г
A43: (должность (при наличии), фамилия, инициалы, реквизиты распорядительного документа, подтверждающего полномочия)
A44: Представитель лица, осуществляющего строительство, реконструкцию, капитальный ремонт, по вопросам строительного контроля
A45: ='Данные объект'!C18 -> Инженер по строительному контролю ООО"Энергосистемы" Русин В.А..Приказ № 13-ОТ/25 от 05 мая 2025 (НОСТРОЙ С-50-085497)
A46: (должность (при наличии), фамилия, инициалы, идентификационный номер в национальном реестре специалистов в области строительства (за исключением случаев, когда членство в саморегулируемых организациях в области строительства, реконструкции, капитального ремонта обектов капитального строительства не требуется), реквизиты распоряительного документа, подтверждающего полномочия)
A47: А также иные представители лиц, участвующих в освидетельствовании:
A48: ='[4]Данные объект'!$C$36 -> Мастер СРЭС СЭС филиала ПАО "Россети Московский регион" Курчин М.М.
A49: (должность (при наличии), фамилия, инициалы, реквизиты распорядительного документа, подтверждающего полномочия)
A50: Представитель лица, осуществляющего подготовку проектной документации (в случае привлечения застройщиком лица, осуществляющего подготовку проектной документации, для проверки соответствия выполняемых работ проектной документации согласно части 2 статьи 53 Градостроительного кодекса Российской Федерации)
A52: (должность (при наличии), фамилия, инициалы, реквизиты распорядительного документа, подтверждающего полномочия, с указанием полного и (или) сокращенного наименования, ОГРН, ИНН, адреса юридического лица в пределах его места нахождения, фамилии, имени, отчества (последнее - при наличии), адреса места жительства, ОГРНИП, ИНН индивиуального предпринимателя)
A53: Представитель лица, выполнившего работы, подлежащие освидетельствованию (в случае выполнения работ по договорам о строительстве, реконcтрукции, капитальном ремонте объектов капитального строительства, заключенным с иными лицами)
A54: =CONCATENATE(#REF!,", ",#REF!," - ",#REF!) -> #REF!
A55: (должность (при наличии), фамилия, инициалы, реквизиты распорядительного документа, подтверждающего полномочия,
A57: с указанием полного и (или) сокращенного наименования, ОГРН, ИНН, адреса юридического лица в пределах его места нахождения, фамилии, имени, отчества (последнее - при наличии), адреса места жительства, ОРГНИП, ИНН индивидуального предпринимателя)
A58: произвели осмотр работ, выполненных
A59: ='Данные объект'!B11 -> ООО"Энергосистемы"
A60: (полное и (или) сокращенное наименование или фамилия, имя, отчество (последнее - при наличии) лица, выполнившего работы, подлежащие освидетельствованию)
A61: и составили настоящий акт о нижеследующем:
A62: 1. К освидетельствованию предъявлены следующие работы:
A63: ='АОСР-2'!A87:AJ87 -> Устройство гидроизоляции, с применением геотекстиля нетканого Дорнит 200 | V63: 67,45м2
A64: (наименование скрытых работ)
A65: 2. Работы выполнены по проектной документации
A66: ='Данные объект'!B40 -> 4980-325834-216-09/24
A67: (номер, другие реквизиты чертежа, наименование проектной и/или рабочей документации, сведения о лицах, осуществляющих подготовку раздела проектной и/или рабочей документации)
A68: 3. При выполнении работ применены | P68: геотекстиль нетканого Дорнита 200
P69: (наименования строительных материалов (изделий),
A70: реквизиты сертификатов и (или) других документов, подтверждающих их качество и безопасность, в случае если необходимо указывать более 5 документов, указывается ссылка на их реестр, который является неотъемлемой частью акта)
A71: 4. Предъявлены документы, подтверждающие соответствие работ предъявляемым к ним
A72: требованиям: | G72: Исполнительная схема фундамента под 2БРП №171
G73: (исполнительные схемы и чертежи, результаты экспертиз, обследований, лабораторных
A75: и иных испытаний выполненных работ, проведенных в процессе строительного контроля)
A77: 5. Даты: начала работ | P77: ='Данные объект'!B6 -> 45949
A78: окончания работ | P78: ='Данные объект'!B7 -> 46219
A80: 6. Работы выполнены в соответствии с
A81: Электромонтажные работы выполнены по проектной документации согласно требованиям СП 76.13330.2011. и ПУЭ
A82: (наименования и структурные единицы технических регламентов,
A84: иных нормативных правовых актов, разделы проектной и (или) рабочей документации)
A85: 7. Разрешается производство последующих работ
A86: Устройство песчаной подушки под фундамент 2БРП №171
A87: (наименование работ, строительных конструкций, участков сетей инженерно-технического обеспечения)
A88: Дополнительные сведения
A90: Акт составлен в | J90: экземплярах (в случае заполнения акта на бумажном носителе).
A92: Приложения:
A93: 1. | B93: =G72 -> Исполнительная схема фундамента под 2БРП №171 | Q93: - | R93: 1 лист
A94: 1. | B94: Декларация о соответствии № 04УПС1.RU.С02839 | Q94: - | R94: 1 лист
A95: (исполнительные схемы и чертежи, результаты экспертиз, обследований, лабораторных и иных испытаний)
A97: Представитель застройщика, технического заказчика, лица, ответственного за эксплуатацию
A98: здания, сооружения, или регионального оператора по вопросам строительного контроля
A99: ='Данные объект'!B33 -> Алексанян Г.Р.
A100: (фамилия, инициалы) | AB100: (подпись)
A101: Представитель лица, осуществляющего строительство, реконструкцию, капитальный ремонт
A102: ='Данные объект'!B20 -> Волков М.Ю.
A103: (фамилия, инициалы) | AB103: (подпись)
A104: Представитель лица, осуществляющего строительство, реконструкцию, капитальный ремонт,
A105: по вопросам строительного контроля
A106: ='Данные объект'!B17 -> Русин В.А.
A107: (фамилия, инициалы) | AB107: (подпись)
A108: Представители иных лиц:
A109: ='[4]Данные объект'!$B$36 -> Курчин М.М.
A110: (фамилия, инициалы) | AB110: (подпись)
A111: Представитель лица, осуществляющего подготовку проектной документации (в случае привлечения застройщиком лица, осуществляющего подготовку проектной документации, для проверки соответствия выполняемых работ проектной документации согласно части 2 статьи 53 Градостроительного кодекса Российской Федерации)
A112: - | AB112: -
A113: (фамилия, инициалы) | AB113: (подпись)
...

Sheet АОСР-4
AJ1: Приказ Минстроя №344/пр от 16.05.2023
AJ2: приложение №3
A3: Объект капитального строительства
A4: ='Данные объект'!B3 -> Строительство РП-10 кВ, 4КЛ-10 кВ от яч. № 316 3-й с.ш. и № 503 5-й с.ш. ЗРУ-10 кВ до 1-ой и 2-ой с.ш. РУ- 10 кВ сооруж. РП-10кВ, ПС 110/35/10 кВ № 71 "Поварово", в т.ч. ПИР, МО, Солнечногорский р-н, д. Ложки
A5: ='Данные объект'!B9 -> 2БРП №171
A6: (наименование объекта капитального строительства в соответствии с проектной документацией, почтовый или строительный адрес объекта капитального строительства)
A7: Застройщик, технический заказчик, лицо, ответственное за эксплуатацию здания, сооружения, или региональный оператор
A9: ='Данные объект'!B23 -> ПАО "Россети Московский регион"
A10: (фамилия, имя, отчество (последнее - при наличии), адрес места жительства, ОРГНИП, ИНН индивидуального предпринимателя, полное и (или) сокращенное наименование, ОГРН, ИНН, адрес юридического лица в пределах его нахождения, телефон или факс,
A11: ='Данные объект'!B24 -> ОГРН 1057746555811 ИНН 5036065113 КПП 772501001
A12: полное и (или) сокращенное наименование, ОГРН, ИНН саморегулируемой организации, членом которой является указанное юридическое лицо или индивидуальный предприниматель (за исключением случаев, когда членство в саморегулируемых организациях в области, строительства, реконструкции, капитального ремонта объектов капитального строительства не требуется); фамилия, имя, отчество
A13: ='Данные объект'!B25 -> 115114, город Москва, проезд Павелецкий 2-й, дом 3, строение 2
A14: (последнее - при наличии), паспортные данные, адрес места жительства, телефон или факс - для физических лиц, не являющихся индивидуальными предпринимателями)
A15: Лицо, осуществляющее строительство, реконструкцию, капитальный ремонт
A16: ='Данные объект'!B11 -> ООО"Энергосистемы"
A17: (фамилия, имя, отчество (последнее - при наличии), адрес места жительства, ОРГНИП, ИНН индивидуального предпринимателя,
A18: ='Данные объект'!B12 -> ОГРН 1135044003709 ИНН 5044089069 КПП 504401001
A19: полное и (или) сокращенное наименование, ОГРН, ИНН, адрес юридического лица в пределах его местонахождения, телефон или факс,
A20: ='Данные объект'!B13 -> 141508, Московская область, г.о. Солнечногорск, г. Солнечногорск, ул. Промышленная, стр. 5, помещение 179
A21: полное и (или) сокращенное наименование, ОГРН, ИНН саморегулируемой организации, членом которой является указанное юридическое лицо или индивидуальный предприниматель (за исключением случаев, когда членство в саморегулируемых организациях в области строительства, реконструкции, капитального ремонта объектов капитального строительства не требуется)
A22: Лицо, осуществляющее подготовку проектной документации
A23: ='Данные объект'!B36 -> ООО"Энергосистемы"
A24: (фамилия, имя, отчество (последнее - при наличии), адрес места жительства, ОРГНИП, ИНН индивидуального предпринимателя,
A25: ='Данные объект'!B37 -> ОГРН 1135044003709 ИНН 5044089069 КПП 504401001
A26: полное и (или) сокращенное наименование, ОГРН, ИНН, адрес юридического лица в пределах его места нахождения, телефон или факс,
A27: ='Данные объект'!B38 -> 141508, Московская область, г.о. Солнечногорск, г. Солнечногорск, ул. Промышленная, стр. 5, помещение 179
A28: полное и (или) сокращенное наименование, ОГРН, ИНН саморегулируемой организации, членом которой является указанное юридическое лицо или индивидуальный предприниматель (за исключением случаев, когда членство в саморегулируемых организациях в области архитектурно-строительного проектирования не требуется)
A30: АКТ
A31: освидетельствования скрытых работ
B33: № | C33: 4 | E33: /2БРП №171 | AB33: =P79 -> 46219
AB34: (дата составления акта)
A36: Представитель застройщика, технического заказчика, лица, ответственного за эксплуатацию здания, сооружения, или регионального оператора по вопросам строительного контроля
A37: ='Данные объект'!C34 -> Гл. специалист ССК УКС ПАО "Россети Московский регион" Алексанян Г.Р..Приказ №2363 от 29 июля 2025г (НРС С-50-069023)
A38: (должность (при наличии), фамилия, инициалы, идентификационный номер в национальном реестре специалистов в области строительства (за исключением случаев, когда членство в саморегулируемых организациях в области строительства, реконструкции, капитального ремонта обектов капитального строительства не требуется), реквизиты распоряительного документа, подтверждающего полномочия,
A39: ='Данные объект'!C23 -> ПАО "Россети Московский регион" ОГРН 1057746555811 ИНН 5036065113 КПП 772501001,115114, город Москва, проезд Павелецкий 2-й, дом 3, строение 2
A40: с указанием полного и (или) сокращенного наименования, ОГРН, ИНН, адреса юридического лица в пределах его места нахождения (в случае осуществления строительного контроля на основании договора с застройщиком или техническим заказчиком), фамилии, имени, отчества (последнее - при наличии), адреса места жительства, ОГРНИП, ИНН индивиуального предпринимателя (в случае осуществления строительного контроля на основании договора с застройщиком или техническим заказчиком)
A41: Представитель лица, осуществляющего строительство, реконструкцию, капитальный ремонт
A42: ='Данные объект'!C21 -> Прораб ООО"Энергосистемы" Волков М.Ю..Приказ №05-ОТ/24 от 09 января 2024г
A43: (должность (при наличии), фамилия, инициалы, реквизиты распорядительного документа, подтверждающего полномочия)
A44: Представитель лица, осуществляющего строительство, реконструкцию, капитальный ремонт, по вопросам строительного контроля
A45: ='Данные объект'!C18 -> Инженер по строительному контролю ООО"Энергосистемы" Русин В.А..Приказ № 13-ОТ/25 от 05 мая 2025 (НОСТРОЙ С-50-085497)
A46: (должность (при наличии), фамилия, инициалы, идентификационный номер в национальном реестре специалистов в области строительства (за исключением случаев, когда членство в саморегулируемых организациях в области строительства, реконструкции, капитального ремонта обектов капитального строительства не требуется), реквизиты распоряительного документа, подтверждающего полномочия)
A47: А также иные представители лиц, участвующих в освидетельствовании:
A48: ='[4]Данные объект'!$C$36 -> Мастер СРЭС СЭС филиала ПАО "Россети Московский регион" Курчин М.М.
A49: (должность (при наличии), фамилия, инициалы, реквизиты распорядительного документа, подтверждающего полномочия)
A50: Представитель лица, осуществляющего подготовку проектной документации (в случае привлечения застройщиком лица, осуществляющего подготовку проектной документации, для проверки соответствия выполняемых работ проектной документации согласно части 2 статьи 53 Градостроительного кодекса Российской Федерации)
A52: (должность (при наличии), фамилия, инициалы, реквизиты распорядительного документа, подтверждающего полномочия, с указанием полного и (или) сокращенного наименования, ОГРН, ИНН, адреса юридического лица в пределах его места нахождения, фамилии, имени, отчества (последнее - при наличии), адреса места жительства, ОГРНИП, ИНН индивиуального предпринимателя)
A53: Представитель лица, выполнившего работы, подлежащие освидетельствованию (в случае выполнения работ по договорам о строительстве, реконcтрукции, капитальном ремонте объектов капитального строительства, заключенным с иными лицами)
A54: =CONCATENATE(#REF!,", ",#REF!," - ",#REF!) -> #REF!
A55: (должность (при наличии), фамилия, инициалы, реквизиты распорядительного документа, подтверждающего полномочия,
A57: с указанием полного и (или) сокращенного наименования, ОГРН, ИНН, адреса юридического лица в пределах его места нахождения, фамилии, имени, отчества (последнее - при наличии), адреса места жительства, ОРГНИП, ИНН индивидуального предпринимателя)
A58: произвели осмотр работ, выполненных
A59: ='Данные объект'!B11 -> ООО"Энергосистемы"
A60: (полное и (или) сокращенное наименование или фамилия, имя, отчество (последнее - при наличии) лица, выполнившего работы, подлежащие освидетельствованию)
A61: и составили настоящий акт о нижеследующем:
A62: 1. К освидетельствованию предъявлены следующие работы:
A63: Устройство песчаной подушки под фундамент 2БРП №171 40,47м3
A64: (наименование скрытых работ)
A65: 2. Работы выполнены по проектной документации
A66: ='Данные объект'!B40 -> 4980-325834-216-09/24
A67: (номер, другие реквизиты чертежа, наименование проектной и/или рабочей документации, сведения о лицах, осуществляющих подготовку раздела проектной и/или рабочей документации)
A68: 3. При выполнении работ применены
P69: (наименования строительных материалов (изделий),
A70: Песок 40,47 м3
A71: реквизиты сертификатов и (или) других документов, подтверждающих их качество и безопасность, в случае если необходимо указывать более 5 документов, указывается ссылка на их реестр, который является неотъемлемой частью акта)
A72: 4. Предъявлены документы, подтверждающие соответствие работ предъявляемым к ним
A73: требованиям: | G73: Исполнительная схема устройства фундамента
G74: (исполнительные схемы и чертежи, результаты экспертиз, обследований, лабораторных
A76: и иных испытаний выполненных работ, проведенных в процессе строительного контроля)
A78: 5. Даты: начала работ | P78: ='Данные объект'!B6 -> 45949
A79: окончания работ | P79: ='Данные объект'!B7 -> 46219
A81: 6. Работы выполнены в соответствии с
A82: Электромонтажные работы выполнены по проектной документации согласно требованиям СП 76.13330.2011. и ПУЭ
A83: (наименования и структурные единицы технических регламентов,
A85: иных нормативных правовых актов, разделы проектной и (или) рабочей документации)
A86: 7. Разрешается производство последующих работ
A87: Устройство гидроизоляции 2БРП №171
A88: (наименование работ, строительных конструкций, участков сетей инженерно-технического обеспечения)
A89: Дополнительные сведения
A91: Акт составлен в | J91: экземплярах (в случае заполнения акта на бумажном носителе).
A93: Приложения:
A94: 1. | B94: =G73 -> Исполнительная схема устройства фундамента | Q94: - | R94: 1 лист
A95: 2. | B95: Паспорт б/н | Q95: - | R95: 1 лист
A96: 3. | B96: Бетон класса В15 М300(сертификат) - 1 лист
A97: (исполнительные схемы и чертежи, результаты экспертиз, обследований, лабораторных и иных испытаний)
A99: Представитель застройщика, технического заказчика, лица, ответственного за эксплуатацию
A100: здания, сооружения, или регионального оператора по вопросам строительного контроля
A101: ='Данные объект'!B33 -> Алексанян Г.Р.
A102: (фамилия, инициалы) | AB102: (подпись)
A103: Представитель лица, осуществляющего строительство, реконструкцию, капитальный ремонт
A104: ='Данные объект'!B20 -> Волков М.Ю.
A105: (фамилия, инициалы) | AB105: (подпись)
A106: Представитель лица, осуществляющего строительство, реконструкцию, капитальный ремонт,
A107: по вопросам строительного контроля
A108: ='Данные объект'!B17 -> Русин В.А.
A109: (фамилия, инициалы) | AB109: (подпись)
A110: Представители иных лиц:
A111: ='[4]Данные объект'!$B$36 -> Курчин М.М.
A112: (фамилия, инициалы) | AB112: (подпись)
A113: Представитель лица, осуществляющего подготовку проектной документации (в случае привлечения застройщиком лица, осуществляющего подготовку проектной документации, для проверки соответствия выполняемых работ проектной документации согласно части 2 статьи 53 Градостроительного кодекса Российской Федерации)
...

Sheet АОСР-4 (2)
AJ1: Приказ Минстроя №344/пр от 16.05.2023
AJ2: приложение №3
A3: Объект капитального строительства
A4: ='Данные объект'!B3 -> Строительство РП-10 кВ, 4КЛ-10 кВ от яч. № 316 3-й с.ш. и № 503 5-й с.ш. ЗРУ-10 кВ до 1-ой и 2-ой с.ш. РУ- 10 кВ сооруж. РП-10кВ, ПС 110/35/10 кВ № 71 "Поварово", в т.ч. ПИР, МО, Солнечногорский р-н, д. Ложки
A5: ='Данные объект'!B9 -> 2БРП №171
A6: (наименование объекта капитального строительства в соответствии с проектной документацией, почтовый или строительный адрес объекта капитального строительства)
A7: Застройщик, технический заказчик, лицо, ответственное за эксплуатацию здания, сооружения, или региональный оператор
A9: ='Данные объект'!B23 -> ПАО "Россети Московский регион"
A10: (фамилия, имя, отчество (последнее - при наличии), адрес места жительства, ОРГНИП, ИНН индивидуального предпринимателя, полное и (или) сокращенное наименование, ОГРН, ИНН, адрес юридического лица в пределах его нахождения, телефон или факс,
A11: ='Данные объект'!B24 -> ОГРН 1057746555811 ИНН 5036065113 КПП 772501001
A12: полное и (или) сокращенное наименование, ОГРН, ИНН саморегулируемой организации, членом которой является указанное юридическое лицо или индивидуальный предприниматель (за исключением случаев, когда членство в саморегулируемых организациях в области, строительства, реконструкции, капитального ремонта объектов капитального строительства не требуется); фамилия, имя, отчество
A13: ='Данные объект'!B25 -> 115114, город Москва, проезд Павелецкий 2-й, дом 3, строение 2
A14: (последнее - при наличии), паспортные данные, адрес места жительства, телефон или факс - для физических лиц, не являющихся индивидуальными предпринимателями)
A15: Лицо, осуществляющее строительство, реконструкцию, капитальный ремонт
A16: ='Данные объект'!B11 -> ООО"Энергосистемы"
A17: (фамилия, имя, отчество (последнее - при наличии), адрес места жительства, ОРГНИП, ИНН индивидуального предпринимателя,
A18: ='Данные объект'!B12 -> ОГРН 1135044003709 ИНН 5044089069 КПП 504401001
A19: полное и (или) сокращенное наименование, ОГРН, ИНН, адрес юридического лица в пределах его местонахождения, телефон или факс,
A20: ='Данные объект'!B13 -> 141508, Московская область, г.о. Солнечногорск, г. Солнечногорск, ул. Промышленная, стр. 5, помещение 179
A21: полное и (или) сокращенное наименование, ОГРН, ИНН саморегулируемой организации, членом которой является указанное юридическое лицо или индивидуальный предприниматель (за исключением случаев, когда членство в саморегулируемых организациях в области строительства, реконструкции, капитального ремонта объектов капитального строительства не требуется)
A22: Лицо, осуществляющее подготовку проектной документации
A23: ='Данные объект'!B36 -> ООО"Энергосистемы"
A24: (фамилия, имя, отчество (последнее - при наличии), адрес места жительства, ОРГНИП, ИНН индивидуального предпринимателя,
A25: ='Данные объект'!B37 -> ОГРН 1135044003709 ИНН 5044089069 КПП 504401001
A26: полное и (или) сокращенное наименование, ОГРН, ИНН, адрес юридического лица в пределах его места нахождения, телефон или факс,
A27: ='Данные объект'!B38 -> 141508, Московская область, г.о. Солнечногорск, г. Солнечногорск, ул. Промышленная, стр. 5, помещение 179
A28: полное и (или) сокращенное наименование, ОГРН, ИНН саморегулируемой организации, членом которой является указанное юридическое лицо или индивидуальный предприниматель (за исключением случаев, когда членство в саморегулируемых организациях в области архитектурно-строительного проектирования не требуется)
A30: АКТ
A31: освидетельствования скрытых работ
B33: № | C33: 4 | E33: /2БКТП №4301 | AB33: =P79 -> 45454
AB34: (дата составления акта)
A36: Представитель застройщика, технического заказчика, лица, ответственного за эксплуатацию здания, сооружения, или регионального оператора по вопросам строительного контроля
A37: ='Данные объект'!C34 -> Гл. специалист ССК УКС ПАО "Россети Московский регион" Алексанян Г.Р..Приказ №2363 от 29 июля 2025г (НРС С-50-069023)
A38: (должность (при наличии), фамилия, инициалы, идентификационный номер в национальном реестре специалистов в области строительства (за исключением случаев, когда членство в саморегулируемых организациях в области строительства, реконструкции, капитального ремонта обектов капитального строительства не требуется), реквизиты распоряительного документа, подтверждающего полномочия,
A39: ='Данные объект'!C23 -> ПАО "Россети Московский регион" ОГРН 1057746555811 ИНН 5036065113 КПП 772501001,115114, город Москва, проезд Павелецкий 2-й, дом 3, строение 2
A40: с указанием полного и (или) сокращенного наименования, ОГРН, ИНН, адреса юридического лица в пределах его места нахождения (в случае осуществления строительного контроля на основании договора с застройщиком или техническим заказчиком), фамилии, имени, отчества (последнее - при наличии), адреса места жительства, ОГРНИП, ИНН индивиуального предпринимателя (в случае осуществления строительного контроля на основании договора с застройщиком или техническим заказчиком)
A41: Представитель лица, осуществляющего строительство, реконструкцию, капитальный ремонт
A42: ='Данные объект'!C21 -> Прораб ООО"Энергосистемы" Волков М.Ю..Приказ №05-ОТ/24 от 09 января 2024г
A43: (должность (при наличии), фамилия, инициалы, реквизиты распорядительного документа, подтверждающего полномочия)
A44: Представитель лица, осуществляющего строительство, реконструкцию, капитальный ремонт, по вопросам строительного контроля
A45: ='Данные объект'!C18 -> Инженер по строительному контролю ООО"Энергосистемы" Русин В.А..Приказ № 13-ОТ/25 от 05 мая 2025 (НОСТРОЙ С-50-085497)
A46: (должность (при наличии), фамилия, инициалы, идентификационный номер в национальном реестре специалистов в области строительства (за исключением случаев, когда членство в саморегулируемых организациях в области строительства, реконструкции, капитального ремонта обектов капитального строительства не требуется), реквизиты распоряительного документа, подтверждающего полномочия)
A47: А также иные представители лиц, участвующих в освидетельствовании:
A48: ='[4]Данные объект'!$C$36 -> Мастер СРЭС СЭС филиала ПАО "Россети Московский регион" Курчин М.М.
A49: (должность (при наличии), фамилия, инициалы, реквизиты распорядительного документа, подтверждающего полномочия)
A50: Представитель лица, осуществляющего подготовку проектной документации (в случае привлечения застройщиком лица, осуществляющего подготовку проектной документации, для проверки соответствия выполняемых работ проектной документации согласно части 2 статьи 53 Градостроительного кодекса Российской Федерации)
A52: (должность (при наличии), фамилия, инициалы, реквизиты распорядительного документа, подтверждающего полномочия, с указанием полного и (или) сокращенного наименования, ОГРН, ИНН, адреса юридического лица в пределах его места нахождения, фамилии, имени, отчества (последнее - при наличии), адреса места жительства, ОГРНИП, ИНН индивиуального предпринимателя)
A53: Представитель лица, выполнившего работы, подлежащие освидетельствованию (в случае выполнения работ по договорам о строительстве, реконcтрукции, капитальном ремонте объектов капитального строительства, заключенным с иными лицами)
A54: =CONCATENATE(#REF!,", ",#REF!," - ",#REF!) -> #REF!
A55: (должность (при наличии), фамилия, инициалы, реквизиты распорядительного документа, подтверждающего полномочия,
A57: с указанием полного и (или) сокращенного наименования, ОГРН, ИНН, адреса юридического лица в пределах его места нахождения, фамилии, имени, отчества (последнее - при наличии), адреса места жительства, ОРГНИП, ИНН индивидуального предпринимателя)
A58: произвели осмотр работ, выполненных
A59: ='Данные объект'!B11 -> ООО"Энергосистемы"
A60: (полное и (или) сокращенное наименование или фамилия, имя, отчество (последнее - при наличии) лица, выполнившего работы, подлежащие освидетельствованию)
A61: и составили настоящий акт о нижеследующем:
A62: 1. К освидетельствованию предъявлены следующие работы:
A63: ='АОСР-4'!A87:AJ87 -> Устройство гидроизоляции 2БРП №171 | R63: 67,45м2
A64: (наименование скрытых работ)
A65: 2. Работы выполнены по проектной документации
A66: ='Данные объект'!B40 -> 4980-325834-216-09/24
A67: (номер, другие реквизиты чертежа, наименование проектной и/или рабочей документации, сведения о лицах, осуществляющих подготовку раздела проектной и/или рабочей документации)
A68: 3. При выполнении работ применены
P69: (наименования строительных материалов (изделий),
A70: Геотекстиль нетканого Дорнит 200 г/м2
A71: реквизиты сертификатов и (или) других документов, подтверждающих их качество и безопасность, в случае если необходимо указывать более 5 документов, указывается ссылка на их реестр, который является неотъемлемой частью акта)
A72: 4. Предъявлены документы, подтверждающие соответствие работ предъявляемым к ним
A73: требованиям: | G73: Исполнительная схема устройства фундамента
G74: (исполнительные схемы и чертежи, результаты экспертиз, обследований, лабораторных
A76: и иных испытаний выполненных работ, проведенных в процессе строительного контроля)
A78: 5. Даты: начала работ | P78: 45454
A79: окончания работ | P79: =P78 -> 45454
A81: 6. Работы выполнены в соответствии с
A82: Электромонтажные работы выполнены по проектной документации согласно требованиям СП 76.13330.2011. и ПУЭ
A83: (наименования и структурные единицы технических регламентов,
A85: иных нормативных правовых актов, разделы проектной и (или) рабочей документации)
A86: 7. Разрешается производство последующих работ
A87: Устройство бетонной подготовки под фундамент 2БКТП №4301
A88: (наименование работ, строительных конструкций, участков сетей инженерно-технического обеспечения)
A89: Дополнительные сведения
A91: Акт составлен в | J91: экземплярах (в случае заполнения акта на бумажном носителе).
A93: Приложения:
A94: 1. | B94: =G73 -> Исполнительная схема устройства фундамента | Q94: - | R94: 1 лист
A95: 2. | B95: Сертификат № 04УПС1.RU.С02839 | Q95: - | R95: 1 лист
A96: 3. | B96: Бетон класса В15 М300(сертификат) - 1 лист
A97: (исполнительные схемы и чертежи, результаты экспертиз, обследований, лабораторных и иных испытаний)
A99: Представитель застройщика, технического заказчика, лица, ответственного за эксплуатацию
A100: здания, сооружения, или регионального оператора по вопросам строительного контроля
A101: ='Данные объект'!B33 -> Алексанян Г.Р.
A102: (фамилия, инициалы) | AB102: (подпись)
A103: Представитель лица, осуществляющего строительство, реконструкцию, капитальный ремонт
A104: ='Данные объект'!B20 -> Волков М.Ю.
A105: (фамилия, инициалы) | AB105: (подпись)
A106: Представитель лица, осуществляющего строительство, реконструкцию, капитальный ремонт,
A107: по вопросам строительного контроля
A108: ='Данные объект'!B17 -> Русин В.А.
A109: (фамилия, инициалы) | AB109: (подпись)
A110: Представители иных лиц:
A111: ='[4]Данные объект'!$B$36 -> Курчин М.М.
A112: (фамилия, инициалы) | AB112: (подпись)
A113: Представитель лица, осуществляющего подготовку проектной документации (в случае привлечения застройщиком лица, осуществляющего подготовку проектной документации, для проверки соответствия выполняемых работ проектной документации согласно части 2 статьи 53 Градостроительного кодекса Российской Федерации)
...

Sheet АОСР-3
AJ1: Приказ Минстроя №344/пр от 16.05.2023
AJ2: приложение №3
A3: Объект капитального строительства
A4: ='Данные объект'!B3 -> Строительство РП-10 кВ, 4КЛ-10 кВ от яч. № 316 3-й с.ш. и № 503 5-й с.ш. ЗРУ-10 кВ до 1-ой и 2-ой с.ш. РУ- 10 кВ сооруж. РП-10кВ, ПС 110/35/10 кВ № 71 "Поварово", в т.ч. ПИР, МО, Солнечногорский р-н, д. Ложки
A5: ='Данные объект'!B9 -> 2БРП №171
A6: (наименование объекта капитального строительства в соответствии с проектной документацией, почтовый или строительный адрес объекта капитального строительства)
A7: Застройщик, технический заказчик, лицо, ответственное за эксплуатацию здания, сооружения, или региональный оператор
A9: ='Данные объект'!B23 -> ПАО "Россети Московский регион"
A10: (фамилия, имя, отчество (последнее - при наличии), адрес места жительства, ОРГНИП, ИНН индивидуального предпринимателя, полное и (или) сокращенное наименование, ОГРН, ИНН, адрес юридического лица в пределах его нахождения, телефон или факс,
A11: ='Данные объект'!B24 -> ОГРН 1057746555811 ИНН 5036065113 КПП 772501001
A12: полное и (или) сокращенное наименование, ОГРН, ИНН саморегулируемой организации, членом которой является указанное юридическое лицо или индивидуальный предприниматель (за исключением случаев, когда членство в саморегулируемых организациях в области, строительства, реконструкции, капитального ремонта объектов капитального строительства не требуется); фамилия, имя, отчество
A13: ='Данные объект'!B25 -> 115114, город Москва, проезд Павелецкий 2-й, дом 3, строение 2
A14: (последнее - при наличии), паспортные данные, адрес места жительства, телефон или факс - для физических лиц, не являющихся индивидуальными предпринимателями)
A15: Лицо, осуществляющее строительство, реконструкцию, капитальный ремонт
A16: ='Данные объект'!B11 -> ООО"Энергосистемы"
A17: (фамилия, имя, отчество (последнее - при наличии), адрес места жительства, ОРГНИП, ИНН индивидуального предпринимателя,
A18: ='Данные объект'!B12 -> ОГРН 1135044003709 ИНН 5044089069 КПП 504401001
A19: полное и (или) сокращенное наименование, ОГРН, ИНН, адрес юридического лица в пределах его местонахождения, телефон или факс,
A20: ='Данные объект'!B13 -> 141508, Московская область, г.о. Солнечногорск, г. Солнечногорск, ул. Промышленная, стр. 5, помещение 179
A21: полное и (или) сокращенное наименование, ОГРН, ИНН саморегулируемой организации, членом которой является указанное юридическое лицо или индивидуальный предприниматель (за исключением случаев, когда членство в саморегулируемых организациях в области строительства, реконструкции, капитального ремонта объектов капитального строительства не требуется)
A22: Лицо, осуществляющее подготовку проектной документации
A23: ='Данные объект'!B36 -> ООО"Энергосистемы"
A24: (фамилия, имя, отчество (последнее - при наличии), адрес места жительства, ОРГНИП, ИНН индивидуального предпринимателя,
A25: ='Данные объект'!B37 -> ОГРН 1135044003709 ИНН 5044089069 КПП 504401001
A26: полное и (или) сокращенное наименование, ОГРН, ИНН, адрес юридического лица в пределах его места нахождения, телефон или факс,
A27: ='Данные объект'!B38 -> 141508, Московская область, г.о. Солнечногорск, г. Солнечногорск, ул. Промышленная, стр. 5, помещение 179
A28: полное и (или) сокращенное наименование, ОГРН, ИНН саморегулируемой организации, членом которой является указанное юридическое лицо или индивидуальный предприниматель (за исключением случаев, когда членство в саморегулируемых организациях в области архитектурно-строительного проектирования не требуется)
A30: АКТ
A31: освидетельствования скрытых работ
B33: № | C33: 5 | E33: /2БРП №171 | AB33: =P79 -> 46219
AB34: (дата составления акта)
A36: Представитель застройщика, технического заказчика, лица, ответственного за эксплуатацию здания, сооружения, или регионального оператора по вопросам строительного контроля
A37: ='Данные объект'!C34 -> Гл. специалист ССК УКС ПАО "Россети Московский регион" Алексанян Г.Р..Приказ №2363 от 29 июля 2025г (НРС С-50-069023)
A38: (должность (при наличии), фамилия, инициалы, идентификационный номер в национальном реестре специалистов в области строительства (за исключением случаев, когда членство в саморегулируемых организациях в области строительства, реконструкции, капитального ремонта обектов капитального строительства не требуется), реквизиты распоряительного документа, подтверждающего полномочия,
A39: ='Данные объект'!C23 -> ПАО "Россети Московский регион" ОГРН 1057746555811 ИНН 5036065113 КПП 772501001,115114, город Москва, проезд Павелецкий 2-й, дом 3, строение 2
A40: с указанием полного и (или) сокращенного наименования, ОГРН, ИНН, адреса юридического лица в пределах его места нахождения (в случае осуществления строительного контроля на основании договора с застройщиком или техническим заказчиком), фамилии, имени, отчества (последнее - при наличии), адреса места жительства, ОГРНИП, ИНН индивиуального предпринимателя (в случае осуществления строительного контроля на основании договора с застройщиком или техническим заказчиком)
A41: Представитель лица, осуществляющего строительство, реконструкцию, капитальный ремонт
A42: ='Данные объект'!C21 -> Прораб ООО"Энергосистемы" Волков М.Ю..Приказ №05-ОТ/24 от 09 января 2024г
A43: (должность (при наличии), фамилия, инициалы, реквизиты распорядительного документа, подтверждающего полномочия)
A44: Представитель лица, осуществляющего строительство, реконструкцию, капитальный ремонт, по вопросам строительного контроля
A45: ='Данные объект'!C18 -> Инженер по строительному контролю ООО"Энергосистемы" Русин В.А..Приказ № 13-ОТ/25 от 05 мая 2025 (НОСТРОЙ С-50-085497)
A46: (должность (при наличии), фамилия, инициалы, идентификационный номер в национальном реестре специалистов в области строительства (за исключением случаев, когда членство в саморегулируемых организациях в области строительства, реконструкции, капитального ремонта обектов капитального строительства не требуется), реквизиты распоряительного документа, подтверждающего полномочия)
A47: А также иные представители лиц, участвующих в освидетельствовании:
A48: ='[4]Данные объект'!$C$36 -> Мастер СРЭС СЭС филиала ПАО "Россети Московский регион" Курчин М.М.
A49: (должность (при наличии), фамилия, инициалы, реквизиты распорядительного документа, подтверждающего полномочия)
A50: Представитель лица, осуществляющего подготовку проектной документации (в случае привлечения застройщиком лица, осуществляющего подготовку проектной документации, для проверки соответствия выполняемых работ проектной документации согласно части 2 статьи 53 Градостроительного кодекса Российской Федерации)
A52: (должность (при наличии), фамилия, инициалы, реквизиты распорядительного документа, подтверждающего полномочия, с указанием полного и (или) сокращенного наименования, ОГРН, ИНН, адреса юридического лица в пределах его места нахождения, фамилии, имени, отчества (последнее - при наличии), адреса места жительства, ОГРНИП, ИНН индивиуального предпринимателя)
A53: Представитель лица, выполнившего работы, подлежащие освидетельствованию (в случае выполнения работ по договорам о строительстве, реконcтрукции, капитальном ремонте объектов капитального строительства, заключенным с иными лицами)
A54: =CONCATENATE(#REF!,", ",#REF!," - ",#REF!) -> #REF!
A55: (должность (при наличии), фамилия, инициалы, реквизиты распорядительного документа, подтверждающего полномочия,
A57: с указанием полного и (или) сокращенного наименования, ОГРН, ИНН, адреса юридического лица в пределах его места нахождения, фамилии, имени, отчества (последнее - при наличии), адреса места жительства, ОРГНИП, ИНН индивидуального предпринимателя)
A58: произвели осмотр работ, выполненных
A59: ='Данные объект'!B11 -> ООО"Энергосистемы"
A60: (полное и (или) сокращенное наименование или фамилия, имя, отчество (последнее - при наличии) лица, выполнившего работы, подлежащие освидетельствованию)
A61: и составили настоящий акт о нижеследующем:
A62: 1. К освидетельствованию предъявлены следующие работы:
A63: ='АОСР-4'!A87:AJ87 -> Устройство гидроизоляции 2БРП №171
A64: (наименование скрытых работ)
A65: 2. Работы выполнены по проектной документации
A66: ='Данные объект'!B40 -> 4980-325834-216-09/24
A67: (номер, другие реквизиты чертежа, наименование проектной и/или рабочей документации, сведения о лицах, осуществляющих подготовку раздела проектной и/или рабочей документации)
A68: 3. При выполнении работ применены
P69: (наименования строительных материалов (изделий),
A70: Геотекстиль нетканый Дорнит 200 г/м² 67,45м2 | O70: Сертификат соответствия №04УПС1.RU.С02839
A71: реквизиты сертификатов и (или) других документов, подтверждающих их качество и безопасность, в случае если необходимо указывать более 5 документов, указывается ссылка на их реестр, который является неотъемлемой частью акта)
A72: 4. Предъявлены документы, подтверждающие соответствие работ предъявляемым к ним
A73: требованиям: | G73: Исполнительная схема устройства фундамента под 2БРП №171
G74: (исполнительные схемы и чертежи, результаты экспертиз, обследований, лабораторных
A76: и иных испытаний выполненных работ, проведенных в процессе строительного контроля)
A78: 5. Даты: начала работ | P78: ='Данные объект'!B6 -> 45949
A79: окончания работ | P79: ='Данные объект'!B7 -> 46219
A81: 6. Работы выполнены в соответствии с
A82: Электромонтажные работы выполнены по проектной документации согласно требованиям СП 76.13330.2011. и ПУЭ
A83: (наименования и структурные единицы технических регламентов,
A85: иных нормативных правовых актов, разделы проектной и (или) рабочей документации)
A86: 7. Разрешается производство последующих работ
A87: Выравнивание цементно-песчаной стяжкой
A88: (наименование работ, строительных конструкций, участков сетей инженерно-технического обеспечения)
A89: Дополнительные сведения
A91: Акт составлен в | J91: экземплярах (в случае заполнения акта на бумажном носителе).
A93: Приложения:
A94: 1. | B94: =G73 -> Исполнительная схема устройства фундамента под 2БРП №171 | T94: - | W94: 1 лист
A95: 2. | B95: =O70 -> Сертификат соответствия №04УПС1.RU.С02839 | U95: - | V95: 1 лист
A96: (исполнительные схемы и чертежи, результаты экспертиз, обследований, лабораторных и иных испытаний)
A98: Представитель застройщика, технического заказчика, лица, ответственного за эксплуатацию
A99: здания, сооружения, или регионального оператора по вопросам строительного контроля
A100: ='Данные объект'!B33 -> Алексанян Г.Р.
A101: (фамилия, инициалы) | AB101: (подпись)
A102: Представитель лица, осуществляющего строительство, реконструкцию, капитальный ремонт
A103: ='Данные объект'!B20 -> Волков М.Ю.
A104: (фамилия, инициалы) | AB104: (подпись)
A105: Представитель лица, осуществляющего строительство, реконструкцию, капитальный ремонт,
A106: по вопросам строительного контроля
A107: ='Данные объект'!B17 -> Русин В.А.
A108: (фамилия, инициалы) | AB108: (подпись)
A109: Представители иных лиц:
A110: ='[4]Данные объект'!$B$36 -> Курчин М.М.
A111: (фамилия, инициалы) | AB111: (подпись)
A112: Представитель лица, осуществляющего подготовку проектной документации (в случае привлечения застройщиком лица, осуществляющего подготовку проектной документации, для проверки соответствия выполняемых работ проектной документации согласно части 2 статьи 53 Градостроительного кодекса Российской Федерации)
A113: - | AB113: -
...

Sheet АОСР-5.1 (8)
AJ1: Приказ Минстроя №344/пр от 16.05.2023
AJ2: приложение №3
A3: Объект капитального строительства
A4: ='Данные объект'!B3 -> Строительство РП-10 кВ, 4КЛ-10 кВ от яч. № 316 3-й с.ш. и № 503 5-й с.ш. ЗРУ-10 кВ до 1-ой и 2-ой с.ш. РУ- 10 кВ сооруж. РП-10кВ, ПС 110/35/10 кВ № 71 "Поварово", в т.ч. ПИР, МО, Солнечногорский р-н, д. Ложки
A5: ='Данные объект'!B9 -> 2БРП №171
A6: (наименование объекта капитального строительства в соответствии с проектной документацией, почтовый или строительный адрес объекта капитального строительства)
A7: Застройщик, технический заказчик, лицо, ответственное за эксплуатацию здания, сооружения, или региональный оператор
A9: ='Данные объект'!B23 -> ПАО "Россети Московский регион"
A10: (фамилия, имя, отчество (последнее - при наличии), адрес места жительства, ОРГНИП, ИНН индивидуального предпринимателя, полное и (или) сокращенное наименование, ОГРН, ИНН, адрес юридического лица в пределах его нахождения, телефон или факс,
A11: ='Данные объект'!B24 -> ОГРН 1057746555811 ИНН 5036065113 КПП 772501001
A12: полное и (или) сокращенное наименование, ОГРН, ИНН саморегулируемой организации, членом которой является указанное юридическое лицо или индивидуальный предприниматель (за исключением случаев, когда членство в саморегулируемых организациях в области, строительства, реконструкции, капитального ремонта объектов капитального строительства не требуется); фамилия, имя, отчество
A13: ='Данные объект'!B25 -> 115114, город Москва, проезд Павелецкий 2-й, дом 3, строение 2
A14: (последнее - при наличии), паспортные данные, адрес места жительства, телефон или факс - для физических лиц, не являющихся индивидуальными предпринимателями)
A15: Лицо, осуществляющее строительство, реконструкцию, капитальный ремонт
A16: ='Данные объект'!B11 -> ООО"Энергосистемы"
A17: (фамилия, имя, отчество (последнее - при наличии), адрес места жительства, ОРГНИП, ИНН индивидуального предпринимателя,
A18: ='Данные объект'!B12 -> ОГРН 1135044003709 ИНН 5044089069 КПП 504401001
A19: полное и (или) сокращенное наименование, ОГРН, ИНН, адрес юридического лица в пределах его местонахождения, телефон или факс,
A20: ='Данные объект'!B13 -> 141508, Московская область, г.о. Солнечногорск, г. Солнечногорск, ул. Промышленная, стр. 5, помещение 179
A21: полное и (или) сокращенное наименование, ОГРН, ИНН саморегулируемой организации, членом которой является указанное юридическое лицо или индивидуальный предприниматель (за исключением случаев, когда членство в саморегулируемых организациях в области строительства, реконструкции, капитального ремонта объектов капитального строительства не требуется)
A22: Лицо, осуществляющее подготовку проектной документации
A23: ='Данные объект'!B36 -> ООО"Энергосистемы"
A24: (фамилия, имя, отчество (последнее - при наличии), адрес места жительства, ОРГНИП, ИНН индивидуального предпринимателя,
A25: ='Данные объект'!B37 -> ОГРН 1135044003709 ИНН 5044089069 КПП 504401001
A26: полное и (или) сокращенное наименование, ОГРН, ИНН, адрес юридического лица в пределах его места нахождения, телефон или факс,
A27: ='Данные объект'!B38 -> 141508, Московская область, г.о. Солнечногорск, г. Солнечногорск, ул. Промышленная, стр. 5, помещение 179
A28: полное и (или) сокращенное наименование, ОГРН, ИНН саморегулируемой организации, членом которой является указанное юридическое лицо или индивидуальный предприниматель (за исключением случаев, когда членство в саморегулируемых организациях в области архитектурно-строительного проектирования не требуется)
A30: АКТ
A31: освидетельствования скрытых работ
B33: № | C33: 6 | E33: /2БРП №171 | AB33: =P81 -> 46219
AB34: (дата составления акта)
A36: Представитель застройщика, технического заказчика, лица, ответственного за эксплуатацию здания, сооружения, или регионального оператора по вопросам строительного контроля
A37: ='Данные объект'!C34 -> Гл. специалист ССК УКС ПАО "Россети Московский регион" Алексанян Г.Р..Приказ №2363 от 29 июля 2025г (НРС С-50-069023)
A38: (должность (при наличии), фамилия, инициалы, идентификационный номер в национальном реестре специалистов в области строительства (за исключением случаев, когда членство в саморегулируемых организациях в области строительства, реконструкции, капитального ремонта обектов капитального строительства не требуется), реквизиты распоряительного документа, подтверждающего полномочия,
A39: ='Данные объект'!C23 -> ПАО "Россети Московский регион" ОГРН 1057746555811 ИНН 5036065113 КПП 772501001,115114, город Москва, проезд Павелецкий 2-й, дом 3, строение 2
A40: с указанием полного и (или) сокращенного наименования, ОГРН, ИНН, адреса юридического лица в пределах его места нахождения (в случае осуществления строительного контроля на основании договора с застройщиком или техническим заказчиком), фамилии, имени, отчества (последнее - при наличии), адреса места жительства, ОГРНИП, ИНН индивиуального предпринимателя (в случае осуществления строительного контроля на основании договора с застройщиком или техническим заказчиком)
A41: Представитель лица, осуществляющего строительство, реконструкцию, капитальный ремонт
A42: ='Данные объект'!C21 -> Прораб ООО"Энергосистемы" Волков М.Ю..Приказ №05-ОТ/24 от 09 января 2024г
A43: (должность (при наличии), фамилия, инициалы, реквизиты распорядительного документа, подтверждающего полномочия)
A44: Представитель лица, осуществляющего строительство, реконструкцию, капитальный ремонт, по вопросам строительного контроля
A45: ='Данные объект'!C18 -> Инженер по строительному контролю ООО"Энергосистемы" Русин В.А..Приказ № 13-ОТ/25 от 05 мая 2025 (НОСТРОЙ С-50-085497)
A46: (должность (при наличии), фамилия, инициалы, идентификационный номер в национальном реестре специалистов в области строительства (за исключением случаев, когда членство в саморегулируемых организациях в области строительства, реконструкции, капитального ремонта обектов капитального строительства не требуется), реквизиты распоряительного документа, подтверждающего полномочия)
A47: А также иные представители лиц, участвующих в освидетельствовании:
A48: ='[4]Данные объект'!$C$36 -> Мастер СРЭС СЭС филиала ПАО "Россети Московский регион" Курчин М.М.
A49: (должность (при наличии), фамилия, инициалы, реквизиты распорядительного документа, подтверждающего полномочия)
A50: Представитель лица, осуществляющего подготовку проектной документации (в случае привлечения застройщиком лица, осуществляющего подготовку проектной документации, для проверки соответствия выполняемых работ проектной документации согласно части 2 статьи 53 Градостроительного кодекса Российской Федерации)
A52: (должность (при наличии), фамилия, инициалы, реквизиты распорядительного документа, подтверждающего полномочия, с указанием полного и (или) сокращенного наименования, ОГРН, ИНН, адреса юридического лица в пределах его места нахождения, фамилии, имени, отчества (последнее - при наличии), адреса места жительства, ОГРНИП, ИНН индивиуального предпринимателя)
A53: Представитель лица, выполнившего работы, подлежащие освидетельствованию (в случае выполнения работ по договорам о строительстве, реконcтрукции, капитальном ремонте объектов капитального строительства, заключенным с иными лицами)
A54: =CONCATENATE(#REF!,", ",#REF!," - ",#REF!) -> #REF!
A55: (должность (при наличии), фамилия, инициалы, реквизиты распорядительного документа, подтверждающего полномочия,
A57: с указанием полного и (или) сокращенного наименования, ОГРН, ИНН, адреса юридического лица в пределах его места нахождения, фамилии, имени, отчества (последнее - при наличии), адреса места жительства, ОРГНИП, ИНН индивидуального предпринимателя)
A58: произвели осмотр работ, выполненных
A59: ='Данные объект'!B11 -> ООО"Энергосистемы"
A60: (полное и (или) сокращенное наименование или фамилия, имя, отчество (последнее - при наличии) лица, выполнившего работы, подлежащие освидетельствованию)
A61: и составили настоящий акт о нижеследующем:
A62: 1. К освидетельствованию предъявлены следующие работы:
A63: ='АОСР-3'!A87 -> Выравнивание цементно-песчаной стяжкой
A64: (наименование скрытых работ)
A65: 2. Работы выполнены по проектной документации
A66: ='Данные объект'!B40 -> 4980-325834-216-09/24
A67: (номер, другие реквизиты чертежа, наименование проектной и/или рабочей документации, сведения о лицах, осуществляющих подготовку раздела проектной и/или рабочей документации)
A68: 3. При выполнении работ применены
A69: Цементно-песчаная стяжка М100 | H69: Декларация о соответствии № РОСС RU Д-RU.РА01.В.25133/22
A72: (наименования строительных материалов (изделий),
A73: реквизиты сертификатов и (или) других документов, подтверждающих их качество и безопасность, в случае если необходимо указывать более 5 документов, указывается ссылка на их реестр, который является неотъемлемой частью акта)
A74: 4. Предъявлены документы, подтверждающие соответствие работ предъявляемым к ним
A75: требованиям: | G75: ='АОСР-3'!G73:AJ73 -> Исполнительная схема устройства фундамента под 2БРП №171
G76: (исполнительные схемы и чертежи, результаты экспертиз, обследований, лабораторных
A78: и иных испытаний выполненных работ, проведенных в процессе строительного контроля)
A80: 5. Даты: начала работ | P80: ='Данные объект'!B6 -> 45949
A81: окончания работ | P81: ='Данные объект'!B7 -> 46219
A83: 6. Работы выполнены в соответствии с
A84: Электромонтажные работы выполнены по проектной документации согласно требованиям СП 76.13330.2011. и ПУЭ
A85: (наименования и структурные единицы технических регламентов,
A87: иных нормативных правовых актов, разделы проектной и (или) рабочей документации)
A88: 7. Разрешается производство последующих работ
A89: Устройство монолитной плиты под фундамент 2БРП №171
A90: (наименование работ, строительных конструкций, участков сетей инженерно-технического обеспечения)
A91: Дополнительные сведения
A93: Акт составлен в | J93: экземплярах (в случае заполнения акта на бумажном носителе).
A95: Приложения:
A96: 1. | B96: =H69 -> Декларация о соответствии № РОСС RU Д-RU.РА01.В.25133/22 | Q96: - | R96: 1 лист
A97: 1. | B97: =G75 -> Исполнительная схема устройства фундамента под 2БРП №171 | X97: - | Y97: 1 лист
A98: (исполнительные схемы и чертежи, результаты экспертиз, обследований, лабораторных и иных испытаний)
A100: Представитель застройщика, технического заказчика, лица, ответственного за эксплуатацию
A101: здания, сооружения, или регионального оператора по вопросам строительного контроля
A102: ='Данные объект'!B33 -> Алексанян Г.Р.
A103: (фамилия, инициалы) | AB103: (подпись)
A104: Представитель лица, осуществляющего строительство, реконструкцию, капитальный ремонт
A105: ='Данные объект'!B20 -> Волков М.Ю.
A106: (фамилия, инициалы) | AB106: (подпись)
A107: Представитель лица, осуществляющего строительство, реконструкцию, капитальный ремонт,
A108: по вопросам строительного контроля
A109: ='Данные объект'!B17 -> Русин В.А.
A110: (фамилия, инициалы) | AB110: (подпись)
A111: Представители иных лиц:
A112: ='[4]Данные объект'!$B$36 -> Курчин М.М.
A113: (фамилия, инициалы) | AB113: (подпись)
A114: Представитель лица, осуществляющего подготовку проектной документации (в случае привлечения застройщиком лица, осуществляющего подготовку проектной документации, для проверки соответствия выполняемых работ проектной документации согласно части 2 статьи 53 Градостроительного кодекса Российской Федерации)
A115: - | AB115: -
...

Sheet АОСР-6.1
AJ1: Приказ Минстроя №344/пр от 16.05.2023
AJ2: приложение №3
A3: Объект капитального строительства
A4: ='Данные объект'!B3 -> Строительство РП-10 кВ, 4КЛ-10 кВ от яч. № 316 3-й с.ш. и № 503 5-й с.ш. ЗРУ-10 кВ до 1-ой и 2-ой с.ш. РУ- 10 кВ сооруж. РП-10кВ, ПС 110/35/10 кВ № 71 "Поварово", в т.ч. ПИР, МО, Солнечногорский р-н, д. Ложки
A5: ='Данные объект'!B9 -> 2БРП №171
A6: (наименование объекта капитального строительства в соответствии с проектной документацией, почтовый или строительный адрес объекта капитального строительства)
A7: Застройщик, технический заказчик, лицо, ответственное за эксплуатацию здания, сооружения, или региональный оператор
A9: ='Данные объект'!B23 -> ПАО "Россети Московский регион"
A10: (фамилия, имя, отчество (последнее - при наличии), адрес места жительства, ОРГНИП, ИНН индивидуального предпринимателя, полное и (или) сокращенное наименование, ОГРН, ИНН, адрес юридического лица в пределах его нахождения, телефон или факс,
A11: ='Данные объект'!B24 -> ОГРН 1057746555811 ИНН 5036065113 КПП 772501001
A12: полное и (или) сокращенное наименование, ОГРН, ИНН саморегулируемой организации, членом которой является указанное юридическое лицо или индивидуальный предприниматель (за исключением случаев, когда членство в саморегулируемых организациях в области, строительства, реконструкции, капитального ремонта объектов капитального строительства не требуется); фамилия, имя, отчество
A13: ='Данные объект'!B25 -> 115114, город Москва, проезд Павелецкий 2-й, дом 3, строение 2
A14: (последнее - при наличии), паспортные данные, адрес места жительства, телефон или факс - для физических лиц, не являющихся индивидуальными предпринимателями)
A15: Лицо, осуществляющее строительство, реконструкцию, капитальный ремонт
A16: ='Данные объект'!B11 -> ООО"Энергосистемы"
A17: (фамилия, имя, отчество (последнее - при наличии), адрес места жительства, ОРГНИП, ИНН индивидуального предпринимателя,
A18: ='Данные объект'!B12 -> ОГРН 1135044003709 ИНН 5044089069 КПП 504401001
A19: полное и (или) сокращенное наименование, ОГРН, ИНН, адрес юридического лица в пределах его местонахождения, телефон или факс,
A20: ='Данные объект'!B13 -> 141508, Московская область, г.о. Солнечногорск, г. Солнечногорск, ул. Промышленная, стр. 5, помещение 179
A21: полное и (или) сокращенное наименование, ОГРН, ИНН саморегулируемой организации, членом которой является указанное юридическое лицо или индивидуальный предприниматель (за исключением случаев, когда членство в саморегулируемых организациях в области строительства, реконструкции, капитального ремонта объектов капитального строительства не требуется)
A22: Лицо, осуществляющее подготовку проектной документации
A23: ='Данные объект'!B36 -> ООО"Энергосистемы"
A24: (фамилия, имя, отчество (последнее - при наличии), адрес места жительства, ОРГНИП, ИНН индивидуального предпринимателя,
A25: ='Данные объект'!B37 -> ОГРН 1135044003709 ИНН 5044089069 КПП 504401001
A26: полное и (или) сокращенное наименование, ОГРН, ИНН, адрес юридического лица в пределах его места нахождения, телефон или факс,
A27: ='Данные объект'!B38 -> 141508, Московская область, г.о. Солнечногорск, г. Солнечногорск, ул. Промышленная, стр. 5, помещение 179
A28: полное и (или) сокращенное наименование, ОГРН, ИНН саморегулируемой организации, членом которой является указанное юридическое лицо или индивидуальный предприниматель (за исключением случаев, когда членство в саморегулируемых организациях в области архитектурно-строительного проектирования не требуется)
A30: АКТ
A31: освидетельствования скрытых работ
B33: № | C33: 7 | E33: /2БРП №171 | AB33: =P81 -> 46219
AB34: (дата составления акта)
A36: Представитель застройщика, технического заказчика, лица, ответственного за эксплуатацию здания, сооружения, или регионального оператора по вопросам строительного контроля
A37: ='Данные объект'!C34 -> Гл. специалист ССК УКС ПАО "Россети Московский регион" Алексанян Г.Р..Приказ №2363 от 29 июля 2025г (НРС С-50-069023)
A38: (должность (при наличии), фамилия, инициалы, идентификационный номер в национальном реестре специалистов в области строительства (за исключением случаев, когда членство в саморегулируемых организациях в области строительства, реконструкции, капитального ремонта обектов капитального строительства не требуется), реквизиты распоряительного документа, подтверждающего полномочия,
A39: ='Данные объект'!C23 -> ПАО "Россети Московский регион" ОГРН 1057746555811 ИНН 5036065113 КПП 772501001,115114, город Москва, проезд Павелецкий 2-й, дом 3, строение 2
A40: с указанием полного и (или) сокращенного наименования, ОГРН, ИНН, адреса юридического лица в пределах его места нахождения (в случае осуществления строительного контроля на основании договора с застройщиком или техническим заказчиком), фамилии, имени, отчества (последнее - при наличии), адреса места жительства, ОГРНИП, ИНН индивиуального предпринимателя (в случае осуществления строительного контроля на основании договора с застройщиком или техническим заказчиком)
A41: Представитель лица, осуществляющего строительство, реконструкцию, капитальный ремонт
A42: ='Данные объект'!C21 -> Прораб ООО"Энергосистемы" Волков М.Ю..Приказ №05-ОТ/24 от 09 января 2024г
A43: (должность (при наличии), фамилия, инициалы, реквизиты распорядительного документа, подтверждающего полномочия)
A44: Представитель лица, осуществляющего строительство, реконструкцию, капитальный ремонт, по вопросам строительного контроля
A45: ='Данные объект'!C18 -> Инженер по строительному контролю ООО"Энергосистемы" Русин В.А..Приказ № 13-ОТ/25 от 05 мая 2025 (НОСТРОЙ С-50-085497)
A46: (должность (при наличии), фамилия, инициалы, идентификационный номер в национальном реестре специалистов в области строительства (за исключением случаев, когда членство в саморегулируемых организациях в области строительства, реконструкции, капитального ремонта обектов капитального строительства не требуется), реквизиты распоряительного документа, подтверждающего полномочия)
A47: А также иные представители лиц, участвующих в освидетельствовании:
A48: ='[4]Данные объект'!$C$36 -> Мастер СРЭС СЭС филиала ПАО "Россети Московский регион" Курчин М.М.
A49: (должность (при наличии), фамилия, инициалы, реквизиты распорядительного документа, подтверждающего полномочия)
A50: Представитель лица, осуществляющего подготовку проектной документации (в случае привлечения застройщиком лица, осуществляющего подготовку проектной документации, для проверки соответствия выполняемых работ проектной документации согласно части 2 статьи 53 Градостроительного кодекса Российской Федерации)
A52: (должность (при наличии), фамилия, инициалы, реквизиты распорядительного документа, подтверждающего полномочия, с указанием полного и (или) сокращенного наименования, ОГРН, ИНН, адреса юридического лица в пределах его места нахождения, фамилии, имени, отчества (последнее - при наличии), адреса места жительства, ОГРНИП, ИНН индивиуального предпринимателя)
A53: Представитель лица, выполнившего работы, подлежащие освидетельствованию (в случае выполнения работ по договорам о строительстве, реконcтрукции, капитальном ремонте объектов капитального строительства, заключенным с иными лицами)
A54: =CONCATENATE(#REF!,", ",#REF!," - ",#REF!) -> #REF!
A55: (должность (при наличии), фамилия, инициалы, реквизиты распорядительного документа, подтверждающего полномочия,
A57: с указанием полного и (или) сокращенного наименования, ОГРН, ИНН, адреса юридического лица в пределах его места нахождения, фамилии, имени, отчества (последнее - при наличии), адреса места жительства, ОРГНИП, ИНН индивидуального предпринимателя)
A58: произвели осмотр работ, выполненных
A59: ='Данные объект'!B11 -> ООО"Энергосистемы"
A60: (полное и (или) сокращенное наименование или фамилия, имя, отчество (последнее - при наличии) лица, выполнившего работы, подлежащие освидетельствованию)
A61: и составили настоящий акт о нижеследующем:
A62: 1. К освидетельствованию предъявлены следующие работы:
A63: Устройство армирования фундаментной плиты
A64: (наименование скрытых работ)
A65: 2. Работы выполнены по проектной документации
A66: ='Данные объект'!B40 -> 4980-325834-216-09/24
A67: (номер, другие реквизиты чертежа, наименование проектной и/или рабочей документации, сведения о лицах, осуществляющих подготовку раздела проектной и/или рабочей документации)
A68: 3. При выполнении работ применены
A69: Арматура Ø16 - 1063 кг | H69: Сертификат качества №122503424 от 30.01.2025
A70: Арматура Ø17
A72: (наименования строительных материалов (изделий),
A73: реквизиты сертификатов и (или) других документов, подтверждающих их качество и безопасность, в случае если необходимо указывать более 5 документов, указывается ссылка на их реестр, который является неотъемлемой частью акта)
A74: 4. Предъявлены документы, подтверждающие соответствие работ предъявляемым к ним
A75: требованиям: | G75: ='АОСР-3'!G73:AJ73 -> Исполнительная схема устройства фундамента под 2БРП №171
G76: (исполнительные схемы и чертежи, результаты экспертиз, обследований, лабораторных
A78: и иных испытаний выполненных работ, проведенных в процессе строительного контроля)
A80: 5. Даты: начала работ | P80: ='Данные объект'!B6 -> 45949
A81: окончания работ | P81: ='Данные объект'!B7 -> 46219
A83: 6. Работы выполнены в соответствии с
A84: Электромонтажные работы выполнены по проектной документации согласно требованиям СП 76.13330.2011. и ПУЭ
A85: (наименования и структурные единицы технических регламентов,
A87: иных нормативных правовых актов, разделы проектной и (или) рабочей документации)
A88: 7. Разрешается производство последующих работ
A89: Устройство монолитной плиты под фундамент 2БРП №171
A90: (наименование работ, строительных конструкций, участков сетей инженерно-технического обеспечения)
A91: Дополнительные сведения
A93: Акт составлен в | J93: экземплярах (в случае заполнения акта на бумажном носителе).
A95: Приложения:
A96: 1. | B96: =H69 -> Сертификат качества №122503424 от 30.01.2025 | Q96: - | R96: 2 листа
A97: 1. | B97: =G75 -> Исполнительная схема устройства фундамента под 2БРП №171 | X97: - | Y97: 1 лист
A98: (исполнительные схемы и чертежи, результаты экспертиз, обследований, лабораторных и иных испытаний)
A100: Представитель застройщика, технического заказчика, лица, ответственного за эксплуатацию
A101: здания, сооружения, или регионального оператора по вопросам строительного контроля
A102: ='Данные объект'!B33 -> Алексанян Г.Р.
A103: (фамилия, инициалы) | AB103: (подпись)
A104: Представитель лица, осуществляющего строительство, реконструкцию, капитальный ремонт
A105: ='Данные объект'!B20 -> Волков М.Ю.
A106: (фамилия, инициалы) | AB106: (подпись)
A107: Представитель лица, осуществляющего строительство, реконструкцию, капитальный ремонт,
A108: по вопросам строительного контроля
A109: ='Данные объект'!B17 -> Русин В.А.
A110: (фамилия, инициалы) | AB110: (подпись)
A111: Представители иных лиц:
A112: ='[4]Данные объект'!$B$36 -> Курчин М.М.
A113: (фамилия, инициалы) | AB113: (подпись)
A114: Представитель лица, осуществляющего подготовку проектной документации (в случае привлечения застройщиком лица, осуществляющего подготовку проектной документации, для проверки соответствия выполняемых работ проектной документации согласно части 2 статьи 53 Градостроительного кодекса Российской Федерации)
...

Sheet АОСР-5.1 (3)
AJ1: Приказ Минстроя №344/пр от 16.05.2023
AJ2: приложение №3
A3: Объект капитального строительства
A4: ='Данные объект'!B3 -> Строительство РП-10 кВ, 4КЛ-10 кВ от яч. № 316 3-й с.ш. и № 503 5-й с.ш. ЗРУ-10 кВ до 1-ой и 2-ой с.ш. РУ- 10 кВ сооруж. РП-10кВ, ПС 110/35/10 кВ № 71 "Поварово", в т.ч. ПИР, МО, Солнечногорский р-н, д. Ложки
A5: ='Данные объект'!B9 -> 2БРП №171
A6: (наименование объекта капитального строительства в соответствии с проектной документацией, почтовый или строительный адрес объекта капитального строительства)
A7: Застройщик, технический заказчик, лицо, ответственное за эксплуатацию здания, сооружения, или региональный оператор
A9: ='Данные объект'!B23 -> ПАО "Россети Московский регион"
A10: (фамилия, имя, отчество (последнее - при наличии), адрес места жительства, ОРГНИП, ИНН индивидуального предпринимателя, полное и (или) сокращенное наименование, ОГРН, ИНН, адрес юридического лица в пределах его нахождения, телефон или факс,
A11: ='Данные объект'!B24 -> ОГРН 1057746555811 ИНН 5036065113 КПП 772501001
A12: полное и (или) сокращенное наименование, ОГРН, ИНН саморегулируемой организации, членом которой является указанное юридическое лицо или индивидуальный предприниматель (за исключением случаев, когда членство в саморегулируемых организациях в области, строительства, реконструкции, капитального ремонта объектов капитального строительства не требуется); фамилия, имя, отчество
A13: ='Данные объект'!B25 -> 115114, город Москва, проезд Павелецкий 2-й, дом 3, строение 2
A14: (последнее - при наличии), паспортные данные, адрес места жительства, телефон или факс - для физических лиц, не являющихся индивидуальными предпринимателями)
A15: Лицо, осуществляющее строительство, реконструкцию, капитальный ремонт
A16: ='Данные объект'!B11 -> ООО"Энергосистемы"
A17: (фамилия, имя, отчество (последнее - при наличии), адрес места жительства, ОРГНИП, ИНН индивидуального предпринимателя,
A18: ='Данные объект'!B12 -> ОГРН 1135044003709 ИНН 5044089069 КПП 504401001
A19: полное и (или) сокращенное наименование, ОГРН, ИНН, адрес юридического лица в пределах его местонахождения, телефон или факс,
A20: ='Данные объект'!B13 -> 141508, Московская область, г.о. Солнечногорск, г. Солнечногорск, ул. Промышленная, стр. 5, помещение 179
A21: полное и (или) сокращенное наименование, ОГРН, ИНН саморегулируемой организации, членом которой является указанное юридическое лицо или индивидуальный предприниматель (за исключением случаев, когда членство в саморегулируемых организациях в области строительства, реконструкции, капитального ремонта объектов капитального строительства не требуется)
A22: Лицо, осуществляющее подготовку проектной документации
A23: ='Данные объект'!B36 -> ООО"Энергосистемы"
A24: (фамилия, имя, отчество (последнее - при наличии), адрес места жительства, ОРГНИП, ИНН индивидуального предпринимателя,
A25: ='Данные объект'!B37 -> ОГРН 1135044003709 ИНН 5044089069 КПП 504401001
A26: полное и (или) сокращенное наименование, ОГРН, ИНН, адрес юридического лица в пределах его места нахождения, телефон или факс,
A27: ='Данные объект'!B38 -> 141508, Московская область, г.о. Солнечногорск, г. Солнечногорск, ул. Промышленная, стр. 5, помещение 179
A28: полное и (или) сокращенное наименование, ОГРН, ИНН саморегулируемой организации, членом которой является указанное юридическое лицо или индивидуальный предприниматель (за исключением случаев, когда членство в саморегулируемых организациях в области архитектурно-строительного проектирования не требуется)
A30: АКТ
A31: освидетельствования скрытых работ
B33: № | C33: 8 | E33: /2БРП №171 | AB33: =P79 -> 46219
AB34: (дата составления акта)
A36: Представитель застройщика, технического заказчика, лица, ответственного за эксплуатацию здания, сооружения, или регионального оператора по вопросам строительного контроля
A37: ='Данные объект'!C34 -> Гл. специалист ССК УКС ПАО "Россети Московский регион" Алексанян Г.Р..Приказ №2363 от 29 июля 2025г (НРС С-50-069023)
A38: (должность (при наличии), фамилия, инициалы, идентификационный номер в национальном реестре специалистов в области строительства (за исключением случаев, когда членство в саморегулируемых организациях в области строительства, реконструкции, капитального ремонта обектов капитального строительства не требуется), реквизиты распоряительного документа, подтверждающего полномочия,
A39: ='Данные объект'!C23 -> ПАО "Россети Московский регион" ОГРН 1057746555811 ИНН 5036065113 КПП 772501001,115114, город Москва, проезд Павелецкий 2-й, дом 3, строение 2
A40: с указанием полного и (или) сокращенного наименования, ОГРН, ИНН, адреса юридического лица в пределах его места нахождения (в случае осуществления строительного контроля на основании договора с застройщиком или техническим заказчиком), фамилии, имени, отчества (последнее - при наличии), адреса места жительства, ОГРНИП, ИНН индивиуального предпринимателя (в случае осуществления строительного контроля на основании договора с застройщиком или техническим заказчиком)
A41: Представитель лица, осуществляющего строительство, реконструкцию, капитальный ремонт
A42: ='Данные объект'!C21 -> Прораб ООО"Энергосистемы" Волков М.Ю..Приказ №05-ОТ/24 от 09 января 2024г
A43: (должность (при наличии), фамилия, инициалы, реквизиты распорядительного документа, подтверждающего полномочия)
A44: Представитель лица, осуществляющего строительство, реконструкцию, капитальный ремонт, по вопросам строительного контроля
A45: ='Данные объект'!C18 -> Инженер по строительному контролю ООО"Энергосистемы" Русин В.А..Приказ № 13-ОТ/25 от 05 мая 2025 (НОСТРОЙ С-50-085497)
A46: (должность (при наличии), фамилия, инициалы, идентификационный номер в национальном реестре специалистов в области строительства (за исключением случаев, когда членство в саморегулируемых организациях в области строительства, реконструкции, капитального ремонта обектов капитального строительства не требуется), реквизиты распоряительного документа, подтверждающего полномочия)
A47: А также иные представители лиц, участвующих в освидетельствовании:
A48: ='[4]Данные объект'!$C$36 -> Мастер СРЭС СЭС филиала ПАО "Россети Московский регион" Курчин М.М.
A49: (должность (при наличии), фамилия, инициалы, реквизиты распорядительного документа, подтверждающего полномочия)
A50: Представитель лица, осуществляющего подготовку проектной документации (в случае привлечения застройщиком лица, осуществляющего подготовку проектной документации, для проверки соответствия выполняемых работ проектной документации согласно части 2 статьи 53 Градостроительного кодекса Российской Федерации)
A52: (должность (при наличии), фамилия, инициалы, реквизиты распорядительного документа, подтверждающего полномочия, с указанием полного и (или) сокращенного наименования, ОГРН, ИНН, адреса юридического лица в пределах его места нахождения, фамилии, имени, отчества (последнее - при наличии), адреса места жительства, ОГРНИП, ИНН индивиуального предпринимателя)
A53: Представитель лица, выполнившего работы, подлежащие освидетельствованию (в случае выполнения работ по договорам о строительстве, реконcтрукции, капитальном ремонте объектов капитального строительства, заключенным с иными лицами)
A54: =CONCATENATE(#REF!,", ",#REF!," - ",#REF!) -> #REF!
A55: (должность (при наличии), фамилия, инициалы, реквизиты распорядительного документа, подтверждающего полномочия,
A57: с указанием полного и (или) сокращенного наименования, ОГРН, ИНН, адреса юридического лица в пределах его места нахождения, фамилии, имени, отчества (последнее - при наличии), адреса места жительства, ОРГНИП, ИНН индивидуального предпринимателя)
A58: произвели осмотр работ, выполненных
A59: ='Данные объект'!B11 -> ООО"Энергосистемы"
A60: (полное и (или) сокращенное наименование или фамилия, имя, отчество (последнее - при наличии) лица, выполнившего работы, подлежащие освидетельствованию)
A61: и составили настоящий акт о нижеследующем:
A62: 1. К освидетельствованию предъявлены следующие работы:
A63: ='АОСР-5.1 (8)'!A89 -> Устройство монолитной плиты под фундамент 2БРП №171
A64: (наименование скрытых работ)
A65: 2. Работы выполнены по проектной документации
A66: ='Данные объект'!B40 -> 4980-325834-216-09/24
A67: (номер, другие реквизиты чертежа, наименование проектной и/или рабочей документации, сведения о лицах, осуществляющих подготовку раздела проектной и/или рабочей документации)
A68: 3. При выполнении работ применены
A69: Бетон М-350 класса В25 | G69: - | H69: 13,85м3 | K69: - | M69: Декларация о соответствии № РОСС RU Д-RU.НА45.В.00410/18
P70: (наименования строительных материалов (изделий),
A71: реквизиты сертификатов и (или) других документов, подтверждающих их качество и безопасность, в случае если необходимо указывать более 5 документов, указывается ссылка на их реестр, который является неотъемлемой частью акта)
A72: 4. Предъявлены документы, подтверждающие соответствие работ предъявляемым к ним
A73: требованиям: | G73: Исполнительная схема фундамента под 2БРП №171
G74: (исполнительные схемы и чертежи, результаты экспертиз, обследований, лабораторных
A76: и иных испытаний выполненных работ, проведенных в процессе строительного контроля)
A78: 5. Даты: начала работ | P78: ='Данные объект'!B6 -> 45949
A79: окончания работ | P79: ='Данные объект'!B7 -> 46219
A81: 6. Работы выполнены в соответствии с
A82: Электромонтажные работы выполнены по проектной документации согласно требованиям СП 76.13330.2011. и ПУЭ
A83: (наименования и структурные единицы технических регламентов,
A85: иных нормативных правовых актов, разделы проектной и (или) рабочей документации)
A86: 7. Разрешается производство последующих работ
A87: Устройство гидроизоляционного покрытия под 2БРП №171
A88: (наименование работ, строительных конструкций, участков сетей инженерно-технического обеспечения)
A89: Дополнительные сведения
A91: Акт составлен в | J91: экземплярах (в случае заполнения акта на бумажном носителе).
A93: Приложения:
A94: 1. | B94: Декларация о соответствии № РОСС RU Д-RU.НА45.В.00410/18 | Q94: - | R94: 1 лист
A95: 1. | B95: =G73 -> Исполнительная схема фундамента под 2БРП №171 | Q95: - | R95: 1 лист
A96: (исполнительные схемы и чертежи, результаты экспертиз, обследований, лабораторных и иных испытаний)
A98: Представитель застройщика, технического заказчика, лица, ответственного за эксплуатацию
A99: здания, сооружения, или регионального оператора по вопросам строительного контроля
A100: ='Данные объект'!B33 -> Алексанян Г.Р.
A101: (фамилия, инициалы) | AB101: (подпись)
A102: Представитель лица, осуществляющего строительство, реконструкцию, капитальный ремонт
A103: ='Данные объект'!B20 -> Волков М.Ю.
A104: (фамилия, инициалы) | AB104: (подпись)
A105: Представитель лица, осуществляющего строительство, реконструкцию, капитальный ремонт,
A106: по вопросам строительного контроля
A107: ='Данные объект'!B17 -> Русин В.А.
A108: (фамилия, инициалы) | AB108: (подпись)
A109: Представители иных лиц:
A110: ='[4]Данные объект'!$B$36 -> Курчин М.М.
A111: (фамилия, инициалы) | AB111: (подпись)
A112: Представитель лица, осуществляющего подготовку проектной документации (в случае привлечения застройщиком лица, осуществляющего подготовку проектной документации, для проверки соответствия выполняемых работ проектной документации согласно части 2 статьи 53 Градостроительного кодекса Российской Федерации)
A113: - | AB113: -
...

Sheet АОСР-5.1 (9)
AJ1: Приказ Минстроя №344/пр от 16.05.2023
AJ2: приложение №3
A3: Объект капитального строительства
A4: ='Данные объект'!B3 -> Строительство РП-10 кВ, 4КЛ-10 кВ от яч. № 316 3-й с.ш. и № 503 5-й с.ш. ЗРУ-10 кВ до 1-ой и 2-ой с.ш. РУ- 10 кВ сооруж. РП-10кВ, ПС 110/35/10 кВ № 71 "Поварово", в т.ч. ПИР, МО, Солнечногорский р-н, д. Ложки
A5: ='Данные объект'!B9 -> 2БРП №171
A6: (наименование объекта капитального строительства в соответствии с проектной документацией, почтовый или строительный адрес объекта капитального строительства)
A7: Застройщик, технический заказчик, лицо, ответственное за эксплуатацию здания, сооружения, или региональный оператор
A9: ='Данные объект'!B23 -> ПАО "Россети Московский регион"
A10: (фамилия, имя, отчество (последнее - при наличии), адрес места жительства, ОРГНИП, ИНН индивидуального предпринимателя, полное и (или) сокращенное наименование, ОГРН, ИНН, адрес юридического лица в пределах его нахождения, телефон или факс,
A11: ='Данные объект'!B24 -> ОГРН 1057746555811 ИНН 5036065113 КПП 772501001
A12: полное и (или) сокращенное наименование, ОГРН, ИНН саморегулируемой организации, членом которой является указанное юридическое лицо или индивидуальный предприниматель (за исключением случаев, когда членство в саморегулируемых организациях в области, строительства, реконструкции, капитального ремонта объектов капитального строительства не требуется); фамилия, имя, отчество
A13: ='Данные объект'!B25 -> 115114, город Москва, проезд Павелецкий 2-й, дом 3, строение 2
A14: (последнее - при наличии), паспортные данные, адрес места жительства, телефон или факс - для физических лиц, не являющихся индивидуальными предпринимателями)
A15: Лицо, осуществляющее строительство, реконструкцию, капитальный ремонт
A16: ='Данные объект'!B11 -> ООО"Энергосистемы"
A17: (фамилия, имя, отчество (последнее - при наличии), адрес места жительства, ОРГНИП, ИНН индивидуального предпринимателя,
A18: ='Данные объект'!B12 -> ОГРН 1135044003709 ИНН 5044089069 КПП 504401001
A19: полное и (или) сокращенное наименование, ОГРН, ИНН, адрес юридического лица в пределах его местонахождения, телефон или факс,
A20: ='Данные объект'!B13 -> 141508, Московская область, г.о. Солнечногорск, г. Солнечногорск, ул. Промышленная, стр. 5, помещение 179
A21: полное и (или) сокращенное наименование, ОГРН, ИНН саморегулируемой организации, членом которой является указанное юридическое лицо или индивидуальный предприниматель (за исключением случаев, когда членство в саморегулируемых организациях в области строительства, реконструкции, капитального ремонта объектов капитального строительства не требуется)
A22: Лицо, осуществляющее подготовку проектной документации
A23: ='Данные объект'!B36 -> ООО"Энергосистемы"
A24: (фамилия, имя, отчество (последнее - при наличии), адрес места жительства, ОРГНИП, ИНН индивидуального предпринимателя,
A25: ='Данные объект'!B37 -> ОГРН 1135044003709 ИНН 5044089069 КПП 504401001
A26: полное и (или) сокращенное наименование, ОГРН, ИНН, адрес юридического лица в пределах его места нахождения, телефон или факс,
A27: ='Данные объект'!B38 -> 141508, Московская область, г.о. Солнечногорск, г. Солнечногорск, ул. Промышленная, стр. 5, помещение 179
A28: полное и (или) сокращенное наименование, ОГРН, ИНН саморегулируемой организации, членом которой является указанное юридическое лицо или индивидуальный предприниматель (за исключением случаев, когда членство в саморегулируемых организациях в области архитектурно-строительного проектирования не требуется)
A30: АКТ
A31: освидетельствования скрытых работ
B33: № | C33: 7 | E33: /БКТП №544 | AB33: =P79 -> 45476
AB34: (дата составления акта)
A36: Представитель застройщика, технического заказчика, лица, ответственного за эксплуатацию здания, сооружения, или регионального оператора по вопросам строительного контроля
A37: ='Данные объект'!C34 -> Гл. специалист ССК УКС ПАО "Россети Московский регион" Алексанян Г.Р..Приказ №2363 от 29 июля 2025г (НРС С-50-069023)
A38: (должность (при наличии), фамилия, инициалы, идентификационный номер в национальном реестре специалистов в области строительства (за исключением случаев, когда членство в саморегулируемых организациях в области строительства, реконструкции, капитального ремонта обектов капитального строительства не требуется), реквизиты распоряительного документа, подтверждающего полномочия,
A39: ='Данные объект'!C23 -> ПАО "Россети Московский регион" ОГРН 1057746555811 ИНН 5036065113 КПП 772501001,115114, город Москва, проезд Павелецкий 2-й, дом 3, строение 2
A40: с указанием полного и (или) сокращенного наименования, ОГРН, ИНН, адреса юридического лица в пределах его места нахождения (в случае осуществления строительного контроля на основании договора с застройщиком или техническим заказчиком), фамилии, имени, отчества (последнее - при наличии), адреса места жительства, ОГРНИП, ИНН индивиуального предпринимателя (в случае осуществления строительного контроля на основании договора с застройщиком или техническим заказчиком)
A41: Представитель лица, осуществляющего строительство, реконструкцию, капитальный ремонт
A42: ='Данные объект'!C21 -> Прораб ООО"Энергосистемы" Волков М.Ю..Приказ №05-ОТ/24 от 09 января 2024г
A43: (должность (при наличии), фамилия, инициалы, реквизиты распорядительного документа, подтверждающего полномочия)
A44: Представитель лица, осуществляющего строительство, реконструкцию, капитальный ремонт, по вопросам строительного контроля
A45: ='Данные объект'!C18 -> Инженер по строительному контролю ООО"Энергосистемы" Русин В.А..Приказ № 13-ОТ/25 от 05 мая 2025 (НОСТРОЙ С-50-085497)
A46: (должность (при наличии), фамилия, инициалы, идентификационный номер в национальном реестре специалистов в области строительства (за исключением случаев, когда членство в саморегулируемых организациях в области строительства, реконструкции, капитального ремонта обектов капитального строительства не требуется), реквизиты распоряительного документа, подтверждающего полномочия)
A47: А также иные представители лиц, участвующих в освидетельствовании:
A48: ='[4]Данные объект'!$C$36 -> Мастер СРЭС СЭС филиала ПАО "Россети Московский регион" Курчин М.М.
A49: (должность (при наличии), фамилия, инициалы, реквизиты распорядительного документа, подтверждающего полномочия)
A50: Представитель лица, осуществляющего подготовку проектной документации (в случае привлечения застройщиком лица, осуществляющего подготовку проектной документации, для проверки соответствия выполняемых работ проектной документации согласно части 2 статьи 53 Градостроительного кодекса Российской Федерации)
A52: (должность (при наличии), фамилия, инициалы, реквизиты распорядительного документа, подтверждающего полномочия, с указанием полного и (или) сокращенного наименования, ОГРН, ИНН, адреса юридического лица в пределах его места нахождения, фамилии, имени, отчества (последнее - при наличии), адреса места жительства, ОГРНИП, ИНН индивиуального предпринимателя)
A53: Представитель лица, выполнившего работы, подлежащие освидетельствованию (в случае выполнения работ по договорам о строительстве, реконcтрукции, капитальном ремонте объектов капитального строительства, заключенным с иными лицами)
A54: =CONCATENATE(#REF!,", ",#REF!," - ",#REF!) -> #REF!
A55: (должность (при наличии), фамилия, инициалы, реквизиты распорядительного документа, подтверждающего полномочия,
A57: с указанием полного и (или) сокращенного наименования, ОГРН, ИНН, адреса юридического лица в пределах его места нахождения, фамилии, имени, отчества (последнее - при наличии), адреса места жительства, ОРГНИП, ИНН индивидуального предпринимателя)
A58: произвели осмотр работ, выполненных
A59: ='Данные объект'!B11 -> ООО"Энергосистемы"
A60: (полное и (или) сокращенное наименование или фамилия, имя, отчество (последнее - при наличии) лица, выполнившего работы, подлежащие освидетельствованию)
A61: и составили настоящий акт о нижеследующем:
A62: 1. К освидетельствованию предъявлены следующие работы:
A63: ='АОСР-5.1 (3)'!A87:AJ87 -> Устройство гидроизоляционного покрытия под 2БРП №171
A64: (наименование скрытых работ)
A65: 2. Работы выполнены по проектной документации
A66: ='Данные объект'!B40 -> 4980-325834-216-09/24
A67: (номер, другие реквизиты чертежа, наименование проектной и/или рабочей документации, сведения о лицах, осуществляющих подготовку раздела проектной и/или рабочей документации)
A68: 3. При выполнении работ применены
A69: Ламинированная фанера | G69: - | H69: 8,28м2
P70: (наименования строительных материалов (изделий),
A71: реквизиты сертификатов и (или) других документов, подтверждающих их качество и безопасность, в случае если необходимо указывать более 5 документов, указывается ссылка на их реестр, который является неотъемлемой частью акта)
A72: 4. Предъявлены документы, подтверждающие соответствие работ предъявляемым к ним
A73: требованиям: | G73: Исполнительная схема фундамента под БКТП №4301
G74: (исполнительные схемы и чертежи, результаты экспертиз, обследований, лабораторных
A76: и иных испытаний выполненных работ, проведенных в процессе строительного контроля)
A78: 5. Даты: начала работ | P78: 45476
A79: окончания работ | P79: =P78 -> 45476
A81: 6. Работы выполнены в соответствии с
A82: Электромонтажные работы выполнены по проектной документации согласно требованиям СП 76.13330.2011. и ПУЭ
A83: (наименования и структурные единицы технических регламентов,
A85: иных нормативных правовых актов, разделы проектной и (или) рабочей документации)
A86: 7. Разрешается производство последующих работ
A87: Устройство опалубки под БКТП №4301
A88: (наименование работ, строительных конструкций, участков сетей инженерно-технического обеспечения)
A89: Дополнительные сведения
A91: Акт составлен в | J91: экземплярах (в случае заполнения акта на бумажном носителе).
A93: Приложения:
A94: 1. | B94: Декларация о соответствии № РОСС RU Д-RU.НА45.В.00410/18 | Q94: - | R94: 1 лист
A95: 1. | B95: =G73 -> Исполнительная схема фундамента под БКТП №4301 | Q95: - | R95: 1 лист
A96: (исполнительные схемы и чертежи, результаты экспертиз, обследований, лабораторных и иных испытаний)
A98: Представитель застройщика, технического заказчика, лица, ответственного за эксплуатацию
A99: здания, сооружения, или регионального оператора по вопросам строительного контроля
A100: ='Данные объект'!B33 -> Алексанян Г.Р.
A101: (фамилия, инициалы) | AB101: (подпись)
A102: Представитель лица, осуществляющего строительство, реконструкцию, капитальный ремонт
A103: ='Данные объект'!B20 -> Волков М.Ю.
A104: (фамилия, инициалы) | AB104: (подпись)
A105: Представитель лица, осуществляющего строительство, реконструкцию, капитальный ремонт,
A106: по вопросам строительного контроля
A107: ='Данные объект'!B17 -> Русин В.А.
A108: (фамилия, инициалы) | AB108: (подпись)
A109: Представители иных лиц:
A110: ='[4]Данные объект'!$B$36 -> Курчин М.М.
A111: (фамилия, инициалы) | AB111: (подпись)
A112: Представитель лица, осуществляющего подготовку проектной документации (в случае привлечения застройщиком лица, осуществляющего подготовку проектной документации, для проверки соответствия выполняемых работ проектной документации согласно части 2 статьи 53 Градостроительного кодекса Российской Федерации)
A113: - | AB113: -
...

Sheet АОСР-5.1 (2)
AJ1: Приказ Минстроя №344/пр от 16.05.2023
AJ2: приложение №3
A3: Объект капитального строительства
A4: ='Данные объект'!B3 -> Строительство РП-10 кВ, 4КЛ-10 кВ от яч. № 316 3-й с.ш. и № 503 5-й с.ш. ЗРУ-10 кВ до 1-ой и 2-ой с.ш. РУ- 10 кВ сооруж. РП-10кВ, ПС 110/35/10 кВ № 71 "Поварово", в т.ч. ПИР, МО, Солнечногорский р-н, д. Ложки
A5: ='Данные объект'!B9 -> 2БРП №171
A6: (наименование объекта капитального строительства в соответствии с проектной документацией, почтовый или строительный адрес объекта капитального строительства)
A7: Застройщик, технический заказчик, лицо, ответственное за эксплуатацию здания, сооружения, или региональный оператор
A9: ='Данные объект'!B23 -> ПАО "Россети Московский регион"
A10: (фамилия, имя, отчество (последнее - при наличии), адрес места жительства, ОРГНИП, ИНН индивидуального предпринимателя, полное и (или) сокращенное наименование, ОГРН, ИНН, адрес юридического лица в пределах его нахождения, телефон или факс,
A11: ='Данные объект'!B24 -> ОГРН 1057746555811 ИНН 5036065113 КПП 772501001
A12: полное и (или) сокращенное наименование, ОГРН, ИНН саморегулируемой организации, членом которой является указанное юридическое лицо или индивидуальный предприниматель (за исключением случаев, когда членство в саморегулируемых организациях в области, строительства, реконструкции, капитального ремонта объектов капитального строительства не требуется); фамилия, имя, отчество
A13: ='Данные объект'!B25 -> 115114, город Москва, проезд Павелецкий 2-й, дом 3, строение 2
A14: (последнее - при наличии), паспортные данные, адрес места жительства, телефон или факс - для физических лиц, не являющихся индивидуальными предпринимателями)
A15: Лицо, осуществляющее строительство, реконструкцию, капитальный ремонт
A16: ='Данные объект'!B11 -> ООО"Энергосистемы"
A17: (фамилия, имя, отчество (последнее - при наличии), адрес места жительства, ОРГНИП, ИНН индивидуального предпринимателя,
A18: ='Данные объект'!B12 -> ОГРН 1135044003709 ИНН 5044089069 КПП 504401001
A19: полное и (или) сокращенное наименование, ОГРН, ИНН, адрес юридического лица в пределах его местонахождения, телефон или факс,
A20: ='Данные объект'!B13 -> 141508, Московская область, г.о. Солнечногорск, г. Солнечногорск, ул. Промышленная, стр. 5, помещение 179
A21: полное и (или) сокращенное наименование, ОГРН, ИНН саморегулируемой организации, членом которой является указанное юридическое лицо или индивидуальный предприниматель (за исключением случаев, когда членство в саморегулируемых организациях в области строительства, реконструкции, капитального ремонта объектов капитального строительства не требуется)
A22: Лицо, осуществляющее подготовку проектной документации
A23: ='Данные объект'!B36 -> ООО"Энергосистемы"
A24: (фамилия, имя, отчество (последнее - при наличии), адрес места жительства, ОРГНИП, ИНН индивидуального предпринимателя,
A25: ='Данные объект'!B37 -> ОГРН 1135044003709 ИНН 5044089069 КПП 504401001
A26: полное и (или) сокращенное наименование, ОГРН, ИНН, адрес юридического лица в пределах его места нахождения, телефон или факс,
A27: ='Данные объект'!B38 -> 141508, Московская область, г.о. Солнечногорск, г. Солнечногорск, ул. Промышленная, стр. 5, помещение 179
A28: полное и (или) сокращенное наименование, ОГРН, ИНН саморегулируемой организации, членом которой является указанное юридическое лицо или индивидуальный предприниматель (за исключением случаев, когда членство в саморегулируемых организациях в области архитектурно-строительного проектирования не требуется)
A30: АКТ
A31: освидетельствования скрытых работ
B33: № | C33: 9 | E33: /2БРП №171 | AB33: =P80 -> 46219
AB34: (дата составления акта)
A36: Представитель застройщика, технического заказчика, лица, ответственного за эксплуатацию здания, сооружения, или регионального оператора по вопросам строительного контроля
A37: ='Данные объект'!C34 -> Гл. специалист ССК УКС ПАО "Россети Московский регион" Алексанян Г.Р..Приказ №2363 от 29 июля 2025г (НРС С-50-069023)
A38: (должность (при наличии), фамилия, инициалы, идентификационный номер в национальном реестре специалистов в области строительства (за исключением случаев, когда членство в саморегулируемых организациях в области строительства, реконструкции, капитального ремонта обектов капитального строительства не требуется), реквизиты распоряительного документа, подтверждающего полномочия,
A39: ='Данные объект'!C23 -> ПАО "Россети Московский регион" ОГРН 1057746555811 ИНН 5036065113 КПП 772501001,115114, город Москва, проезд Павелецкий 2-й, дом 3, строение 2
A40: с указанием полного и (или) сокращенного наименования, ОГРН, ИНН, адреса юридического лица в пределах его места нахождения (в случае осуществления строительного контроля на основании договора с застройщиком или техническим заказчиком), фамилии, имени, отчества (последнее - при наличии), адреса места жительства, ОГРНИП, ИНН индивиуального предпринимателя (в случае осуществления строительного контроля на основании договора с застройщиком или техническим заказчиком)
A41: Представитель лица, осуществляющего строительство, реконструкцию, капитальный ремонт
A42: ='Данные объект'!C21 -> Прораб ООО"Энергосистемы" Волков М.Ю..Приказ №05-ОТ/24 от 09 января 2024г
A43: (должность (при наличии), фамилия, инициалы, реквизиты распорядительного документа, подтверждающего полномочия)
A44: Представитель лица, осуществляющего строительство, реконструкцию, капитальный ремонт, по вопросам строительного контроля
A45: ='Данные объект'!C18 -> Инженер по строительному контролю ООО"Энергосистемы" Русин В.А..Приказ № 13-ОТ/25 от 05 мая 2025 (НОСТРОЙ С-50-085497)
A46: (должность (при наличии), фамилия, инициалы, идентификационный номер в национальном реестре специалистов в области строительства (за исключением случаев, когда членство в саморегулируемых организациях в области строительства, реконструкции, капитального ремонта обектов капитального строительства не требуется), реквизиты распоряительного документа, подтверждающего полномочия)
A47: А также иные представители лиц, участвующих в освидетельствовании:
A48: ='[4]Данные объект'!$C$36 -> Мастер СРЭС СЭС филиала ПАО "Россети Московский регион" Курчин М.М.
A49: (должность (при наличии), фамилия, инициалы, реквизиты распорядительного документа, подтверждающего полномочия)
A50: Представитель лица, осуществляющего подготовку проектной документации (в случае привлечения застройщиком лица, осуществляющего подготовку проектной документации, для проверки соответствия выполняемых работ проектной документации согласно части 2 статьи 53 Градостроительного кодекса Российской Федерации)
A52: (должность (при наличии), фамилия, инициалы, реквизиты распорядительного документа, подтверждающего полномочия, с указанием полного и (или) сокращенного наименования, ОГРН, ИНН, адреса юридического лица в пределах его места нахождения, фамилии, имени, отчества (последнее - при наличии), адреса места жительства, ОГРНИП, ИНН индивиуального предпринимателя)
A53: Представитель лица, выполнившего работы, подлежащие освидетельствованию (в случае выполнения работ по договорам о строительстве, реконcтрукции, капитальном ремонте объектов капитального строительства, заключенным с иными лицами)
A54: =CONCATENATE(#REF!,", ",#REF!," - ",#REF!) -> #REF!
A55: (должность (при наличии), фамилия, инициалы, реквизиты распорядительного документа, подтверждающего полномочия,
A57: с указанием полного и (или) сокращенного наименования, ОГРН, ИНН, адреса юридического лица в пределах его места нахождения, фамилии, имени, отчества (последнее - при наличии), адреса места жительства, ОРГНИП, ИНН индивидуального предпринимателя)
A58: произвели осмотр работ, выполненных
A59: ='Данные объект'!B11 -> ООО"Энергосистемы"
A60: (полное и (или) сокращенное наименование или фамилия, имя, отчество (последнее - при наличии) лица, выполнившего работы, подлежащие освидетельствованию)
A61: и составили настоящий акт о нижеследующем:
A62: 1. К освидетельствованию предъявлены следующие работы:
A63: ='АОСР-5.1 (3)'!A87 -> Устройство гидроизоляционного покрытия под 2БРП №171
A64: (наименование скрытых работ)
A65: 2. Работы выполнены по проектной документации
A66: ='Данные объект'!B40 -> 4980-325834-216-09/24
A67: (номер, другие реквизиты чертежа, наименование проектной и/или рабочей документации, сведения о лицах, осуществляющих подготовку раздела проектной и/или рабочей документации)
A68: 3. При выполнении работ применены
A69: Гидростеклоизол - 100,62м2 (покрытие в два слоя) | O69: Сертификат соответствия №04ИДЮ101.RU.C05560
A70: Мастика гидроизоляционная Технониколь №24 - 301,86 кг (в два слоя) | T70: Сертификат соответствия№04УПС1.RU.С02817
A71: (наименования строительных материалов (изделий),
A72: реквизиты сертификатов и (или) других документов, подтверждающих их качество и безопасность, в случае если необходимо указывать более 5 документов, указывается ссылка на их реестр, который является неотъемлемой частью акта)
A73: 4. Предъявлены документы, подтверждающие соответствие работ предъявляемым к ним
A74: требованиям: | G74: Исполнительная схема фундамента под 2БРП №171
G75: (исполнительные схемы и чертежи, результаты экспертиз, обследований, лабораторных
A77: и иных испытаний выполненных работ, проведенных в процессе строительного контроля)
A79: 5. Даты: начала работ | P79: ='Данные объект'!B6 -> 45949
A80: окончания работ | P80: ='Данные объект'!B7 -> 46219
A82: 6. Работы выполнены в соответствии с
A83: Электромонтажные работы выполнены по проектной документации согласно требованиям СП 76.13330.2011. и ПУЭ
A84: (наименования и структурные единицы технических регламентов,
A86: иных нормативных правовых актов, разделы проектной и (или) рабочей документации)
A87: 7. Разрешается производство последующих работ
A88: Монтаж объемных приямков
A89: (наименование работ, строительных конструкций, участков сетей инженерно-технического обеспечения)
A90: Дополнительные сведения
A92: Акт составлен в | J92: экземплярах (в случае заполнения акта на бумажном носителе).
A94: Приложения:
A95: 1. | B95: =G74 -> Исполнительная схема фундамента под 2БРП №171 | Q95: - | R95: 1 лист
A96: 2. | B96: =O69 -> Сертификат соответствия №04ИДЮ101.RU.C05560 | Q96: - | R96: 1 листа
A97: 3. | B97: =T70 -> Сертификат соответствия№04УПС1.RU.С02817 | Q97: - | R97: 4 листа
A98: (исполнительные схемы и чертежи, результаты экспертиз, обследований, лабораторных и иных испытаний)
A100: Представитель застройщика, технического заказчика, лица, ответственного за эксплуатацию
A101: здания, сооружения, или регионального оператора по вопросам строительного контроля
A102: ='Данные объект'!B33 -> Алексанян Г.Р.
A103: (фамилия, инициалы) | AB103: (подпись)
A104: Представитель лица, осуществляющего строительство, реконструкцию, капитальный ремонт
A105: ='Данные объект'!B20 -> Волков М.Ю.
A106: (фамилия, инициалы) | AB106: (подпись)
A107: Представитель лица, осуществляющего строительство, реконструкцию, капитальный ремонт,
A108: по вопросам строительного контроля
A109: ='Данные объект'!B17 -> Русин В.А.
A110: (фамилия, инициалы) | AB110: (подпись)
A111: Представители иных лиц:
A112: ='[4]Данные объект'!$B$36 -> Курчин М.М.
A113: (фамилия, инициалы) | AB113: (подпись)
...

Sheet АОСР-5.1
AJ1: Приказ Минстроя №344/пр от 16.05.2023
AJ2: приложение №3
A3: Объект капитального строительства
A4: ='Данные объект'!B3 -> Строительство РП-10 кВ, 4КЛ-10 кВ от яч. № 316 3-й с.ш. и № 503 5-й с.ш. ЗРУ-10 кВ до 1-ой и 2-ой с.ш. РУ- 10 кВ сооруж. РП-10кВ, ПС 110/35/10 кВ № 71 "Поварово", в т.ч. ПИР, МО, Солнечногорский р-н, д. Ложки
A5: ='Данные объект'!B9 -> 2БРП №171
A6: (наименование объекта капитального строительства в соответствии с проектной документацией, почтовый или строительный адрес объекта капитального строительства)
A7: Застройщик, технический заказчик, лицо, ответственное за эксплуатацию здания, сооружения, или региональный оператор
A9: ='Данные объект'!B23 -> ПАО "Россети Московский регион"
A10: (фамилия, имя, отчество (последнее - при наличии), адрес места жительства, ОРГНИП, ИНН индивидуального предпринимателя, полное и (или) сокращенное наименование, ОГРН, ИНН, адрес юридического лица в пределах его нахождения, телефон или факс,
A11: ='Данные объект'!B24 -> ОГРН 1057746555811 ИНН 5036065113 КПП 772501001
A12: полное и (или) сокращенное наименование, ОГРН, ИНН саморегулируемой организации, членом которой является указанное юридическое лицо или индивидуальный предприниматель (за исключением случаев, когда членство в саморегулируемых организациях в области, строительства, реконструкции, капитального ремонта объектов капитального строительства не требуется); фамилия, имя, отчество
A13: ='Данные объект'!B25 -> 115114, город Москва, проезд Павелецкий 2-й, дом 3, строение 2
A14: (последнее - при наличии), паспортные данные, адрес места жительства, телефон или факс - для физических лиц, не являющихся индивидуальными предпринимателями)
A15: Лицо, осуществляющее строительство, реконструкцию, капитальный ремонт
A16: ='Данные объект'!B11 -> ООО"Энергосистемы"
A17: (фамилия, имя, отчество (последнее - при наличии), адрес места жительства, ОРГНИП, ИНН индивидуального предпринимателя,
A18: ='Данные объект'!B12 -> ОГРН 1135044003709 ИНН 5044089069 КПП 504401001
A19: полное и (или) сокращенное наименование, ОГРН, ИНН, адрес юридического лица в пределах его местонахождения, телефон или факс,
A20: ='Данные объект'!B13 -> 141508, Московская область, г.о. Солнечногорск, г. Солнечногорск, ул. Промышленная, стр. 5, помещение 179
A21: полное и (или) сокращенное наименование, ОГРН, ИНН саморегулируемой организации, членом которой является указанное юридическое лицо или индивидуальный предприниматель (за исключением случаев, когда членство в саморегулируемых организациях в области строительства, реконструкции, капитального ремонта объектов капитального строительства не требуется)
A22: Лицо, осуществляющее подготовку проектной документации
A23: ='Данные объект'!B36 -> ООО"Энергосистемы"
A24: (фамилия, имя, отчество (последнее - при наличии), адрес места жительства, ОРГНИП, ИНН индивидуального предпринимателя,
A25: ='Данные объект'!B37 -> ОГРН 1135044003709 ИНН 5044089069 КПП 504401001
A26: полное и (или) сокращенное наименование, ОГРН, ИНН, адрес юридического лица в пределах его места нахождения, телефон или факс,
A27: ='Данные объект'!B38 -> 141508, Московская область, г.о. Солнечногорск, г. Солнечногорск, ул. Промышленная, стр. 5, помещение 179
A28: полное и (или) сокращенное наименование, ОГРН, ИНН саморегулируемой организации, членом которой является указанное юридическое лицо или индивидуальный предприниматель (за исключением случаев, когда членство в саморегулируемых организациях в области архитектурно-строительного проектирования не требуется)
A30: АКТ
A31: освидетельствования скрытых работ
B33: № | C33: 7 | E33: /2БКТП №544 | AB33: ='Данные объект'!B7 -> 46219 | AJ33: г.
AB34: (дата составления акта)
A36: Представитель застройщика, технического заказчика, лица, ответственного за эксплуатацию здания, сооружения, или регионального оператора по вопросам строительного контроля
A37: ='Данные объект'!C34 -> Гл. специалист ССК УКС ПАО "Россети Московский регион" Алексанян Г.Р..Приказ №2363 от 29 июля 2025г (НРС С-50-069023)
A38: (должность (при наличии), фамилия, инициалы, идентификационный номер в национальном реестре специалистов в области строительства (за исключением случаев, когда членство в саморегулируемых организациях в области строительства, реконструкции, капитального ремонта обектов капитального строительства не требуется), реквизиты распоряительного документа, подтверждающего полномочия,
A39: ='Данные объект'!C23 -> ПАО "Россети Московский регион" ОГРН 1057746555811 ИНН 5036065113 КПП 772501001,115114, город Москва, проезд Павелецкий 2-й, дом 3, строение 2
A40: с указанием полного и (или) сокращенного наименования, ОГРН, ИНН, адреса юридического лица в пределах его места нахождения (в случае осуществления строительного контроля на основании договора с застройщиком или техническим заказчиком), фамилии, имени, отчества (последнее - при наличии), адреса места жительства, ОГРНИП, ИНН индивиуального предпринимателя (в случае осуществления строительного контроля на основании договора с застройщиком или техническим заказчиком)
A41: Представитель лица, осуществляющего строительство, реконструкцию, капитальный ремонт
A42: ='Данные объект'!C21 -> Прораб ООО"Энергосистемы" Волков М.Ю..Приказ №05-ОТ/24 от 09 января 2024г
A43: (должность (при наличии), фамилия, инициалы, реквизиты распорядительного документа, подтверждающего полномочия)
A44: Представитель лица, осуществляющего строительство, реконструкцию, капитальный ремонт, по вопросам строительного контроля
A45: ='Данные объект'!C18 -> Инженер по строительному контролю ООО"Энергосистемы" Русин В.А..Приказ № 13-ОТ/25 от 05 мая 2025 (НОСТРОЙ С-50-085497)
A46: (должность (при наличии), фамилия, инициалы, идентификационный номер в национальном реестре специалистов в области строительства (за исключением случаев, когда членство в саморегулируемых организациях в области строительства, реконструкции, капитального ремонта обектов капитального строительства не требуется), реквизиты распоряительного документа, подтверждающего полномочия)
A47: Представитель лица, осуществляющего подготовку проектной документации (в случае привлечения застройщиком лица, осуществляющего подготовку проектной документации, для проверки соответствия выполняемых работ проектной документации согласно части 2 статьи 53 Градостроительного кодекса Российской Федерации)
A49: (должность (при наличии), фамилия, инициалы, реквизиты распорядительного документа, подтверждающего полномочия, с указанием полного и (или) сокращенного наименования, ОГРН, ИНН, адреса юридического лица в пределах его места нахождения, фамилии, имени, отчества (последнее - при наличии), адреса места жительства, ОГРНИП, ИНН индивиуального предпринимателя)
A50: Представитель лица, выполнившего работы, подлежащие освидетельствованию (в случае выполнения работ по договорам о строительстве, реконcтрукции, капитальном ремонте объектов капитального строительства, заключенным с иными лицами)
A51: =CONCATENATE(#REF!,", ",#REF!," - ",#REF!) -> #REF!
A52: (должность (при наличии), фамилия, инициалы, реквизиты распорядительного документа, подтверждающего полномочия,
A54: с указанием полного и (или) сокращенного наименования, ОГРН, ИНН, адреса юридического лица в пределах его места нахождения, фамилии, имени, отчества (последнее - при наличии), адреса места жительства, ОРГНИП, ИНН индивидуального предпринимателя)
A55: произвели осмотр работ, выполненных
A56: ='Данные объект'!B11 -> ООО"Энергосистемы"
A57: (полное и (или) сокращенное наименование или фамилия, имя, отчество (последнее - при наличии) лица, выполнившего работы, подлежащие освидетельствованию)
A58: и составили настоящий акт о нижеследующем:
A59: 1. К освидетельствованию предъявлены следующие работы:
A60: Устройство бетонной подготовки М 300
A61: (наименование скрытых работ)
A62: 2. Работы выполнены по проектной документации
A63: ='Данные объект'!B40 -> 4980-325834-216-09/24
A64: (номер, другие реквизиты чертежа, наименование проектной и/или рабочей документации, сведения о лицах, осуществляющих подготовку раздела проектной и/или рабочей документации)
A65: 3. При выполнении работ применены | P65: Бетон М300
P66: (наименования строительных материалов (изделий),
A67: реквизиты сертификатов и (или) других документов, подтверждающих их качество и безопасность, в случае если необходимо указывать более 5 документов, указывается ссылка на их реестр, который является неотъемлемой частью акта)
A68: 4. Предъявлены документы, подтверждающие соответствие работ предъявляемым к ним
A69: требованиям: | G69: Исполнительная схема фундамента под БКТП №544
G70: (исполнительные схемы и чертежи, результаты экспертиз, обследований, лабораторных
A72: и иных испытаний выполненных работ, проведенных в процессе строительного контроля)
A74: 5. Даты: начала работ | P74: ='Данные объект'!B6 -> 45949 | X74: г.
A75: окончания работ | P75: ='Данные объект'!B7 -> 46219 | X75: г.
A77: 6. Работы выполнены в соответствии с
A78: Электромонтажные работы выполнены по проектной документации согласно требованиям СП 76.13330.2011. и ПУЭ
A79: (наименования и структурные единицы технических регламентов,
A81: иных нормативных правовых актов, разделы проектной и (или) рабочей документации)
A82: 7. Разрешается производство последующих работ
A83: Устройство монолитной плиты
A84: (наименование работ, строительных конструкций, участков сетей инженерно-технического обеспечения)
A85: Дополнительные сведения
A87: Акт составлен в | J87: экземплярах (в случае заполнения акта на бумажном носителе).
A89: Приложения:
A90: 1. | B90: Документ о качестве № | Q90: - | R90: 1 лист
A91: 1. | B91: =G69 -> Исполнительная схема фундамента под БКТП №544 | Q91: - | R91: 1 лист
A92: (исполнительные схемы и чертежи, результаты экспертиз, обследований, лабораторных и иных испытаний)
A94: Представитель застройщика, технического заказчика, лица, ответственного за эксплуатацию
A95: здания, сооружения, или регионального оператора по вопросам строительного контроля
A96: ='Данные объект'!B33 -> Алексанян Г.Р.
A97: (фамилия, инициалы) | AB97: (подпись)
A98: Представитель лица, осуществляющего строительство, реконструкцию, капитальный ремонт
A99: ='Данные объект'!B20 -> Волков М.Ю.
A100: (фамилия, инициалы) | AB100: (подпись)
A101: Представитель лица, осуществляющего строительство, реконструкцию, капитальный ремонт,
A102: по вопросам строительного контроля
A103: ='Данные объект'!B17 -> Русин В.А.
A104: (фамилия, инициалы) | AB104: (подпись)
A105: Представитель лица, осуществляющего подготовку проектной документации (в случае привлечения застройщиком лица, осуществляющего подготовку проектной документации, для проверки соответствия выполняемых работ проектной документации согласно части 2 статьи 53 Градостроительного кодекса Российской Федерации)
A107: (фамилия, инициалы) | AB107: (подпись)
A108: Представитель лица, выполнившего работы, подлежащие освидетельствованию (в случае выполнения работ по договорам о строительстве, реконcтрукции, капитальном ремонте объектов капитального строительства, заключенным с иными лицами)
A109: =#REF! -> #REF!
A110: (фамилия, инициалы) | AB110: (подпись)

Sheet АОСР-5.1 (4)
AJ1: Приказ Минстроя №344/пр от 16.05.2023
AJ2: приложение №3
A3: Объект капитального строительства
A4: ='Данные объект'!B3 -> Строительство РП-10 кВ, 4КЛ-10 кВ от яч. № 316 3-й с.ш. и № 503 5-й с.ш. ЗРУ-10 кВ до 1-ой и 2-ой с.ш. РУ- 10 кВ сооруж. РП-10кВ, ПС 110/35/10 кВ № 71 "Поварово", в т.ч. ПИР, МО, Солнечногорский р-н, д. Ложки
A5: ='Данные объект'!B9 -> 2БРП №171
A6: (наименование объекта капитального строительства в соответствии с проектной документацией, почтовый или строительный адрес объекта капитального строительства)
A7: Застройщик, технический заказчик, лицо, ответственное за эксплуатацию здания, сооружения, или региональный оператор
A9: ='Данные объект'!B23 -> ПАО "Россети Московский регион"
A10: (фамилия, имя, отчество (последнее - при наличии), адрес места жительства, ОРГНИП, ИНН индивидуального предпринимателя, полное и (или) сокращенное наименование, ОГРН, ИНН, адрес юридического лица в пределах его нахождения, телефон или факс,
A11: ='Данные объект'!B24 -> ОГРН 1057746555811 ИНН 5036065113 КПП 772501001
A12: полное и (или) сокращенное наименование, ОГРН, ИНН саморегулируемой организации, членом которой является указанное юридическое лицо или индивидуальный предприниматель (за исключением случаев, когда членство в саморегулируемых организациях в области, строительства, реконструкции, капитального ремонта объектов капитального строительства не требуется); фамилия, имя, отчество
A13: ='Данные объект'!B25 -> 115114, город Москва, проезд Павелецкий 2-й, дом 3, строение 2
A14: (последнее - при наличии), паспортные данные, адрес места жительства, телефон или факс - для физических лиц, не являющихся индивидуальными предпринимателями)
A15: Лицо, осуществляющее строительство, реконструкцию, капитальный ремонт
A16: ='Данные объект'!B11 -> ООО"Энергосистемы"
A17: (фамилия, имя, отчество (последнее - при наличии), адрес места жительства, ОРГНИП, ИНН индивидуального предпринимателя,
A18: ='Данные объект'!B12 -> ОГРН 1135044003709 ИНН 5044089069 КПП 504401001
A19: полное и (или) сокращенное наименование, ОГРН, ИНН, адрес юридического лица в пределах его местонахождения, телефон или факс,
A20: ='Данные объект'!B13 -> 141508, Московская область, г.о. Солнечногорск, г. Солнечногорск, ул. Промышленная, стр. 5, помещение 179
A21: полное и (или) сокращенное наименование, ОГРН, ИНН саморегулируемой организации, членом которой является указанное юридическое лицо или индивидуальный предприниматель (за исключением случаев, когда членство в саморегулируемых организациях в области строительства, реконструкции, капитального ремонта объектов капитального строительства не требуется)
A22: Лицо, осуществляющее подготовку проектной документации
A23: ='Данные объект'!B36 -> ООО"Энергосистемы"
A24: (фамилия, имя, отчество (последнее - при наличии), адрес места жительства, ОРГНИП, ИНН индивидуального предпринимателя,
A25: ='Данные объект'!B37 -> ОГРН 1135044003709 ИНН 5044089069 КПП 504401001
A26: полное и (или) сокращенное наименование, ОГРН, ИНН, адрес юридического лица в пределах его места нахождения, телефон или факс,
A27: ='Данные объект'!B38 -> 141508, Московская область, г.о. Солнечногорск, г. Солнечногорск, ул. Промышленная, стр. 5, помещение 179
A28: полное и (или) сокращенное наименование, ОГРН, ИНН саморегулируемой организации, членом которой является указанное юридическое лицо или индивидуальный предприниматель (за исключением случаев, когда членство в саморегулируемых организациях в области архитектурно-строительного проектирования не требуется)
A30: АКТ
A31: освидетельствования скрытых работ
B33: № | C33: 5 | E33: /2БКТП №544 | AB33: ='Данные объект'!B7 -> 46219 | AJ33: г.
AB34: (дата составления акта)
A36: Представитель застройщика, технического заказчика, лица, ответственного за эксплуатацию здания, сооружения, или регионального оператора по вопросам строительного контроля
A37: ='Данные объект'!C34 -> Гл. специалист ССК УКС ПАО "Россети Московский регион" Алексанян Г.Р..Приказ №2363 от 29 июля 2025г (НРС С-50-069023)
A38: (должность (при наличии), фамилия, инициалы, идентификационный номер в национальном реестре специалистов в области строительства (за исключением случаев, когда членство в саморегулируемых организациях в области строительства, реконструкции, капитального ремонта обектов капитального строительства не требуется), реквизиты распоряительного документа, подтверждающего полномочия,
A39: ='Данные объект'!C23 -> ПАО "Россети Московский регион" ОГРН 1057746555811 ИНН 5036065113 КПП 772501001,115114, город Москва, проезд Павелецкий 2-й, дом 3, строение 2
A40: с указанием полного и (или) сокращенного наименования, ОГРН, ИНН, адреса юридического лица в пределах его места нахождения (в случае осуществления строительного контроля на основании договора с застройщиком или техническим заказчиком), фамилии, имени, отчества (последнее - при наличии), адреса места жительства, ОГРНИП, ИНН индивиуального предпринимателя (в случае осуществления строительного контроля на основании договора с застройщиком или техническим заказчиком)
A41: Представитель лица, осуществляющего строительство, реконструкцию, капитальный ремонт
A42: ='Данные объект'!C21 -> Прораб ООО"Энергосистемы" Волков М.Ю..Приказ №05-ОТ/24 от 09 января 2024г
A43: (должность (при наличии), фамилия, инициалы, реквизиты распорядительного документа, подтверждающего полномочия)
A44: Представитель лица, осуществляющего строительство, реконструкцию, капитальный ремонт, по вопросам строительного контроля
A45: ='Данные объект'!C18 -> Инженер по строительному контролю ООО"Энергосистемы" Русин В.А..Приказ № 13-ОТ/25 от 05 мая 2025 (НОСТРОЙ С-50-085497)
A46: (должность (при наличии), фамилия, инициалы, идентификационный номер в национальном реестре специалистов в области строительства (за исключением случаев, когда членство в саморегулируемых организациях в области строительства, реконструкции, капитального ремонта обектов капитального строительства не требуется), реквизиты распоряительного документа, подтверждающего полномочия)
A47: Представитель лица, осуществляющего подготовку проектной документации (в случае привлечения застройщиком лица, осуществляющего подготовку проектной документации, для проверки соответствия выполняемых работ проектной документации согласно части 2 статьи 53 Градостроительного кодекса Российской Федерации)
A49: (должность (при наличии), фамилия, инициалы, реквизиты распорядительного документа, подтверждающего полномочия, с указанием полного и (или) сокращенного наименования, ОГРН, ИНН, адреса юридического лица в пределах его места нахождения, фамилии, имени, отчества (последнее - при наличии), адреса места жительства, ОГРНИП, ИНН индивиуального предпринимателя)
A50: Представитель лица, выполнившего работы, подлежащие освидетельствованию (в случае выполнения работ по договорам о строительстве, реконcтрукции, капитальном ремонте объектов капитального строительства, заключенным с иными лицами)
A51: =CONCATENATE(#REF!,", ",#REF!," - ",#REF!) -> #REF!
A52: (должность (при наличии), фамилия, инициалы, реквизиты распорядительного документа, подтверждающего полномочия,
A54: с указанием полного и (или) сокращенного наименования, ОГРН, ИНН, адреса юридического лица в пределах его места нахождения, фамилии, имени, отчества (последнее - при наличии), адреса места жительства, ОРГНИП, ИНН индивидуального предпринимателя)
A55: произвели осмотр работ, выполненных
A56: ='Данные объект'!B11 -> ООО"Энергосистемы"
A57: (полное и (или) сокращенное наименование или фамилия, имя, отчество (последнее - при наличии) лица, выполнившего работы, подлежащие освидетельствованию)
A58: и составили настоящий акт о нижеследующем:
A59: 1. К освидетельствованию предъявлены следующие работы:
A60: Устройство бетонной подготовки М 300
A61: (наименование скрытых работ)
A62: 2. Работы выполнены по проектной документации
A63: ='Данные объект'!B40 -> 4980-325834-216-09/24
A64: (номер, другие реквизиты чертежа, наименование проектной и/или рабочей документации, сведения о лицах, осуществляющих подготовку раздела проектной и/или рабочей документации)
A65: 3. При выполнении работ применены | P65: Бетон М300
P66: (наименования строительных материалов (изделий),
A67: реквизиты сертификатов и (или) других документов, подтверждающих их качество и безопасность, в случае если необходимо указывать более 5 документов, указывается ссылка на их реестр, который является неотъемлемой частью акта)
A68: 4. Предъявлены документы, подтверждающие соответствие работ предъявляемым к ним
A69: требованиям: | G69: Исполнительная схема фундамента под БКТП №544
G70: (исполнительные схемы и чертежи, результаты экспертиз, обследований, лабораторных
A72: и иных испытаний выполненных работ, проведенных в процессе строительного контроля)
A74: 5. Даты: начала работ | P74: ='Данные объект'!B6 -> 45949 | X74: г.
A75: окончания работ | P75: ='Данные объект'!B7 -> 46219 | X75: г.
A77: 6. Работы выполнены в соответствии с
A78: Электромонтажные работы выполнены по проектной документации согласно требованиям СП 76.13330.2011. и ПУЭ
A79: (наименования и структурные единицы технических регламентов,
A81: иных нормативных правовых актов, разделы проектной и (или) рабочей документации)
A82: 7. Разрешается производство последующих работ
A83: Устройство монолитной плиты
A84: (наименование работ, строительных конструкций, участков сетей инженерно-технического обеспечения)
A85: Дополнительные сведения
A87: Акт составлен в | J87: экземплярах (в случае заполнения акта на бумажном носителе).
A89: Приложения:
A90: 1. | B90: Документ о качестве № | Q90: - | R90: 1 лист
A91: 1. | B91: =G69 -> Исполнительная схема фундамента под БКТП №544 | Q91: - | R91: 1 лист
A92: (исполнительные схемы и чертежи, результаты экспертиз, обследований, лабораторных и иных испытаний)
A94: Представитель застройщика, технического заказчика, лица, ответственного за эксплуатацию
A95: здания, сооружения, или регионального оператора по вопросам строительного контроля
A96: ='Данные объект'!B33 -> Алексанян Г.Р.
A97: (фамилия, инициалы) | AB97: (подпись)
A98: Представитель лица, осуществляющего строительство, реконструкцию, капитальный ремонт
A99: ='Данные объект'!B20 -> Волков М.Ю.
A100: (фамилия, инициалы) | AB100: (подпись)
A101: Представитель лица, осуществляющего строительство, реконструкцию, капитальный ремонт,
A102: по вопросам строительного контроля
A103: ='Данные объект'!B17 -> Русин В.А.
A104: (фамилия, инициалы) | AB104: (подпись)
A105: Представитель лица, осуществляющего подготовку проектной документации (в случае привлечения застройщиком лица, осуществляющего подготовку проектной документации, для проверки соответствия выполняемых работ проектной документации согласно части 2 статьи 53 Градостроительного кодекса Российской Федерации)
A107: (фамилия, инициалы) | AB107: (подпись)
A108: Представитель лица, выполнившего работы, подлежащие освидетельствованию (в случае выполнения работ по договорам о строительстве, реконcтрукции, капитальном ремонте объектов капитального строительства, заключенным с иными лицами)
A109: =#REF! -> #REF!
A110: (фамилия, инициалы) | AB110: (подпись)

Sheet АОСР-5.1 (6)
AJ1: Приказ Минстроя №344/пр от 16.05.2023
AJ2: приложение №3
A3: Объект капитального строительства
A4: ='Данные объект'!B3 -> Строительство РП-10 кВ, 4КЛ-10 кВ от яч. № 316 3-й с.ш. и № 503 5-й с.ш. ЗРУ-10 кВ до 1-ой и 2-ой с.ш. РУ- 10 кВ сооруж. РП-10кВ, ПС 110/35/10 кВ № 71 "Поварово", в т.ч. ПИР, МО, Солнечногорский р-н, д. Ложки
A5: ='Данные объект'!B9 -> 2БРП №171
A6: (наименование объекта капитального строительства в соответствии с проектной документацией, почтовый или строительный адрес объекта капитального строительства)
A7: Застройщик, технический заказчик, лицо, ответственное за эксплуатацию здания, сооружения, или региональный оператор
A9: ='Данные объект'!B23 -> ПАО "Россети Московский регион"
A10: (фамилия, имя, отчество (последнее - при наличии), адрес места жительства, ОРГНИП, ИНН индивидуального предпринимателя, полное и (или) сокращенное наименование, ОГРН, ИНН, адрес юридического лица в пределах его нахождения, телефон или факс,
A11: ='Данные объект'!B24 -> ОГРН 1057746555811 ИНН 5036065113 КПП 772501001
A12: полное и (или) сокращенное наименование, ОГРН, ИНН саморегулируемой организации, членом которой является указанное юридическое лицо или индивидуальный предприниматель (за исключением случаев, когда членство в саморегулируемых организациях в области, строительства, реконструкции, капитального ремонта объектов капитального строительства не требуется); фамилия, имя, отчество
A13: ='Данные объект'!B25 -> 115114, город Москва, проезд Павелецкий 2-й, дом 3, строение 2
A14: (последнее - при наличии), паспортные данные, адрес места жительства, телефон или факс - для физических лиц, не являющихся индивидуальными предпринимателями)
A15: Лицо, осуществляющее строительство, реконструкцию, капитальный ремонт
A16: ='Данные объект'!B11 -> ООО"Энергосистемы"
A17: (фамилия, имя, отчество (последнее - при наличии), адрес места жительства, ОРГНИП, ИНН индивидуального предпринимателя,
A18: ='Данные объект'!B12 -> ОГРН 1135044003709 ИНН 5044089069 КПП 504401001
A19: полное и (или) сокращенное наименование, ОГРН, ИНН, адрес юридического лица в пределах его местонахождения, телефон или факс,
A20: ='Данные объект'!B13 -> 141508, Московская область, г.о. Солнечногорск, г. Солнечногорск, ул. Промышленная, стр. 5, помещение 179
A21: полное и (или) сокращенное наименование, ОГРН, ИНН саморегулируемой организации, членом которой является указанное юридическое лицо или индивидуальный предприниматель (за исключением случаев, когда членство в саморегулируемых организациях в области строительства, реконструкции, капитального ремонта объектов капитального строительства не требуется)
A22: Лицо, осуществляющее подготовку проектной документации
A23: ='Данные объект'!B36 -> ООО"Энергосистемы"
A24: (фамилия, имя, отчество (последнее - при наличии), адрес места жительства, ОРГНИП, ИНН индивидуального предпринимателя,
A25: ='Данные объект'!B37 -> ОГРН 1135044003709 ИНН 5044089069 КПП 504401001
A26: полное и (или) сокращенное наименование, ОГРН, ИНН, адрес юридического лица в пределах его места нахождения, телефон или факс,
A27: ='Данные объект'!B38 -> 141508, Московская область, г.о. Солнечногорск, г. Солнечногорск, ул. Промышленная, стр. 5, помещение 179
A28: полное и (или) сокращенное наименование, ОГРН, ИНН саморегулируемой организации, членом которой является указанное юридическое лицо или индивидуальный предприниматель (за исключением случаев, когда членство в саморегулируемых организациях в области архитектурно-строительного проектирования не требуется)
A30: АКТ
A31: освидетельствования скрытых работ
B33: № | C33: 10 | E33: /2БРП №171 | AB33: =P79 -> 46219
AB34: (дата составления акта)
A36: Представитель застройщика, технического заказчика, лица, ответственного за эксплуатацию здания, сооружения, или регионального оператора по вопросам строительного контроля
A37: ='Данные объект'!C34 -> Гл. специалист ССК УКС ПАО "Россети Московский регион" Алексанян Г.Р..Приказ №2363 от 29 июля 2025г (НРС С-50-069023)
A38: (должность (при наличии), фамилия, инициалы, идентификационный номер в национальном реестре специалистов в области строительства (за исключением случаев, когда членство в саморегулируемых организациях в области строительства, реконструкции, капитального ремонта обектов капитального строительства не требуется), реквизиты распоряительного документа, подтверждающего полномочия,
A39: ='Данные объект'!C23 -> ПАО "Россети Московский регион" ОГРН 1057746555811 ИНН 5036065113 КПП 772501001,115114, город Москва, проезд Павелецкий 2-й, дом 3, строение 2
A40: с указанием полного и (или) сокращенного наименования, ОГРН, ИНН, адреса юридического лица в пределах его места нахождения (в случае осуществления строительного контроля на основании договора с застройщиком или техническим заказчиком), фамилии, имени, отчества (последнее - при наличии), адреса места жительства, ОГРНИП, ИНН индивиуального предпринимателя (в случае осуществления строительного контроля на основании договора с застройщиком или техническим заказчиком)
A41: Представитель лица, осуществляющего строительство, реконструкцию, капитальный ремонт
A42: ='Данные объект'!C21 -> Прораб ООО"Энергосистемы" Волков М.Ю..Приказ №05-ОТ/24 от 09 января 2024г
A43: (должность (при наличии), фамилия, инициалы, реквизиты распорядительного документа, подтверждающего полномочия)
A44: Представитель лица, осуществляющего строительство, реконструкцию, капитальный ремонт, по вопросам строительного контроля
A45: ='Данные объект'!C18 -> Инженер по строительному контролю ООО"Энергосистемы" Русин В.А..Приказ № 13-ОТ/25 от 05 мая 2025 (НОСТРОЙ С-50-085497)
A46: (должность (при наличии), фамилия, инициалы, идентификационный номер в национальном реестре специалистов в области строительства (за исключением случаев, когда членство в саморегулируемых организациях в области строительства, реконструкции, капитального ремонта обектов капитального строительства не требуется), реквизиты распоряительного документа, подтверждающего полномочия)
A47: А также иные представители лиц, участвующих в освидетельствовании:
A48: ='[4]Данные объект'!$C$36 -> Мастер СРЭС СЭС филиала ПАО "Россети Московский регион" Курчин М.М.
A49: (должность (при наличии), фамилия, инициалы, реквизиты распорядительного документа, подтверждающего полномочия)
A50: Представитель лица, осуществляющего подготовку проектной документации (в случае привлечения застройщиком лица, осуществляющего подготовку проектной документации, для проверки соответствия выполняемых работ проектной документации согласно части 2 статьи 53 Градостроительного кодекса Российской Федерации)
A52: (должность (при наличии), фамилия, инициалы, реквизиты распорядительного документа, подтверждающего полномочия, с указанием полного и (или) сокращенного наименования, ОГРН, ИНН, адреса юридического лица в пределах его места нахождения, фамилии, имени, отчества (последнее - при наличии), адреса места жительства, ОГРНИП, ИНН индивиуального предпринимателя)
A53: Представитель лица, выполнившего работы, подлежащие освидетельствованию (в случае выполнения работ по договорам о строительстве, реконcтрукции, капитальном ремонте объектов капитального строительства, заключенным с иными лицами)
A54: =CONCATENATE(#REF!,", ",#REF!," - ",#REF!) -> #REF!
A55: (должность (при наличии), фамилия, инициалы, реквизиты распорядительного документа, подтверждающего полномочия,
A57: с указанием полного и (или) сокращенного наименования, ОГРН, ИНН, адреса юридического лица в пределах его места нахождения, фамилии, имени, отчества (последнее - при наличии), адреса места жительства, ОРГНИП, ИНН индивидуального предпринимателя)
A58: произвели осмотр работ, выполненных
A59: ='Данные объект'!B11 -> ООО"Энергосистемы"
A60: (полное и (или) сокращенное наименование или фамилия, имя, отчество (последнее - при наличии) лица, выполнившего работы, подлежащие освидетельствованию)
A61: и составили настоящий акт о нижеследующем:
A62: 1. К освидетельствованию предъявлены следующие работы:
A63: Монтаж объемных приямков под 2БРП №171
A64: (наименование скрытых работ)
A65: 2. Работы выполнены по проектной документации
A66: ='Данные объект'!B40 -> 4980-325834-216-09/24
A67: (номер, другие реквизиты чертежа, наименование проектной и/или рабочей документации, сведения о лицах, осуществляющих подготовку раздела проектной и/или рабочей документации)
A68: 3. При выполнении работ применены
A69: Объемный приямок - 49,73м3 | G69: 57.38 | H69: (Акт определения прочности бетона ж/б конструкций зав.№1749)
P70: (наименования строительных материалов (изделий),
A71: реквизиты сертификатов и (или) других документов, подтверждающих их качество и безопасность, в случае если необходимо указывать более 5 документов, указывается ссылка на их реестр, который является неотъемлемой частью акта)
A72: 4. Предъявлены документы, подтверждающие соответствие работ предъявляемым к ним
A73: требованиям: | G73: Исполнительная схема фундамента под 2БРП №171
G74: (исполнительные схемы и чертежи, результаты экспертиз, обследований, лабораторных
A76: и иных испытаний выполненных работ, проведенных в процессе строительного контроля)
A78: 5. Даты: начала работ | P78: ='Данные объект'!B6 -> 45949
A79: окончания работ | P79: ='Данные объект'!B7 -> 46219
A81: 6. Работы выполнены в соответствии с
A82: Электромонтажные работы выполнены по проектной документации согласно требованиям СП 76.13330.2011. и ПУЭ
A83: (наименования и структурные единицы технических регламентов,
A85: иных нормативных правовых актов, разделы проектной и (или) рабочей документации)
A86: 7. Разрешается производство последующих работ
A87: ='АОСР-5.1 (11)'!A63:AJ63 -> Устройство гидроизоляционного покрытия под 2БРП №171
A88: (наименование работ, строительных конструкций, участков сетей инженерно-технического обеспечения)
A89: Дополнительные сведения
A91: Акт составлен в | J91: экземплярах (в случае заполнения акта на бумажном носителе).
A93: Приложения:
A94: 1. | B94: Акт определения прочности бетона ж/б конструкций зав.№1749 | V94: - | W94: 1 лист
A95: 2. | B95: =G73 -> Исполнительная схема фундамента под 2БРП №171 | Q95: - | R95: 1 лист
A96: 3.
A97: (исполнительные схемы и чертежи, результаты экспертиз, обследований, лабораторных и иных испытаний)
A99: Представитель застройщика, технического заказчика, лица, ответственного за эксплуатацию
A100: здания, сооружения, или регионального оператора по вопросам строительного контроля
A101: ='Данные объект'!B33 -> Алексанян Г.Р.
A102: (фамилия, инициалы) | AB102: (подпись)
A103: Представитель лица, осуществляющего строительство, реконструкцию, капитальный ремонт
A104: ='Данные объект'!B20 -> Волков М.Ю.
A105: (фамилия, инициалы) | AB105: (подпись)
A106: Представитель лица, осуществляющего строительство, реконструкцию, капитальный ремонт,
A107: по вопросам строительного контроля
A108: ='Данные объект'!B17 -> Русин В.А.
A109: (фамилия, инициалы) | AB109: (подпись)
A110: Представители иных лиц:
A111: ='[4]Данные объект'!$B$36 -> Курчин М.М.
A112: (фамилия, инициалы) | AB112: (подпись)
A113: Представитель лица, осуществляющего подготовку проектной документации (в случае привлечения застройщиком лица, осуществляющего подготовку проектной документации, для проверки соответствия выполняемых работ проектной документации согласно части 2 статьи 53 Градостроительного кодекса Российской Федерации)
...

Sheet АОСР-5.1 (11)
AJ1: Приказ Минстроя №344/пр от 16.05.2023
AJ2: приложение №3
A3: Объект капитального строительства
A4: ='Данные объект'!B3 -> Строительство РП-10 кВ, 4КЛ-10 кВ от яч. № 316 3-й с.ш. и № 503 5-й с.ш. ЗРУ-10 кВ до 1-ой и 2-ой с.ш. РУ- 10 кВ сооруж. РП-10кВ, ПС 110/35/10 кВ № 71 "Поварово", в т.ч. ПИР, МО, Солнечногорский р-н, д. Ложки
A5: ='Данные объект'!B9 -> 2БРП №171
A6: (наименование объекта капитального строительства в соответствии с проектной документацией, почтовый или строительный адрес объекта капитального строительства)
A7: Застройщик, технический заказчик, лицо, ответственное за эксплуатацию здания, сооружения, или региональный оператор
A9: ='Данные объект'!B23 -> ПАО "Россети Московский регион"
A10: (фамилия, имя, отчество (последнее - при наличии), адрес места жительства, ОРГНИП, ИНН индивидуального предпринимателя, полное и (или) сокращенное наименование, ОГРН, ИНН, адрес юридического лица в пределах его нахождения, телефон или факс,
A11: ='Данные объект'!B24 -> ОГРН 1057746555811 ИНН 5036065113 КПП 772501001
A12: полное и (или) сокращенное наименование, ОГРН, ИНН саморегулируемой организации, членом которой является указанное юридическое лицо или индивидуальный предприниматель (за исключением случаев, когда членство в саморегулируемых организациях в области, строительства, реконструкции, капитального ремонта объектов капитального строительства не требуется); фамилия, имя, отчество
A13: ='Данные объект'!B25 -> 115114, город Москва, проезд Павелецкий 2-й, дом 3, строение 2
A14: (последнее - при наличии), паспортные данные, адрес места жительства, телефон или факс - для физических лиц, не являющихся индивидуальными предпринимателями)
A15: Лицо, осуществляющее строительство, реконструкцию, капитальный ремонт
A16: ='Данные объект'!B11 -> ООО"Энергосистемы"
A17: (фамилия, имя, отчество (последнее - при наличии), адрес места жительства, ОРГНИП, ИНН индивидуального предпринимателя,
A18: ='Данные объект'!B12 -> ОГРН 1135044003709 ИНН 5044089069 КПП 504401001
A19: полное и (или) сокращенное наименование, ОГРН, ИНН, адрес юридического лица в пределах его местонахождения, телефон или факс,
A20: ='Данные объект'!B13 -> 141508, Московская область, г.о. Солнечногорск, г. Солнечногорск, ул. Промышленная, стр. 5, помещение 179
A21: полное и (или) сокращенное наименование, ОГРН, ИНН саморегулируемой организации, членом которой является указанное юридическое лицо или индивидуальный предприниматель (за исключением случаев, когда членство в саморегулируемых организациях в области строительства, реконструкции, капитального ремонта объектов капитального строительства не требуется)
A22: Лицо, осуществляющее подготовку проектной документации
A23: ='Данные объект'!B36 -> ООО"Энергосистемы"
A24: (фамилия, имя, отчество (последнее - при наличии), адрес места жительства, ОРГНИП, ИНН индивидуального предпринимателя,
A25: ='Данные объект'!B37 -> ОГРН 1135044003709 ИНН 5044089069 КПП 504401001
A26: полное и (или) сокращенное наименование, ОГРН, ИНН, адрес юридического лица в пределах его места нахождения, телефон или факс,
A27: ='Данные объект'!B38 -> 141508, Московская область, г.о. Солнечногорск, г. Солнечногорск, ул. Промышленная, стр. 5, помещение 179
A28: полное и (или) сокращенное наименование, ОГРН, ИНН саморегулируемой организации, членом которой является указанное юридическое лицо или индивидуальный предприниматель (за исключением случаев, когда членство в саморегулируемых организациях в области архитектурно-строительного проектирования не требуется)
A30: АКТ
A31: освидетельствования скрытых работ
B33: № | C33: 11 | E33: /2БРП №171 | AB33: =P80 -> 46219
AB34: (дата составления акта)
A36: Представитель застройщика, технического заказчика, лица, ответственного за эксплуатацию здания, сооружения, или регионального оператора по вопросам строительного контроля
A37: ='Данные объект'!C34 -> Гл. специалист ССК УКС ПАО "Россети Московский регион" Алексанян Г.Р..Приказ №2363 от 29 июля 2025г (НРС С-50-069023)
A38: (должность (при наличии), фамилия, инициалы, идентификационный номер в национальном реестре специалистов в области строительства (за исключением случаев, когда членство в саморегулируемых организациях в области строительства, реконструкции, капитального ремонта обектов капитального строительства не требуется), реквизиты распоряительного документа, подтверждающего полномочия,
A39: ='Данные объект'!C23 -> ПАО "Россети Московский регион" ОГРН 1057746555811 ИНН 5036065113 КПП 772501001,115114, город Москва, проезд Павелецкий 2-й, дом 3, строение 2
A40: с указанием полного и (или) сокращенного наименования, ОГРН, ИНН, адреса юридического лица в пределах его места нахождения (в случае осуществления строительного контроля на основании договора с застройщиком или техническим заказчиком), фамилии, имени, отчества (последнее - при наличии), адреса места жительства, ОГРНИП, ИНН индивиуального предпринимателя (в случае осуществления строительного контроля на основании договора с застройщиком или техническим заказчиком)
A41: Представитель лица, осуществляющего строительство, реконструкцию, капитальный ремонт
A42: ='Данные объект'!C21 -> Прораб ООО"Энергосистемы" Волков М.Ю..Приказ №05-ОТ/24 от 09 января 2024г
A43: (должность (при наличии), фамилия, инициалы, реквизиты распорядительного документа, подтверждающего полномочия)
A44: Представитель лица, осуществляющего строительство, реконструкцию, капитальный ремонт, по вопросам строительного контроля
A45: ='Данные объект'!C18 -> Инженер по строительному контролю ООО"Энергосистемы" Русин В.А..Приказ № 13-ОТ/25 от 05 мая 2025 (НОСТРОЙ С-50-085497)
A46: (должность (при наличии), фамилия, инициалы, идентификационный номер в национальном реестре специалистов в области строительства (за исключением случаев, когда членство в саморегулируемых организациях в области строительства, реконструкции, капитального ремонта обектов капитального строительства не требуется), реквизиты распоряительного документа, подтверждающего полномочия)
A47: А также иные представители лиц, участвующих в освидетельствовании:
A48: ='[4]Данные объект'!$C$36 -> Мастер СРЭС СЭС филиала ПАО "Россети Московский регион" Курчин М.М.
A49: (должность (при наличии), фамилия, инициалы, реквизиты распорядительного документа, подтверждающего полномочия)
A50: Представитель лица, осуществляющего подготовку проектной документации (в случае привлечения застройщиком лица, осуществляющего подготовку проектной документации, для проверки соответствия выполняемых работ проектной документации согласно части 2 статьи 53 Градостроительного кодекса Российской Федерации)
A52: (должность (при наличии), фамилия, инициалы, реквизиты распорядительного документа, подтверждающего полномочия, с указанием полного и (или) сокращенного наименования, ОГРН, ИНН, адреса юридического лица в пределах его места нахождения, фамилии, имени, отчества (последнее - при наличии), адреса места жительства, ОГРНИП, ИНН индивиуального предпринимателя)
A53: Представитель лица, выполнившего работы, подлежащие освидетельствованию (в случае выполнения работ по договорам о строительстве, реконcтрукции, капитальном ремонте объектов капитального строительства, заключенным с иными лицами)
A54: =CONCATENATE(#REF!,", ",#REF!," - ",#REF!) -> #REF!
A55: (должность (при наличии), фамилия, инициалы, реквизиты распорядительного документа, подтверждающего полномочия,
A57: с указанием полного и (или) сокращенного наименования, ОГРН, ИНН, адреса юридического лица в пределах его места нахождения, фамилии, имени, отчества (последнее - при наличии), адреса места жительства, ОРГНИП, ИНН индивидуального предпринимателя)
A58: произвели осмотр работ, выполненных
A59: ='Данные объект'!B11 -> ООО"Энергосистемы"
A60: (полное и (или) сокращенное наименование или фамилия, имя, отчество (последнее - при наличии) лица, выполнившего работы, подлежащие освидетельствованию)
A61: и составили настоящий акт о нижеследующем:
A62: 1. К освидетельствованию предъявлены следующие работы:
A63: ='АОСР-5.1 (3)'!A87 -> Устройство гидроизоляционного покрытия под 2БРП №171
A64: (наименование скрытых работ)
A65: 2. Работы выполнены по проектной документации
A66: ='Данные объект'!B40 -> 4980-325834-216-09/24
A67: (номер, другие реквизиты чертежа, наименование проектной и/или рабочей документации, сведения о лицах, осуществляющих подготовку раздела проектной и/или рабочей документации)
A68: 3. При выполнении работ применены
A69: Гидростеклоизол - 83,16м2 (покрытие в два слоя) | O69: Сертификат соответствия №04ИДЮ101.RU.C05560
A70: Мастика гидроизоляционная Технониколь №24 - 249,48 кг (в два слоя) | T70: Сертификат соответствия№04УПС1.RU.С02817
A71: (наименования строительных материалов (изделий),
A72: реквизиты сертификатов и (или) других документов, подтверждающих их качество и безопасность, в случае если необходимо указывать более 5 документов, указывается ссылка на их реестр, который является неотъемлемой частью акта)
A73: 4. Предъявлены документы, подтверждающие соответствие работ предъявляемым к ним
A74: требованиям: | G74: Исполнительная схема фундамента под 2БРП №171
G75: (исполнительные схемы и чертежи, результаты экспертиз, обследований, лабораторных
A77: и иных испытаний выполненных работ, проведенных в процессе строительного контроля)
A79: 5. Даты: начала работ | P79: ='Данные объект'!B6 -> 45949
A80: окончания работ | P80: ='Данные объект'!B7 -> 46219
A82: 6. Работы выполнены в соответствии с
A83: Электромонтажные работы выполнены по проектной документации согласно требованиям СП 76.13330.2011. и ПУЭ
A84: (наименования и структурные единицы технических регламентов,
A86: иных нормативных правовых актов, разделы проектной и (или) рабочей документации)
A87: 7. Разрешается производство последующих работ
A88: Монтаж объемных приямков
A89: (наименование работ, строительных конструкций, участков сетей инженерно-технического обеспечения)
A90: Дополнительные сведения
A92: Акт составлен в | J92: экземплярах (в случае заполнения акта на бумажном носителе).
A94: Приложения:
A95: 1. | B95: =G74 -> Исполнительная схема фундамента под 2БРП №171 | Q95: - | R95: 1 лист
A96: 2. | B96: =O69 -> Сертификат соответствия №04ИДЮ101.RU.C05560 | Q96: - | R96: 1 листа
A97: 3. | B97: =T70 -> Сертификат соответствия№04УПС1.RU.С02817 | Q97: - | R97: 4 листа
A98: (исполнительные схемы и чертежи, результаты экспертиз, обследований, лабораторных и иных испытаний)
A100: Представитель застройщика, технического заказчика, лица, ответственного за эксплуатацию
A101: здания, сооружения, или регионального оператора по вопросам строительного контроля
A102: ='Данные объект'!B33 -> Алексанян Г.Р.
A103: (фамилия, инициалы) | AB103: (подпись)
A104: Представитель лица, осуществляющего строительство, реконструкцию, капитальный ремонт
A105: ='Данные объект'!B20 -> Волков М.Ю.
A106: (фамилия, инициалы) | AB106: (подпись)
A107: Представитель лица, осуществляющего строительство, реконструкцию, капитальный ремонт,
A108: по вопросам строительного контроля
A109: ='Данные объект'!B17 -> Русин В.А.
A110: (фамилия, инициалы) | AB110: (подпись)
A111: Представители иных лиц:
A112: ='[4]Данные объект'!$B$36 -> Курчин М.М.
A113: (фамилия, инициалы) | AB113: (подпись)
...

Sheet АОСР-5.1 (10)
AJ1: Приказ Минстроя №344/пр от 16.05.2023
AJ2: приложение №3
A3: Объект капитального строительства
A4: ='Данные объект'!B3 -> Строительство РП-10 кВ, 4КЛ-10 кВ от яч. № 316 3-й с.ш. и № 503 5-й с.ш. ЗРУ-10 кВ до 1-ой и 2-ой с.ш. РУ- 10 кВ сооруж. РП-10кВ, ПС 110/35/10 кВ № 71 "Поварово", в т.ч. ПИР, МО, Солнечногорский р-н, д. Ложки
A5: ='Данные объект'!B9 -> 2БРП №171
A6: (наименование объекта капитального строительства в соответствии с проектной документацией, почтовый или строительный адрес объекта капитального строительства)
A7: Застройщик, технический заказчик, лицо, ответственное за эксплуатацию здания, сооружения, или региональный оператор
A9: ='Данные объект'!B23 -> ПАО "Россети Московский регион"
A10: (фамилия, имя, отчество (последнее - при наличии), адрес места жительства, ОРГНИП, ИНН индивидуального предпринимателя, полное и (или) сокращенное наименование, ОГРН, ИНН, адрес юридического лица в пределах его нахождения, телефон или факс,
A11: ='Данные объект'!B24 -> ОГРН 1057746555811 ИНН 5036065113 КПП 772501001
A12: полное и (или) сокращенное наименование, ОГРН, ИНН саморегулируемой организации, членом которой является указанное юридическое лицо или индивидуальный предприниматель (за исключением случаев, когда членство в саморегулируемых организациях в области, строительства, реконструкции, капитального ремонта объектов капитального строительства не требуется); фамилия, имя, отчество
A13: ='Данные объект'!B25 -> 115114, город Москва, проезд Павелецкий 2-й, дом 3, строение 2
A14: (последнее - при наличии), паспортные данные, адрес места жительства, телефон или факс - для физических лиц, не являющихся индивидуальными предпринимателями)
A15: Лицо, осуществляющее строительство, реконструкцию, капитальный ремонт
A16: ='Данные объект'!B11 -> ООО"Энергосистемы"
A17: (фамилия, имя, отчество (последнее - при наличии), адрес места жительства, ОРГНИП, ИНН индивидуального предпринимателя,
A18: ='Данные объект'!B12 -> ОГРН 1135044003709 ИНН 5044089069 КПП 504401001
A19: полное и (или) сокращенное наименование, ОГРН, ИНН, адрес юридического лица в пределах его местонахождения, телефон или факс,
A20: ='Данные объект'!B13 -> 141508, Московская область, г.о. Солнечногорск, г. Солнечногорск, ул. Промышленная, стр. 5, помещение 179
A21: полное и (или) сокращенное наименование, ОГРН, ИНН саморегулируемой организации, членом которой является указанное юридическое лицо или индивидуальный предприниматель (за исключением случаев, когда членство в саморегулируемых организациях в области строительства, реконструкции, капитального ремонта объектов капитального строительства не требуется)
A22: Лицо, осуществляющее подготовку проектной документации
A23: ='Данные объект'!B36 -> ООО"Энергосистемы"
A24: (фамилия, имя, отчество (последнее - при наличии), адрес места жительства, ОРГНИП, ИНН индивидуального предпринимателя,
A25: ='Данные объект'!B37 -> ОГРН 1135044003709 ИНН 5044089069 КПП 504401001
A26: полное и (или) сокращенное наименование, ОГРН, ИНН, адрес юридического лица в пределах его места нахождения, телефон или факс,
A27: ='Данные объект'!B38 -> 141508, Московская область, г.о. Солнечногорск, г. Солнечногорск, ул. Промышленная, стр. 5, помещение 179
A28: полное и (или) сокращенное наименование, ОГРН, ИНН саморегулируемой организации, членом которой является указанное юридическое лицо или индивидуальный предприниматель (за исключением случаев, когда членство в саморегулируемых организациях в области архитектурно-строительного проектирования не требуется)
A30: АКТ
A31: освидетельствования скрытых работ
B33: № | C33: 12 | E33: /2БРП №171 | AB33: =P79 -> 46219
AB34: (дата составления акта)
A36: Представитель застройщика, технического заказчика, лица, ответственного за эксплуатацию здания, сооружения, или регионального оператора по вопросам строительного контроля
A37: ='Данные объект'!C34 -> Гл. специалист ССК УКС ПАО "Россети Московский регион" Алексанян Г.Р..Приказ №2363 от 29 июля 2025г (НРС С-50-069023)
A38: (должность (при наличии), фамилия, инициалы, идентификационный номер в национальном реестре специалистов в области строительства (за исключением случаев, когда членство в саморегулируемых организациях в области строительства, реконструкции, капитального ремонта обектов капитального строительства не требуется), реквизиты распоряительного документа, подтверждающего полномочия,
A39: ='Данные объект'!C23 -> ПАО "Россети Московский регион" ОГРН 1057746555811 ИНН 5036065113 КПП 772501001,115114, город Москва, проезд Павелецкий 2-й, дом 3, строение 2
A40: с указанием полного и (или) сокращенного наименования, ОГРН, ИНН, адреса юридического лица в пределах его места нахождения (в случае осуществления строительного контроля на основании договора с застройщиком или техническим заказчиком), фамилии, имени, отчества (последнее - при наличии), адреса места жительства, ОГРНИП, ИНН индивиуального предпринимателя (в случае осуществления строительного контроля на основании договора с застройщиком или техническим заказчиком)
A41: Представитель лица, осуществляющего строительство, реконструкцию, капитальный ремонт
A42: ='Данные объект'!C21 -> Прораб ООО"Энергосистемы" Волков М.Ю..Приказ №05-ОТ/24 от 09 января 2024г
A43: (должность (при наличии), фамилия, инициалы, реквизиты распорядительного документа, подтверждающего полномочия)
A44: Представитель лица, осуществляющего строительство, реконструкцию, капитальный ремонт, по вопросам строительного контроля
A45: ='Данные объект'!C18 -> Инженер по строительному контролю ООО"Энергосистемы" Русин В.А..Приказ № 13-ОТ/25 от 05 мая 2025 (НОСТРОЙ С-50-085497)
A46: (должность (при наличии), фамилия, инициалы, идентификационный номер в национальном реестре специалистов в области строительства (за исключением случаев, когда членство в саморегулируемых организациях в области строительства, реконструкции, капитального ремонта обектов капитального строительства не требуется), реквизиты распоряительного документа, подтверждающего полномочия)
A47: А также иные представители лиц, участвующих в освидетельствовании:
A48: ='[4]Данные объект'!$C$36 -> Мастер СРЭС СЭС филиала ПАО "Россети Московский регион" Курчин М.М.
A49: (должность (при наличии), фамилия, инициалы, реквизиты распорядительного документа, подтверждающего полномочия)
A50: Представитель лица, осуществляющего подготовку проектной документации (в случае привлечения застройщиком лица, осуществляющего подготовку проектной документации, для проверки соответствия выполняемых работ проектной документации согласно части 2 статьи 53 Градостроительного кодекса Российской Федерации)
A52: (должность (при наличии), фамилия, инициалы, реквизиты распорядительного документа, подтверждающего полномочия, с указанием полного и (или) сокращенного наименования, ОГРН, ИНН, адреса юридического лица в пределах его места нахождения, фамилии, имени, отчества (последнее - при наличии), адреса места жительства, ОГРНИП, ИНН индивиуального предпринимателя)
A53: Представитель лица, выполнившего работы, подлежащие освидетельствованию (в случае выполнения работ по договорам о строительстве, реконcтрукции, капитальном ремонте объектов капитального строительства, заключенным с иными лицами)
A54: =CONCATENATE(#REF!,", ",#REF!," - ",#REF!) -> #REF!
A55: (должность (при наличии), фамилия, инициалы, реквизиты распорядительного документа, подтверждающего полномочия,
A57: с указанием полного и (или) сокращенного наименования, ОГРН, ИНН, адреса юридического лица в пределах его места нахождения, фамилии, имени, отчества (последнее - при наличии), адреса места жительства, ОРГНИП, ИНН индивидуального предпринимателя)
A58: произвели осмотр работ, выполненных
A59: ='Данные объект'!B11 -> ООО"Энергосистемы"
A60: (полное и (или) сокращенное наименование или фамилия, имя, отчество (последнее - при наличии) лица, выполнившего работы, подлежащие освидетельствованию)
A61: и составили настоящий акт о нижеследующем:
A62: 1. К освидетельствованию предъявлены следующие работы:
A63: ='АОСР-5.1 (6)'!A87:AJ87 -> Устройство гидроизоляционного покрытия под 2БРП №171
A64: (наименование скрытых работ)
A65: 2. Работы выполнены по проектной документации
A66: ='Данные объект'!B40 -> 4980-325834-216-09/24
A67: (номер, другие реквизиты чертежа, наименование проектной и/или рабочей документации, сведения о лицах, осуществляющих подготовку раздела проектной и/или рабочей документации)
A68: 3. При выполнении работ применены
A69: Песок - 18,25м3 | G69: Паспорт б/н
P70: (наименования строительных материалов (изделий),
A71: реквизиты сертификатов и (или) других документов, подтверждающих их качество и безопасность, в случае если необходимо указывать более 5 документов, указывается ссылка на их реестр, который является неотъемлемой частью акта)
A72: 4. Предъявлены документы, подтверждающие соответствие работ предъявляемым к ним
A73: требованиям: | G73: Исполнительная схема фундамента под 2БРП №171
G74: (исполнительные схемы и чертежи, результаты экспертиз, обследований, лабораторных
A76: и иных испытаний выполненных работ, проведенных в процессе строительного контроля)
A78: 5. Даты: начала работ | P78: ='Данные объект'!B6 -> 45949
A79: окончания работ | P79: ='Данные объект'!B7 -> 46219
A81: 6. Работы выполнены в соответствии с
A82: Электромонтажные работы выполнены по проектной документации согласно требованиям СП 76.13330.2011. и ПУЭ
A83: (наименования и структурные единицы технических регламентов,
A85: иных нормативных правовых актов, разделы проектной и (или) рабочей документации)
A86: 7. Разрешается производство последующих работ
A87: Монтаж модулей 2БРП №171
A88: (наименование работ, строительных конструкций, участков сетей инженерно-технического обеспечения)
A89: Дополнительные сведения
A91: Акт составлен в | J91: экземплярах (в случае заполнения акта на бумажном носителе).
A93: Приложения:
A94: 1. | B94: =G73 -> Исполнительная схема фундамента под 2БРП №171 | Q94: - | R94: 1 лист
A95: 2. | B95: Паспорт б/н | Q95: - | R95: 1 лист
A96: 3.
A97: (исполнительные схемы и чертежи, результаты экспертиз, обследований, лабораторных и иных испытаний)
A99: Представитель застройщика, технического заказчика, лица, ответственного за эксплуатацию
A100: здания, сооружения, или регионального оператора по вопросам строительного контроля
A101: ='Данные объект'!B33 -> Алексанян Г.Р.
A102: (фамилия, инициалы) | AB102: (подпись)
A103: Представитель лица, осуществляющего строительство, реконструкцию, капитальный ремонт
A104: ='Данные объект'!B20 -> Волков М.Ю.
A105: (фамилия, инициалы) | AB105: (подпись)
A106: Представитель лица, осуществляющего строительство, реконструкцию, капитальный ремонт,
A107: по вопросам строительного контроля
A108: ='Данные объект'!B17 -> Русин В.А.
A109: (фамилия, инициалы) | AB109: (подпись)
A110: Представители иных лиц:
A111: ='[4]Данные объект'!$B$36 -> Курчин М.М.
A112: (фамилия, инициалы) | AB112: (подпись)
A113: Представитель лица, осуществляющего подготовку проектной документации (в случае привлечения застройщиком лица, осуществляющего подготовку проектной документации, для проверки соответствия выполняемых работ проектной документации согласно части 2 статьи 53 Градостроительного кодекса Российской Федерации)
...

Sheet АОСР-5.1 (7)
AJ1: Приказ Минстроя №344/пр от 16.05.2023
AJ2: приложение №3
A3: Объект капитального строительства
A4: ='Данные объект'!B3 -> Строительство РП-10 кВ, 4КЛ-10 кВ от яч. № 316 3-й с.ш. и № 503 5-й с.ш. ЗРУ-10 кВ до 1-ой и 2-ой с.ш. РУ- 10 кВ сооруж. РП-10кВ, ПС 110/35/10 кВ № 71 "Поварово", в т.ч. ПИР, МО, Солнечногорский р-н, д. Ложки
A5: ='Данные объект'!B9 -> 2БРП №171
A6: (наименование объекта капитального строительства в соответствии с проектной документацией, почтовый или строительный адрес объекта капитального строительства)
A7: Застройщик, технический заказчик, лицо, ответственное за эксплуатацию здания, сооружения, или региональный оператор
A9: ='Данные объект'!B23 -> ПАО "Россети Московский регион"
A10: (фамилия, имя, отчество (последнее - при наличии), адрес места жительства, ОРГНИП, ИНН индивидуального предпринимателя, полное и (или) сокращенное наименование, ОГРН, ИНН, адрес юридического лица в пределах его нахождения, телефон или факс,
A11: ='Данные объект'!B24 -> ОГРН 1057746555811 ИНН 5036065113 КПП 772501001
A12: полное и (или) сокращенное наименование, ОГРН, ИНН саморегулируемой организации, членом которой является указанное юридическое лицо или индивидуальный предприниматель (за исключением случаев, когда членство в саморегулируемых организациях в области, строительства, реконструкции, капитального ремонта объектов капитального строительства не требуется); фамилия, имя, отчество
A13: ='Данные объект'!B25 -> 115114, город Москва, проезд Павелецкий 2-й, дом 3, строение 2
A14: (последнее - при наличии), паспортные данные, адрес места жительства, телефон или факс - для физических лиц, не являющихся индивидуальными предпринимателями)
A15: Лицо, осуществляющее строительство, реконструкцию, капитальный ремонт
A16: ='Данные объект'!B11 -> ООО"Энергосистемы"
A17: (фамилия, имя, отчество (последнее - при наличии), адрес места жительства, ОРГНИП, ИНН индивидуального предпринимателя,
A18: ='Данные объект'!B12 -> ОГРН 1135044003709 ИНН 5044089069 КПП 504401001
A19: полное и (или) сокращенное наименование, ОГРН, ИНН, адрес юридического лица в пределах его местонахождения, телефон или факс,
A20: ='Данные объект'!B13 -> 141508, Московская область, г.о. Солнечногорск, г. Солнечногорск, ул. Промышленная, стр. 5, помещение 179
A21: полное и (или) сокращенное наименование, ОГРН, ИНН саморегулируемой организации, членом которой является указанное юридическое лицо или индивидуальный предприниматель (за исключением случаев, когда членство в саморегулируемых организациях в области строительства, реконструкции, капитального ремонта объектов капитального строительства не требуется)
A22: Лицо, осуществляющее подготовку проектной документации
A23: ='Данные объект'!B36 -> ООО"Энергосистемы"
A24: (фамилия, имя, отчество (последнее - при наличии), адрес места жительства, ОРГНИП, ИНН индивидуального предпринимателя,
A25: ='Данные объект'!B37 -> ОГРН 1135044003709 ИНН 5044089069 КПП 504401001
A26: полное и (или) сокращенное наименование, ОГРН, ИНН, адрес юридического лица в пределах его места нахождения, телефон или факс,
A27: ='Данные объект'!B38 -> 141508, Московская область, г.о. Солнечногорск, г. Солнечногорск, ул. Промышленная, стр. 5, помещение 179
A28: полное и (или) сокращенное наименование, ОГРН, ИНН саморегулируемой организации, членом которой является указанное юридическое лицо или индивидуальный предприниматель (за исключением случаев, когда членство в саморегулируемых организациях в области архитектурно-строительного проектирования не требуется)
A30: АКТ
A31: освидетельствования скрытых работ
B33: № | C33: 13 | E33: /2БРП №171 | AB33: =P78 -> 46219
AB34: (дата составления акта)
A36: Представитель застройщика, технического заказчика, лица, ответственного за эксплуатацию здания, сооружения, или регионального оператора по вопросам строительного контроля
A37: ='Данные объект'!C34 -> Гл. специалист ССК УКС ПАО "Россети Московский регион" Алексанян Г.Р..Приказ №2363 от 29 июля 2025г (НРС С-50-069023)
A38: (должность (при наличии), фамилия, инициалы, идентификационный номер в национальном реестре специалистов в области строительства (за исключением случаев, когда членство в саморегулируемых организациях в области строительства, реконструкции, капитального ремонта обектов капитального строительства не требуется), реквизиты распоряительного документа, подтверждающего полномочия,
A39: ='Данные объект'!C23 -> ПАО "Россети Московский регион" ОГРН 1057746555811 ИНН 5036065113 КПП 772501001,115114, город Москва, проезд Павелецкий 2-й, дом 3, строение 2
A40: с указанием полного и (или) сокращенного наименования, ОГРН, ИНН, адреса юридического лица в пределах его места нахождения (в случае осуществления строительного контроля на основании договора с застройщиком или техническим заказчиком), фамилии, имени, отчества (последнее - при наличии), адреса места жительства, ОГРНИП, ИНН индивиуального предпринимателя (в случае осуществления строительного контроля на основании договора с застройщиком или техническим заказчиком)
A41: Представитель лица, осуществляющего строительство, реконструкцию, капитальный ремонт
A42: ='Данные объект'!C21 -> Прораб ООО"Энергосистемы" Волков М.Ю..Приказ №05-ОТ/24 от 09 января 2024г
A43: (должность (при наличии), фамилия, инициалы, реквизиты распорядительного документа, подтверждающего полномочия)
A44: Представитель лица, осуществляющего строительство, реконструкцию, капитальный ремонт, по вопросам строительного контроля
A45: ='Данные объект'!C18 -> Инженер по строительному контролю ООО"Энергосистемы" Русин В.А..Приказ № 13-ОТ/25 от 05 мая 2025 (НОСТРОЙ С-50-085497)
A46: (должность (при наличии), фамилия, инициалы, идентификационный номер в национальном реестре специалистов в области строительства (за исключением случаев, когда членство в саморегулируемых организациях в области строительства, реконструкции, капитального ремонта обектов капитального строительства не требуется), реквизиты распоряительного документа, подтверждающего полномочия)
A47: А также иные представители лиц, участвующих в освидетельствовании:
A48: ='[4]Данные объект'!$C$36 -> Мастер СРЭС СЭС филиала ПАО "Россети Московский регион" Курчин М.М.
A49: (должность (при наличии), фамилия, инициалы, реквизиты распорядительного документа, подтверждающего полномочия)
A50: Представитель лица, осуществляющего подготовку проектной документации (в случае привлечения застройщиком лица, осуществляющего подготовку проектной документации, для проверки соответствия выполняемых работ проектной документации согласно части 2 статьи 53 Градостроительного кодекса Российской Федерации)
A52: (должность (при наличии), фамилия, инициалы, реквизиты распорядительного документа, подтверждающего полномочия, с указанием полного и (или) сокращенного наименования, ОГРН, ИНН, адреса юридического лица в пределах его места нахождения, фамилии, имени, отчества (последнее - при наличии), адреса места жительства, ОГРНИП, ИНН индивиуального предпринимателя)
A53: Представитель лица, выполнившего работы, подлежащие освидетельствованию (в случае выполнения работ по договорам о строительстве, реконcтрукции, капитальном ремонте объектов капитального строительства, заключенным с иными лицами)
A54: =CONCATENATE(#REF!,", ",#REF!," - ",#REF!) -> #REF!
A55: (должность (при наличии), фамилия, инициалы, реквизиты распорядительного документа, подтверждающего полномочия,
A57: с указанием полного и (или) сокращенного наименования, ОГРН, ИНН, адреса юридического лица в пределах его места нахождения, фамилии, имени, отчества (последнее - при наличии), адреса места жительства, ОРГНИП, ИНН индивидуального предпринимателя)
A58: произвели осмотр работ, выполненных
A59: ='Данные объект'!B11 -> ООО"Энергосистемы"
A60: (полное и (или) сокращенное наименование или фамилия, имя, отчество (последнее - при наличии) лица, выполнившего работы, подлежащие освидетельствованию)
A61: и составили настоящий акт о нижеследующем:
A62: 1. К освидетельствованию предъявлены следующие работы:
A63: ='АОСР-5.1 (10)'!A87:AJ87 -> Монтаж модулей 2БРП №171
A64: (наименование скрытых работ)
A65: 2. Работы выполнены по проектной документации
A66: ='Данные объект'!B40 -> 4980-325834-216-09/24
A67: (номер, другие реквизиты чертежа, наименование проектной и/или рабочей документации, сведения о лицах, осуществляющих подготовку раздела проектной и/или рабочей документации)
A68: 3. При выполнении работ применены
P69: (наименования строительных материалов (изделий),
A70: реквизиты сертификатов и (или) других документов, подтверждающих их качество и безопасность, в случае если необходимо указывать более 5 документов, указывается ссылка на их реестр, который является неотъемлемой частью акта)
A71: 4. Предъявлены документы, подтверждающие соответствие работ предъявляемым к ним
A72: требованиям: | G72: Исполнительная схема фундамента под 2БРП №171
G73: (исполнительные схемы и чертежи, результаты экспертиз, обследований, лабораторных
A75: и иных испытаний выполненных работ, проведенных в процессе строительного контроля)
A77: 5. Даты: начала работ | P77: ='Данные объект'!B6 -> 45949
A78: окончания работ | P78: ='Данные объект'!B7 -> 46219
A80: 6. Работы выполнены в соответствии с
A81: Электромонтажные работы выполнены по проектной документации согласно требованиям СП 76.13330.2011. и ПУЭ
A82: (наименования и структурные единицы технических регламентов,
A84: иных нормативных правовых актов, разделы проектной и (или) рабочей документации)
A85: 7. Разрешается производство последующих работ
A86: Заземление внешнего контура 2БРП №171
A87: (наименование работ, строительных конструкций, участков сетей инженерно-технического обеспечения)
A88: Дополнительные сведения
A90: Акт составлен в | J90: экземплярах (в случае заполнения акта на бумажном носителе).
A92: Приложения:
A93: 1. | B93: Паспорт на БРП № 20571225 | Q93: - | R93: 1 лист
A94: 1. | B94: =G72 -> Исполнительная схема фундамента под 2БРП №171 | Q94: - | R94: 1 лист
A95: (исполнительные схемы и чертежи, результаты экспертиз, обследований, лабораторных и иных испытаний)
A97: Представитель застройщика, технического заказчика, лица, ответственного за эксплуатацию
A98: здания, сооружения, или регионального оператора по вопросам строительного контроля
A99: ='Данные объект'!B33 -> Алексанян Г.Р.
A100: (фамилия, инициалы) | AB100: (подпись)
A101: Представитель лица, осуществляющего строительство, реконструкцию, капитальный ремонт
A102: ='Данные объект'!B20 -> Волков М.Ю.
A103: (фамилия, инициалы) | AB103: (подпись)
A104: Представитель лица, осуществляющего строительство, реконструкцию, капитальный ремонт,
A105: по вопросам строительного контроля
A106: ='Данные объект'!B17 -> Русин В.А.
A107: (фамилия, инициалы) | AB107: (подпись)
A108: Представители иных лиц:
A109: ='[4]Данные объект'!$B$36 -> Курчин М.М.
A110: (фамилия, инициалы) | AB110: (подпись)
